analysis_group,state,fia_species_code,scientific_name,period,cell_id,effort_count,focal_count
PA|261|Tsuga canadensis,PA,261,Tsuga canadensis,early,79_-151,81,0
PA|261|Tsuga canadensis,PA,261,Tsuga canadensis,early,79_-152,74,1
PA|261|Tsuga canadensis,PA,261,Tsuga canadensis,early,79_-153,73,2
PA|261|Tsuga canadensis,PA,261,Tsuga canadensis,early,79_-154,32,0
PA|261|Tsuga canadensis,PA,261,Tsuga canadensis,early,79_-155,47,3
PA|261|Tsuga canadensis,PA,261,Tsuga canadensis,early,79_-156,11,1
PA|261|Tsuga canadensis,PA,261,Tsuga canadensis,early,79_-157,17,0
PA|261|Tsuga canadensis,PA,261,Tsuga canadensis,early,79_-158,6,0
PA|261|Tsuga canadensis,PA,261,Tsuga canadensis,early,79_-159,80,14
PA|261|Tsuga canadensis,PA,261,Tsuga canadensis,early,79_-160,62,9
PA|261|Tsuga canadensis,PA,261,Tsuga canadensis,early,79_-161,20,0
PA|261|Tsuga canadensis,PA,261,Tsuga canadensis,early,80_-150,39,2
PA|261|Tsuga canadensis,PA,261,Tsuga canadensis,early,80_-151,273,11
PA|261|Tsuga canadensis,PA,261,Tsuga canadensis,early,80_-152,70,0
PA|261|Tsuga canadensis,PA,261,Tsuga canadensis,early,80_-153,18,0
PA|261|Tsuga canadensis,PA,261,Tsuga canadensis,early,80_-154,94,1
PA|261|Tsuga canadensis,PA,261,Tsuga canadensis,early,80_-155,64,4
PA|261|Tsuga canadensis,PA,261,Tsuga canadensis,early,80_-156,17,1
PA|261|Tsuga canadensis,PA,261,Tsuga canadensis,early,80_-157,122,6
PA|261|Tsuga canadensis,PA,261,Tsuga canadensis,early,80_-158,28,2
PA|261|Tsuga canadensis,PA,261,Tsuga canadensis,early,80_-159,41,5
PA|261|Tsuga canadensis,PA,261,Tsuga canadensis,early,80_-160,328,12
PA|261|Tsuga canadensis,PA,261,Tsuga canadensis,early,80_-161,134,4
PA|261|Tsuga canadensis,PA,261,Tsuga canadensis,early,81_-151,22,3
PA|261|Tsuga canadensis,PA,261,Tsuga canadensis,early,81_-152,43,4
PA|261|Tsuga canadensis,PA,261,Tsuga canadensis,early,81_-153,22,0
PA|261|Tsuga canadensis,PA,261,Tsuga canadensis,early,81_-154,18,2
PA|261|Tsuga canadensis,PA,261,Tsuga canadensis,early,81_-155,9,2
PA|261|Tsuga canadensis,PA,261,Tsuga canadensis,early,81_-156,92,5
PA|261|Tsuga canadensis,PA,261,Tsuga canadensis,early,81_-157,56,4
PA|261|Tsuga canadensis,PA,261,Tsuga canadensis,early,81_-158,1,1
PA|261|Tsuga canadensis,PA,261,Tsuga canadensis,early,81_-159,11,1
PA|261|Tsuga canadensis,PA,261,Tsuga canadensis,early,81_-160,207,15
PA|261|Tsuga canadensis,PA,261,Tsuga canadensis,early,81_-161,122,15
PA|261|Tsuga canadensis,PA,261,Tsuga canadensis,early,81_-162,1,0
PA|261|Tsuga canadensis,PA,261,Tsuga canadensis,early,82_-150,20,3
PA|261|Tsuga canadensis,PA,261,Tsuga canadensis,early,82_-151,51,4
PA|261|Tsuga canadensis,PA,261,Tsuga canadensis,early,82_-152,87,5
PA|261|Tsuga canadensis,PA,261,Tsuga canadensis,early,82_-153,23,2
PA|261|Tsuga canadensis,PA,261,Tsuga canadensis,early,82_-154,22,3
PA|261|Tsuga canadensis,PA,261,Tsuga canadensis,early,82_-155,13,2
PA|261|Tsuga canadensis,PA,261,Tsuga canadensis,early,82_-156,12,0
PA|261|Tsuga canadensis,PA,261,Tsuga canadensis,early,82_-158,12,1
PA|261|Tsuga canadensis,PA,261,Tsuga canadensis,early,82_-159,12,4
PA|261|Tsuga canadensis,PA,261,Tsuga canadensis,early,82_-160,21,2
PA|261|Tsuga canadensis,PA,261,Tsuga canadensis,early,82_-161,18,2
PA|261|Tsuga canadensis,PA,261,Tsuga canadensis,early,82_-162,1,0
PA|261|Tsuga canadensis,PA,261,Tsuga canadensis,early,83_-151,20,2
PA|261|Tsuga canadensis,PA,261,Tsuga canadensis,early,83_-152,12,1
PA|261|Tsuga canadensis,PA,261,Tsuga canadensis,early,83_-153,1,0
PA|261|Tsuga canadensis,PA,261,Tsuga canadensis,early,83_-154,11,1
PA|261|Tsuga canadensis,PA,261,Tsuga canadensis,early,83_-156,2,0
PA|261|Tsuga canadensis,PA,261,Tsuga canadensis,early,83_-157,5,1
PA|261|Tsuga canadensis,PA,261,Tsuga canadensis,early,83_-158,14,2
PA|261|Tsuga canadensis,PA,261,Tsuga canadensis,early,83_-159,25,3
PA|261|Tsuga canadensis,PA,261,Tsuga canadensis,early,83_-160,12,3
PA|261|Tsuga canadensis,PA,261,Tsuga canadensis,early,83_-161,36,1
PA|261|Tsuga canadensis,PA,261,Tsuga canadensis,early,83_-162,2,0
PA|261|Tsuga canadensis,PA,261,Tsuga canadensis,early,84_-160,15,3
PA|261|Tsuga canadensis,PA,261,Tsuga canadensis,early,84_-161,57,2
PA|261|Tsuga canadensis,PA,261,Tsuga canadensis,late,79_-151,2225,37
PA|261|Tsuga canadensis,PA,261,Tsuga canadensis,late,79_-152,1137,25
PA|261|Tsuga canadensis,PA,261,Tsuga canadensis,late,79_-153,557,26
PA|261|Tsuga canadensis,PA,261,Tsuga canadensis,late,79_-154,363,10
PA|261|Tsuga canadensis,PA,261,Tsuga canadensis,late,79_-155,518,25
PA|261|Tsuga canadensis,PA,261,Tsuga canadensis,late,79_-156,124,5
PA|261|Tsuga canadensis,PA,261,Tsuga canadensis,late,79_-157,63,4
PA|261|Tsuga canadensis,PA,261,Tsuga canadensis,late,79_-158,89,9
PA|261|Tsuga canadensis,PA,261,Tsuga canadensis,late,79_-159,541,62
PA|261|Tsuga canadensis,PA,261,Tsuga canadensis,late,79_-160,293,18
PA|261|Tsuga canadensis,PA,261,Tsuga canadensis,late,79_-161,204,7
PA|261|Tsuga canadensis,PA,261,Tsuga canadensis,late,80_-150,847,15
PA|261|Tsuga canadensis,PA,261,Tsuga canadensis,late,80_-151,6828,202
PA|261|Tsuga canadensis,PA,261,Tsuga canadensis,late,80_-152,2046,56
PA|261|Tsuga canadensis,PA,261,Tsuga canadensis,late,80_-153,742,15
PA|261|Tsuga canadensis,PA,261,Tsuga canadensis,late,80_-154,1517,44
PA|261|Tsuga canadensis,PA,261,Tsuga canadensis,late,80_-155,1315,46
PA|261|Tsuga canadensis,PA,261,Tsuga canadensis,late,80_-156,199,12
PA|261|Tsuga canadensis,PA,261,Tsuga canadensis,late,80_-157,331,15
PA|261|Tsuga canadensis,PA,261,Tsuga canadensis,late,80_-158,338,38
PA|261|Tsuga canadensis,PA,261,Tsuga canadensis,late,80_-159,932,61
PA|261|Tsuga canadensis,PA,261,Tsuga canadensis,late,80_-160,2379,104
PA|261|Tsuga canadensis,PA,261,Tsuga canadensis,late,80_-161,1703,64
PA|261|Tsuga canadensis,PA,261,Tsuga canadensis,late,80_-162,2,0
PA|261|Tsuga canadensis,PA,261,Tsuga canadensis,late,81_-151,1217,51
PA|261|Tsuga canadensis,PA,261,Tsuga canadensis,late,81_-152,859,72
PA|261|Tsuga canadensis,PA,261,Tsuga canadensis,late,81_-153,401,28
PA|261|Tsuga canadensis,PA,261,Tsuga canadensis,late,81_-154,535,25
PA|261|Tsuga canadensis,PA,261,Tsuga canadensis,late,81_-155,282,34
PA|261|Tsuga canadensis,PA,261,Tsuga canadensis,late,81_-156,1208,88
PA|261|Tsuga canadensis,PA,261,Tsuga canadensis,late,81_-157,347,33
PA|261|Tsuga canadensis,PA,261,Tsuga canadensis,late,81_-158,127,25
PA|261|Tsuga canadensis,PA,261,Tsuga canadensis,late,81_-159,399,38
PA|261|Tsuga canadensis,PA,261,Tsuga canadensis,late,81_-160,1242,98
PA|261|Tsuga canadensis,PA,261,Tsuga canadensis,late,81_-161,1410,147
PA|261|Tsuga canadensis,PA,261,Tsuga canadensis,late,81_-162,7,0
PA|261|Tsuga canadensis,PA,261,Tsuga canadensis,late,82_-150,206,43
PA|261|Tsuga canadensis,PA,261,Tsuga canadensis,late,82_-151,1161,146
PA|261|Tsuga canadensis,PA,261,Tsuga canadensis,late,82_-152,1099,131
PA|261|Tsuga canadensis,PA,261,Tsuga canadensis,late,82_-153,408,52
PA|261|Tsuga canadensis,PA,261,Tsuga canadensis,late,82_-154,237,22
PA|261|Tsuga canadensis,PA,261,Tsuga canadensis,late,82_-155,150,23
PA|261|Tsuga canadensis,PA,261,Tsuga canadensis,late,82_-156,142,11
PA|261|Tsuga canadensis,PA,261,Tsuga canadensis,late,82_-157,182,12
PA|261|Tsuga canadensis,PA,261,Tsuga canadensis,late,82_-158,517,67
PA|261|Tsuga canadensis,PA,261,Tsuga canadensis,late,82_-159,553,68
PA|261|Tsuga canadensis,PA,261,Tsuga canadensis,late,82_-160,161,13
PA|261|Tsuga canadensis,PA,261,Tsuga canadensis,late,82_-161,522,39
PA|261|Tsuga canadensis,PA,261,Tsuga canadensis,late,82_-162,9,2
PA|261|Tsuga canadensis,PA,261,Tsuga canadensis,late,83_-151,106,8
PA|261|Tsuga canadensis,PA,261,Tsuga canadensis,late,83_-152,276,22
PA|261|Tsuga canadensis,PA,261,Tsuga canadensis,late,83_-153,60,3
PA|261|Tsuga canadensis,PA,261,Tsuga canadensis,late,83_-154,78,15
PA|261|Tsuga canadensis,PA,261,Tsuga canadensis,late,83_-155,119,22
PA|261|Tsuga canadensis,PA,261,Tsuga canadensis,late,83_-156,152,21
PA|261|Tsuga canadensis,PA,261,Tsuga canadensis,late,83_-157,39,5
PA|261|Tsuga canadensis,PA,261,Tsuga canadensis,late,83_-158,246,36
PA|261|Tsuga canadensis,PA,261,Tsuga canadensis,late,83_-159,204,29
PA|261|Tsuga canadensis,PA,261,Tsuga canadensis,late,83_-160,138,23
PA|261|Tsuga canadensis,PA,261,Tsuga canadensis,late,83_-161,595,71
PA|261|Tsuga canadensis,PA,261,Tsuga canadensis,late,83_-162,10,0
PA|261|Tsuga canadensis,PA,261,Tsuga canadensis,late,84_-160,335,47
PA|261|Tsuga canadensis,PA,261,Tsuga canadensis,late,84_-161,926,89
PA|316|Acer rubrum,PA,316,Acer rubrum,early,79_-151,81,9
PA|316|Acer rubrum,PA,316,Acer rubrum,early,79_-152,74,5
PA|316|Acer rubrum,PA,316,Acer rubrum,early,79_-153,73,6
PA|316|Acer rubrum,PA,316,Acer rubrum,early,79_-154,32,3
PA|316|Acer rubrum,PA,316,Acer rubrum,early,79_-155,47,4
PA|316|Acer rubrum,PA,316,Acer rubrum,early,79_-156,11,1
PA|316|Acer rubrum,PA,316,Acer rubrum,early,79_-157,17,0
PA|316|Acer rubrum,PA,316,Acer rubrum,early,79_-158,6,0
PA|316|Acer rubrum,PA,316,Acer rubrum,early,79_-159,80,4
PA|316|Acer rubrum,PA,316,Acer rubrum,early,79_-160,62,3
PA|316|Acer rubrum,PA,316,Acer rubrum,early,79_-161,20,0
PA|316|Acer rubrum,PA,316,Acer rubrum,early,80_-150,39,2
PA|316|Acer rubrum,PA,316,Acer rubrum,early,80_-151,273,9
PA|316|Acer rubrum,PA,316,Acer rubrum,early,80_-152,70,5
PA|316|Acer rubrum,PA,316,Acer rubrum,early,80_-153,18,2
PA|316|Acer rubrum,PA,316,Acer rubrum,early,80_-154,94,8
PA|316|Acer rubrum,PA,316,Acer rubrum,early,80_-155,64,5
PA|316|Acer rubrum,PA,316,Acer rubrum,early,80_-156,17,1
PA|316|Acer rubrum,PA,316,Acer rubrum,early,80_-157,122,6
PA|316|Acer rubrum,PA,316,Acer rubrum,early,80_-158,28,2
PA|316|Acer rubrum,PA,316,Acer rubrum,early,80_-159,41,1
PA|316|Acer rubrum,PA,316,Acer rubrum,early,80_-160,328,7
PA|316|Acer rubrum,PA,316,Acer rubrum,early,80_-161,134,3
PA|316|Acer rubrum,PA,316,Acer rubrum,early,81_-151,22,1
PA|316|Acer rubrum,PA,316,Acer rubrum,early,81_-152,43,5
PA|316|Acer rubrum,PA,316,Acer rubrum,early,81_-153,22,5
PA|316|Acer rubrum,PA,316,Acer rubrum,early,81_-154,18,2
PA|316|Acer rubrum,PA,316,Acer rubrum,early,81_-155,9,1
PA|316|Acer rubrum,PA,316,Acer rubrum,early,81_-156,92,8
PA|316|Acer rubrum,PA,316,Acer rubrum,early,81_-157,56,4
PA|316|Acer rubrum,PA,316,Acer rubrum,early,81_-158,1,0
PA|316|Acer rubrum,PA,316,Acer rubrum,early,81_-159,11,1
PA|316|Acer rubrum,PA,316,Acer rubrum,early,81_-160,207,12
PA|316|Acer rubrum,PA,316,Acer rubrum,early,81_-161,122,4
PA|316|Acer rubrum,PA,316,Acer rubrum,early,81_-162,1,0
PA|316|Acer rubrum,PA,316,Acer rubrum,early,82_-150,20,0
PA|316|Acer rubrum,PA,316,Acer rubrum,early,82_-151,51,7
PA|316|Acer rubrum,PA,316,Acer rubrum,early,82_-152,87,4
PA|316|Acer rubrum,PA,316,Acer rubrum,early,82_-153,23,1
PA|316|Acer rubrum,PA,316,Acer rubrum,early,82_-154,22,0
PA|316|Acer rubrum,PA,316,Acer rubrum,early,82_-155,13,1
PA|316|Acer rubrum,PA,316,Acer rubrum,early,82_-156,12,2
PA|316|Acer rubrum,PA,316,Acer rubrum,early,82_-158,12,0
PA|316|Acer rubrum,PA,316,Acer rubrum,early,82_-159,12,1
PA|316|Acer rubrum,PA,316,Acer rubrum,early,82_-160,21,2
PA|316|Acer rubrum,PA,316,Acer rubrum,early,82_-161,18,0
PA|316|Acer rubrum,PA,316,Acer rubrum,early,82_-162,1,0
PA|316|Acer rubrum,PA,316,Acer rubrum,early,83_-151,20,1
PA|316|Acer rubrum,PA,316,Acer rubrum,early,83_-152,12,1
PA|316|Acer rubrum,PA,316,Acer rubrum,early,83_-153,1,0
PA|316|Acer rubrum,PA,316,Acer rubrum,early,83_-154,11,0
PA|316|Acer rubrum,PA,316,Acer rubrum,early,83_-156,2,0
PA|316|Acer rubrum,PA,316,Acer rubrum,early,83_-157,5,0
PA|316|Acer rubrum,PA,316,Acer rubrum,early,83_-158,14,1
PA|316|Acer rubrum,PA,316,Acer rubrum,early,83_-159,25,2
PA|316|Acer rubrum,PA,316,Acer rubrum,early,83_-160,12,0
PA|316|Acer rubrum,PA,316,Acer rubrum,early,83_-161,36,2
PA|316|Acer rubrum,PA,316,Acer rubrum,early,83_-162,2,0
PA|316|Acer rubrum,PA,316,Acer rubrum,early,84_-160,15,0
PA|316|Acer rubrum,PA,316,Acer rubrum,early,84_-161,57,3
PA|316|Acer rubrum,PA,316,Acer rubrum,late,79_-151,2225,108
PA|316|Acer rubrum,PA,316,Acer rubrum,late,79_-152,1137,61
PA|316|Acer rubrum,PA,316,Acer rubrum,late,79_-153,557,27
PA|316|Acer rubrum,PA,316,Acer rubrum,late,79_-154,363,15
PA|316|Acer rubrum,PA,316,Acer rubrum,late,79_-155,518,24
PA|316|Acer rubrum,PA,316,Acer rubrum,late,79_-156,124,3
PA|316|Acer rubrum,PA,316,Acer rubrum,late,79_-157,63,2
PA|316|Acer rubrum,PA,316,Acer rubrum,late,79_-158,89,2
PA|316|Acer rubrum,PA,316,Acer rubrum,late,79_-159,541,18
PA|316|Acer rubrum,PA,316,Acer rubrum,late,79_-160,293,13
PA|316|Acer rubrum,PA,316,Acer rubrum,late,79_-161,204,1
PA|316|Acer rubrum,PA,316,Acer rubrum,late,80_-150,847,30
PA|316|Acer rubrum,PA,316,Acer rubrum,late,80_-151,6828,271
PA|316|Acer rubrum,PA,316,Acer rubrum,late,80_-152,2046,77
PA|316|Acer rubrum,PA,316,Acer rubrum,late,80_-153,742,26
PA|316|Acer rubrum,PA,316,Acer rubrum,late,80_-154,1517,58
PA|316|Acer rubrum,PA,316,Acer rubrum,late,80_-155,1315,44
PA|316|Acer rubrum,PA,316,Acer rubrum,late,80_-156,199,3
PA|316|Acer rubrum,PA,316,Acer rubrum,late,80_-157,331,7
PA|316|Acer rubrum,PA,316,Acer rubrum,late,80_-158,338,11
PA|316|Acer rubrum,PA,316,Acer rubrum,late,80_-159,932,16
PA|316|Acer rubrum,PA,316,Acer rubrum,late,80_-160,2379,66
PA|316|Acer rubrum,PA,316,Acer rubrum,late,80_-161,1703,45
PA|316|Acer rubrum,PA,316,Acer rubrum,late,80_-162,2,0
PA|316|Acer rubrum,PA,316,Acer rubrum,late,81_-151,1217,44
PA|316|Acer rubrum,PA,316,Acer rubrum,late,81_-152,859,47
PA|316|Acer rubrum,PA,316,Acer rubrum,late,81_-153,401,19
PA|316|Acer rubrum,PA,316,Acer rubrum,late,81_-154,535,19
PA|316|Acer rubrum,PA,316,Acer rubrum,late,81_-155,282,12
PA|316|Acer rubrum,PA,316,Acer rubrum,late,81_-156,1208,47
PA|316|Acer rubrum,PA,316,Acer rubrum,late,81_-157,347,24
PA|316|Acer rubrum,PA,316,Acer rubrum,late,81_-158,127,8
PA|316|Acer rubrum,PA,316,Acer rubrum,late,81_-159,399,27
PA|316|Acer rubrum,PA,316,Acer rubrum,late,81_-160,1242,58
PA|316|Acer rubrum,PA,316,Acer rubrum,late,81_-161,1410,47
PA|316|Acer rubrum,PA,316,Acer rubrum,late,81_-162,7,2
PA|316|Acer rubrum,PA,316,Acer rubrum,late,82_-150,206,9
PA|316|Acer rubrum,PA,316,Acer rubrum,late,82_-151,1161,78
PA|316|Acer rubrum,PA,316,Acer rubrum,late,82_-152,1099,80
PA|316|Acer rubrum,PA,316,Acer rubrum,late,82_-153,408,18
PA|316|Acer rubrum,PA,316,Acer rubrum,late,82_-154,237,11
PA|316|Acer rubrum,PA,316,Acer rubrum,late,82_-155,150,7
PA|316|Acer rubrum,PA,316,Acer rubrum,late,82_-156,142,2
PA|316|Acer rubrum,PA,316,Acer rubrum,late,82_-157,182,4
PA|316|Acer rubrum,PA,316,Acer rubrum,late,82_-158,517,23
PA|316|Acer rubrum,PA,316,Acer rubrum,late,82_-159,553,21
PA|316|Acer rubrum,PA,316,Acer rubrum,late,82_-160,161,7
PA|316|Acer rubrum,PA,316,Acer rubrum,late,82_-161,522,34
PA|316|Acer rubrum,PA,316,Acer rubrum,late,82_-162,9,0
PA|316|Acer rubrum,PA,316,Acer rubrum,late,83_-151,106,6
PA|316|Acer rubrum,PA,316,Acer rubrum,late,83_-152,276,7
PA|316|Acer rubrum,PA,316,Acer rubrum,late,83_-153,60,3
PA|316|Acer rubrum,PA,316,Acer rubrum,late,83_-154,78,2
PA|316|Acer rubrum,PA,316,Acer rubrum,late,83_-155,119,8
PA|316|Acer rubrum,PA,316,Acer rubrum,late,83_-156,152,8
PA|316|Acer rubrum,PA,316,Acer rubrum,late,83_-157,39,1
PA|316|Acer rubrum,PA,316,Acer rubrum,late,83_-158,246,6
PA|316|Acer rubrum,PA,316,Acer rubrum,late,83_-159,204,8
PA|316|Acer rubrum,PA,316,Acer rubrum,late,83_-160,138,5
PA|316|Acer rubrum,PA,316,Acer rubrum,late,83_-161,595,33
PA|316|Acer rubrum,PA,316,Acer rubrum,late,83_-162,10,0
PA|316|Acer rubrum,PA,316,Acer rubrum,late,84_-160,335,13
PA|316|Acer rubrum,PA,316,Acer rubrum,late,84_-161,926,39
PA|318|Acer saccharum,PA,318,Acer saccharum,early,79_-151,81,0
PA|318|Acer saccharum,PA,318,Acer saccharum,early,79_-152,74,1
PA|318|Acer saccharum,PA,318,Acer saccharum,early,79_-153,73,0
PA|318|Acer saccharum,PA,318,Acer saccharum,early,79_-154,32,0
PA|318|Acer saccharum,PA,318,Acer saccharum,early,79_-155,47,1
PA|318|Acer saccharum,PA,318,Acer saccharum,early,79_-156,11,0
PA|318|Acer saccharum,PA,318,Acer saccharum,early,79_-157,17,2
PA|318|Acer saccharum,PA,318,Acer saccharum,early,79_-158,6,0
PA|318|Acer saccharum,PA,318,Acer saccharum,early,79_-159,80,4
PA|318|Acer saccharum,PA,318,Acer saccharum,early,79_-160,62,2
PA|318|Acer saccharum,PA,318,Acer saccharum,early,79_-161,20,1
PA|318|Acer saccharum,PA,318,Acer saccharum,early,80_-150,39,1
PA|318|Acer saccharum,PA,318,Acer saccharum,early,80_-151,273,3
PA|318|Acer saccharum,PA,318,Acer saccharum,early,80_-152,70,0
PA|318|Acer saccharum,PA,318,Acer saccharum,early,80_-153,18,0
PA|318|Acer saccharum,PA,318,Acer saccharum,early,80_-154,94,1
PA|318|Acer saccharum,PA,318,Acer saccharum,early,80_-155,64,0
PA|318|Acer saccharum,PA,318,Acer saccharum,early,80_-156,17,0
PA|318|Acer saccharum,PA,318,Acer saccharum,early,80_-157,122,1
PA|318|Acer saccharum,PA,318,Acer saccharum,early,80_-158,28,1
PA|318|Acer saccharum,PA,318,Acer saccharum,early,80_-159,41,0
PA|318|Acer saccharum,PA,318,Acer saccharum,early,80_-160,328,12
PA|318|Acer saccharum,PA,318,Acer saccharum,early,80_-161,134,0
PA|318|Acer saccharum,PA,318,Acer saccharum,early,81_-151,22,0
PA|318|Acer saccharum,PA,318,Acer saccharum,early,81_-152,43,0
PA|318|Acer saccharum,PA,318,Acer saccharum,early,81_-153,22,0
PA|318|Acer saccharum,PA,318,Acer saccharum,early,81_-154,18,1
PA|318|Acer saccharum,PA,318,Acer saccharum,early,81_-155,9,0
PA|318|Acer saccharum,PA,318,Acer saccharum,early,81_-156,92,2
PA|318|Acer saccharum,PA,318,Acer saccharum,early,81_-157,56,2
PA|318|Acer saccharum,PA,318,Acer saccharum,early,81_-158,1,0
PA|318|Acer saccharum,PA,318,Acer saccharum,early,81_-159,11,0
PA|318|Acer saccharum,PA,318,Acer saccharum,early,81_-160,207,11
PA|318|Acer saccharum,PA,318,Acer saccharum,early,81_-161,122,1
PA|318|Acer saccharum,PA,318,Acer saccharum,early,81_-162,1,0
PA|318|Acer saccharum,PA,318,Acer saccharum,early,82_-150,20,0
PA|318|Acer saccharum,PA,318,Acer saccharum,early,82_-151,51,1
PA|318|Acer saccharum,PA,318,Acer saccharum,early,82_-152,87,1
PA|318|Acer saccharum,PA,318,Acer saccharum,early,82_-153,23,1
PA|318|Acer saccharum,PA,318,Acer saccharum,early,82_-154,22,1
PA|318|Acer saccharum,PA,318,Acer saccharum,early,82_-155,13,0
PA|318|Acer saccharum,PA,318,Acer saccharum,early,82_-156,12,0
PA|318|Acer saccharum,PA,318,Acer saccharum,early,82_-158,12,0
PA|318|Acer saccharum,PA,318,Acer saccharum,early,82_-159,12,0
PA|318|Acer saccharum,PA,318,Acer saccharum,early,82_-160,21,1
PA|318|Acer saccharum,PA,318,Acer saccharum,early,82_-161,18,0
PA|318|Acer saccharum,PA,318,Acer saccharum,early,82_-162,1,0
PA|318|Acer saccharum,PA,318,Acer saccharum,early,83_-151,20,0
PA|318|Acer saccharum,PA,318,Acer saccharum,early,83_-152,12,1
PA|318|Acer saccharum,PA,318,Acer saccharum,early,83_-153,1,0
PA|318|Acer saccharum,PA,318,Acer saccharum,early,83_-154,11,1
PA|318|Acer saccharum,PA,318,Acer saccharum,early,83_-156,2,0
PA|318|Acer saccharum,PA,318,Acer saccharum,early,83_-157,5,1
PA|318|Acer saccharum,PA,318,Acer saccharum,early,83_-158,14,1
PA|318|Acer saccharum,PA,318,Acer saccharum,early,83_-159,25,2
PA|318|Acer saccharum,PA,318,Acer saccharum,early,83_-160,12,0
PA|318|Acer saccharum,PA,318,Acer saccharum,early,83_-161,36,0
PA|318|Acer saccharum,PA,318,Acer saccharum,early,83_-162,2,0
PA|318|Acer saccharum,PA,318,Acer saccharum,early,84_-160,15,1
PA|318|Acer saccharum,PA,318,Acer saccharum,early,84_-161,57,2
PA|318|Acer saccharum,PA,318,Acer saccharum,late,79_-151,2225,23
PA|318|Acer saccharum,PA,318,Acer saccharum,late,79_-152,1137,12
PA|318|Acer saccharum,PA,318,Acer saccharum,late,79_-153,557,2
PA|318|Acer saccharum,PA,318,Acer saccharum,late,79_-154,363,0
PA|318|Acer saccharum,PA,318,Acer saccharum,late,79_-155,518,8
PA|318|Acer saccharum,PA,318,Acer saccharum,late,79_-156,124,0
PA|318|Acer saccharum,PA,318,Acer saccharum,late,79_-157,63,2
PA|318|Acer saccharum,PA,318,Acer saccharum,late,79_-158,89,3
PA|318|Acer saccharum,PA,318,Acer saccharum,late,79_-159,541,14
PA|318|Acer saccharum,PA,318,Acer saccharum,late,79_-160,293,7
PA|318|Acer saccharum,PA,318,Acer saccharum,late,79_-161,204,2
PA|318|Acer saccharum,PA,318,Acer saccharum,late,80_-150,847,12
PA|318|Acer saccharum,PA,318,Acer saccharum,late,80_-151,6828,136
PA|318|Acer saccharum,PA,318,Acer saccharum,late,80_-152,2046,17
PA|318|Acer saccharum,PA,318,Acer saccharum,late,80_-153,742,8
PA|318|Acer saccharum,PA,318,Acer saccharum,late,80_-154,1517,10
PA|318|Acer saccharum,PA,318,Acer saccharum,late,80_-155,1315,14
PA|318|Acer saccharum,PA,318,Acer saccharum,late,80_-156,199,6
PA|318|Acer saccharum,PA,318,Acer saccharum,late,80_-157,331,3
PA|318|Acer saccharum,PA,318,Acer saccharum,late,80_-158,338,18
PA|318|Acer saccharum,PA,318,Acer saccharum,late,80_-159,932,12
PA|318|Acer saccharum,PA,318,Acer saccharum,late,80_-160,2379,65
PA|318|Acer saccharum,PA,318,Acer saccharum,late,80_-161,1703,32
PA|318|Acer saccharum,PA,318,Acer saccharum,late,80_-162,2,0
PA|318|Acer saccharum,PA,318,Acer saccharum,late,81_-151,1217,20
PA|318|Acer saccharum,PA,318,Acer saccharum,late,81_-152,859,6
PA|318|Acer saccharum,PA,318,Acer saccharum,late,81_-153,401,2
PA|318|Acer saccharum,PA,318,Acer saccharum,late,81_-154,535,7
PA|318|Acer saccharum,PA,318,Acer saccharum,late,81_-155,282,1
PA|318|Acer saccharum,PA,318,Acer saccharum,late,81_-156,1208,23
PA|318|Acer saccharum,PA,318,Acer saccharum,late,81_-157,347,9
PA|318|Acer saccharum,PA,318,Acer saccharum,late,81_-158,127,6
PA|318|Acer saccharum,PA,318,Acer saccharum,late,81_-159,399,6
PA|318|Acer saccharum,PA,318,Acer saccharum,late,81_-160,1242,28
PA|318|Acer saccharum,PA,318,Acer saccharum,late,81_-161,1410,34
PA|318|Acer saccharum,PA,318,Acer saccharum,late,81_-162,7,0
PA|318|Acer saccharum,PA,318,Acer saccharum,late,82_-150,206,6
PA|318|Acer saccharum,PA,318,Acer saccharum,late,82_-151,1161,10
PA|318|Acer saccharum,PA,318,Acer saccharum,late,82_-152,1099,5
PA|318|Acer saccharum,PA,318,Acer saccharum,late,82_-153,408,13
PA|318|Acer saccharum,PA,318,Acer saccharum,late,82_-154,237,9
PA|318|Acer saccharum,PA,318,Acer saccharum,late,82_-155,150,2
PA|318|Acer saccharum,PA,318,Acer saccharum,late,82_-156,142,1
PA|318|Acer saccharum,PA,318,Acer saccharum,late,82_-157,182,6
PA|318|Acer saccharum,PA,318,Acer saccharum,late,82_-158,517,10
PA|318|Acer saccharum,PA,318,Acer saccharum,late,82_-159,553,15
PA|318|Acer saccharum,PA,318,Acer saccharum,late,82_-160,161,0
PA|318|Acer saccharum,PA,318,Acer saccharum,late,82_-161,522,16
PA|318|Acer saccharum,PA,318,Acer saccharum,late,82_-162,9,1
PA|318|Acer saccharum,PA,318,Acer saccharum,late,83_-151,106,8
PA|318|Acer saccharum,PA,318,Acer saccharum,late,83_-152,276,6
PA|318|Acer saccharum,PA,318,Acer saccharum,late,83_-153,60,0
PA|318|Acer saccharum,PA,318,Acer saccharum,late,83_-154,78,2
PA|318|Acer saccharum,PA,318,Acer saccharum,late,83_-155,119,5
PA|318|Acer saccharum,PA,318,Acer saccharum,late,83_-156,152,10
PA|318|Acer saccharum,PA,318,Acer saccharum,late,83_-157,39,0
PA|318|Acer saccharum,PA,318,Acer saccharum,late,83_-158,246,8
PA|318|Acer saccharum,PA,318,Acer saccharum,late,83_-159,204,6
PA|318|Acer saccharum,PA,318,Acer saccharum,late,83_-160,138,6
PA|318|Acer saccharum,PA,318,Acer saccharum,late,83_-161,595,26
PA|318|Acer saccharum,PA,318,Acer saccharum,late,83_-162,10,0
PA|318|Acer saccharum,PA,318,Acer saccharum,late,84_-160,335,32
PA|318|Acer saccharum,PA,318,Acer saccharum,late,84_-161,926,27
PA|372|Betula lenta,PA,372,Betula lenta,early,79_-151,81,0
PA|372|Betula lenta,PA,372,Betula lenta,early,79_-152,74,2
PA|372|Betula lenta,PA,372,Betula lenta,early,79_-153,73,0
PA|372|Betula lenta,PA,372,Betula lenta,early,79_-154,32,0
PA|372|Betula lenta,PA,372,Betula lenta,early,79_-155,47,0
PA|372|Betula lenta,PA,372,Betula lenta,early,79_-156,11,0
PA|372|Betula lenta,PA,372,Betula lenta,early,79_-157,17,0
PA|372|Betula lenta,PA,372,Betula lenta,early,79_-158,6,0
PA|372|Betula lenta,PA,372,Betula lenta,early,79_-159,80,0
PA|372|Betula lenta,PA,372,Betula lenta,early,79_-160,62,0
PA|372|Betula lenta,PA,372,Betula lenta,early,79_-161,20,0
PA|372|Betula lenta,PA,372,Betula lenta,early,80_-150,39,0
PA|372|Betula lenta,PA,372,Betula lenta,early,80_-151,273,2
PA|372|Betula lenta,PA,372,Betula lenta,early,80_-152,70,1
PA|372|Betula lenta,PA,372,Betula lenta,early,80_-153,18,0
PA|372|Betula lenta,PA,372,Betula lenta,early,80_-154,94,0
PA|372|Betula lenta,PA,372,Betula lenta,early,80_-155,64,0
PA|372|Betula lenta,PA,372,Betula lenta,early,80_-156,17,0
PA|372|Betula lenta,PA,372,Betula lenta,early,80_-157,122,3
PA|372|Betula lenta,PA,372,Betula lenta,early,80_-158,28,0
PA|372|Betula lenta,PA,372,Betula lenta,early,80_-159,41,1
PA|372|Betula lenta,PA,372,Betula lenta,early,80_-160,328,2
PA|372|Betula lenta,PA,372,Betula lenta,early,80_-161,134,0
PA|372|Betula lenta,PA,372,Betula lenta,early,81_-151,22,0
PA|372|Betula lenta,PA,372,Betula lenta,early,81_-152,43,3
PA|372|Betula lenta,PA,372,Betula lenta,early,81_-153,22,1
PA|372|Betula lenta,PA,372,Betula lenta,early,81_-154,18,0
PA|372|Betula lenta,PA,372,Betula lenta,early,81_-155,9,0
PA|372|Betula lenta,PA,372,Betula lenta,early,81_-156,92,4
PA|372|Betula lenta,PA,372,Betula lenta,early,81_-157,56,1
PA|372|Betula lenta,PA,372,Betula lenta,early,81_-158,1,0
PA|372|Betula lenta,PA,372,Betula lenta,early,81_-159,11,0
PA|372|Betula lenta,PA,372,Betula lenta,early,81_-160,207,9
PA|372|Betula lenta,PA,372,Betula lenta,early,81_-161,122,1
PA|372|Betula lenta,PA,372,Betula lenta,early,81_-162,1,0
PA|372|Betula lenta,PA,372,Betula lenta,early,82_-150,20,1
PA|372|Betula lenta,PA,372,Betula lenta,early,82_-151,51,2
PA|372|Betula lenta,PA,372,Betula lenta,early,82_-152,87,3
PA|372|Betula lenta,PA,372,Betula lenta,early,82_-153,23,0
PA|372|Betula lenta,PA,372,Betula lenta,early,82_-154,22,0
PA|372|Betula lenta,PA,372,Betula lenta,early,82_-155,13,2
PA|372|Betula lenta,PA,372,Betula lenta,early,82_-156,12,0
PA|372|Betula lenta,PA,372,Betula lenta,early,82_-158,12,1
PA|372|Betula lenta,PA,372,Betula lenta,early,82_-159,12,0
PA|372|Betula lenta,PA,372,Betula lenta,early,82_-160,21,1
PA|372|Betula lenta,PA,372,Betula lenta,early,82_-161,18,0
PA|372|Betula lenta,PA,372,Betula lenta,early,82_-162,1,0
PA|372|Betula lenta,PA,372,Betula lenta,early,83_-151,20,2
PA|372|Betula lenta,PA,372,Betula lenta,early,83_-152,12,2
PA|372|Betula lenta,PA,372,Betula lenta,early,83_-153,1,0
PA|372|Betula lenta,PA,372,Betula lenta,early,83_-154,11,0
PA|372|Betula lenta,PA,372,Betula lenta,early,83_-156,2,0
PA|372|Betula lenta,PA,372,Betula lenta,early,83_-157,5,0
PA|372|Betula lenta,PA,372,Betula lenta,early,83_-158,14,0
PA|372|Betula lenta,PA,372,Betula lenta,early,83_-159,25,0
PA|372|Betula lenta,PA,372,Betula lenta,early,83_-160,12,0
PA|372|Betula lenta,PA,372,Betula lenta,early,83_-161,36,0
PA|372|Betula lenta,PA,372,Betula lenta,early,83_-162,2,0
PA|372|Betula lenta,PA,372,Betula lenta,early,84_-160,15,0
PA|372|Betula lenta,PA,372,Betula lenta,early,84_-161,57,0
PA|372|Betula lenta,PA,372,Betula lenta,late,79_-151,2225,2
PA|372|Betula lenta,PA,372,Betula lenta,late,79_-152,1137,10
PA|372|Betula lenta,PA,372,Betula lenta,late,79_-153,557,14
PA|372|Betula lenta,PA,372,Betula lenta,late,79_-154,363,1
PA|372|Betula lenta,PA,372,Betula lenta,late,79_-155,518,3
PA|372|Betula lenta,PA,372,Betula lenta,late,79_-156,124,2
PA|372|Betula lenta,PA,372,Betula lenta,late,79_-157,63,0
PA|372|Betula lenta,PA,372,Betula lenta,late,79_-158,89,1
PA|372|Betula lenta,PA,372,Betula lenta,late,79_-159,541,4
PA|372|Betula lenta,PA,372,Betula lenta,late,79_-160,293,1
PA|372|Betula lenta,PA,372,Betula lenta,late,79_-161,204,0
PA|372|Betula lenta,PA,372,Betula lenta,late,80_-150,847,3
PA|372|Betula lenta,PA,372,Betula lenta,late,80_-151,6828,54
PA|372|Betula lenta,PA,372,Betula lenta,late,80_-152,2046,20
PA|372|Betula lenta,PA,372,Betula lenta,late,80_-153,742,2
PA|372|Betula lenta,PA,372,Betula lenta,late,80_-154,1517,12
PA|372|Betula lenta,PA,372,Betula lenta,late,80_-155,1315,35
PA|372|Betula lenta,PA,372,Betula lenta,late,80_-156,199,2
PA|372|Betula lenta,PA,372,Betula lenta,late,80_-157,331,3
PA|372|Betula lenta,PA,372,Betula lenta,late,80_-158,338,5
PA|372|Betula lenta,PA,372,Betula lenta,late,80_-159,932,5
PA|372|Betula lenta,PA,372,Betula lenta,late,80_-160,2379,5
PA|372|Betula lenta,PA,372,Betula lenta,late,80_-161,1703,0
PA|372|Betula lenta,PA,372,Betula lenta,late,80_-162,2,0
PA|372|Betula lenta,PA,372,Betula lenta,late,81_-151,1217,26
PA|372|Betula lenta,PA,372,Betula lenta,late,81_-152,859,18
PA|372|Betula lenta,PA,372,Betula lenta,late,81_-153,401,9
PA|372|Betula lenta,PA,372,Betula lenta,late,81_-154,535,9
PA|372|Betula lenta,PA,372,Betula lenta,late,81_-155,282,7
PA|372|Betula lenta,PA,372,Betula lenta,late,81_-156,1208,14
PA|372|Betula lenta,PA,372,Betula lenta,late,81_-157,347,2
PA|372|Betula lenta,PA,372,Betula lenta,late,81_-158,127,5
PA|372|Betula lenta,PA,372,Betula lenta,late,81_-159,399,3
PA|372|Betula lenta,PA,372,Betula lenta,late,81_-160,1242,5
PA|372|Betula lenta,PA,372,Betula lenta,late,81_-161,1410,6
PA|372|Betula lenta,PA,372,Betula lenta,late,81_-162,7,0
PA|372|Betula lenta,PA,372,Betula lenta,late,82_-150,206,6
PA|372|Betula lenta,PA,372,Betula lenta,late,82_-151,1161,39
PA|372|Betula lenta,PA,372,Betula lenta,late,82_-152,1099,13
PA|372|Betula lenta,PA,372,Betula lenta,late,82_-153,408,4
PA|372|Betula lenta,PA,372,Betula lenta,late,82_-154,237,3
PA|372|Betula lenta,PA,372,Betula lenta,late,82_-155,150,3
PA|372|Betula lenta,PA,372,Betula lenta,late,82_-156,142,2
PA|372|Betula lenta,PA,372,Betula lenta,late,82_-157,182,4
PA|372|Betula lenta,PA,372,Betula lenta,late,82_-158,517,4
PA|372|Betula lenta,PA,372,Betula lenta,late,82_-159,553,20
PA|372|Betula lenta,PA,372,Betula lenta,late,82_-160,161,1
PA|372|Betula lenta,PA,372,Betula lenta,late,82_-161,522,0
PA|372|Betula lenta,PA,372,Betula lenta,late,82_-162,9,0
PA|372|Betula lenta,PA,372,Betula lenta,late,83_-151,106,1
PA|372|Betula lenta,PA,372,Betula lenta,late,83_-152,276,7
PA|372|Betula lenta,PA,372,Betula lenta,late,83_-153,60,0
PA|372|Betula lenta,PA,372,Betula lenta,late,83_-154,78,3
PA|372|Betula lenta,PA,372,Betula lenta,late,83_-155,119,0
PA|372|Betula lenta,PA,372,Betula lenta,late,83_-156,152,8
PA|372|Betula lenta,PA,372,Betula lenta,late,83_-157,39,0
PA|372|Betula lenta,PA,372,Betula lenta,late,83_-158,246,3
PA|372|Betula lenta,PA,372,Betula lenta,late,83_-159,204,4
PA|372|Betula lenta,PA,372,Betula lenta,late,83_-160,138,1
PA|372|Betula lenta,PA,372,Betula lenta,late,83_-161,595,0
PA|372|Betula lenta,PA,372,Betula lenta,late,83_-162,10,0
PA|372|Betula lenta,PA,372,Betula lenta,late,84_-160,335,0
PA|372|Betula lenta,PA,372,Betula lenta,late,84_-161,926,0
PA|407|Carya ovata,PA,407,Carya ovata,early,79_-151,81,2
PA|407|Carya ovata,PA,407,Carya ovata,early,79_-152,74,1
PA|407|Carya ovata,PA,407,Carya ovata,early,79_-153,73,0
PA|407|Carya ovata,PA,407,Carya ovata,early,79_-154,32,1
PA|407|Carya ovata,PA,407,Carya ovata,early,79_-155,47,4
PA|407|Carya ovata,PA,407,Carya ovata,early,79_-156,11,0
PA|407|Carya ovata,PA,407,Carya ovata,early,79_-157,17,1
PA|407|Carya ovata,PA,407,Carya ovata,early,79_-158,6,0
PA|407|Carya ovata,PA,407,Carya ovata,early,79_-159,80,1
PA|407|Carya ovata,PA,407,Carya ovata,early,79_-160,62,1
PA|407|Carya ovata,PA,407,Carya ovata,early,79_-161,20,0
PA|407|Carya ovata,PA,407,Carya ovata,early,80_-150,39,0
PA|407|Carya ovata,PA,407,Carya ovata,early,80_-151,273,7
PA|407|Carya ovata,PA,407,Carya ovata,early,80_-152,70,2
PA|407|Carya ovata,PA,407,Carya ovata,early,80_-153,18,1
PA|407|Carya ovata,PA,407,Carya ovata,early,80_-154,94,5
PA|407|Carya ovata,PA,407,Carya ovata,early,80_-155,64,0
PA|407|Carya ovata,PA,407,Carya ovata,early,80_-156,17,0
PA|407|Carya ovata,PA,407,Carya ovata,early,80_-157,122,3
PA|407|Carya ovata,PA,407,Carya ovata,early,80_-158,28,2
PA|407|Carya ovata,PA,407,Carya ovata,early,80_-159,41,2
PA|407|Carya ovata,PA,407,Carya ovata,early,80_-160,328,2
PA|407|Carya ovata,PA,407,Carya ovata,early,80_-161,134,1
PA|407|Carya ovata,PA,407,Carya ovata,early,81_-151,22,0
PA|407|Carya ovata,PA,407,Carya ovata,early,81_-152,43,0
PA|407|Carya ovata,PA,407,Carya ovata,early,81_-153,22,0
PA|407|Carya ovata,PA,407,Carya ovata,early,81_-154,18,2
PA|407|Carya ovata,PA,407,Carya ovata,early,81_-155,9,0
PA|407|Carya ovata,PA,407,Carya ovata,early,81_-156,92,1
PA|407|Carya ovata,PA,407,Carya ovata,early,81_-157,56,3
PA|407|Carya ovata,PA,407,Carya ovata,early,81_-158,1,0
PA|407|Carya ovata,PA,407,Carya ovata,early,81_-159,11,0
PA|407|Carya ovata,PA,407,Carya ovata,early,81_-160,207,10
PA|407|Carya ovata,PA,407,Carya ovata,early,81_-161,122,5
PA|407|Carya ovata,PA,407,Carya ovata,early,81_-162,1,0
PA|407|Carya ovata,PA,407,Carya ovata,early,82_-150,20,0
PA|407|Carya ovata,PA,407,Carya ovata,early,82_-151,51,0
PA|407|Carya ovata,PA,407,Carya ovata,early,82_-152,87,3
PA|407|Carya ovata,PA,407,Carya ovata,early,82_-153,23,0
PA|407|Carya ovata,PA,407,Carya ovata,early,82_-154,22,1
PA|407|Carya ovata,PA,407,Carya ovata,early,82_-155,13,0
PA|407|Carya ovata,PA,407,Carya ovata,early,82_-156,12,0
PA|407|Carya ovata,PA,407,Carya ovata,early,82_-158,12,1
PA|407|Carya ovata,PA,407,Carya ovata,early,82_-159,12,0
PA|407|Carya ovata,PA,407,Carya ovata,early,82_-160,21,1
PA|407|Carya ovata,PA,407,Carya ovata,early,82_-161,18,1
PA|407|Carya ovata,PA,407,Carya ovata,early,82_-162,1,0
PA|407|Carya ovata,PA,407,Carya ovata,early,83_-151,20,1
PA|407|Carya ovata,PA,407,Carya ovata,early,83_-152,12,0
PA|407|Carya ovata,PA,407,Carya ovata,early,83_-153,1,0
PA|407|Carya ovata,PA,407,Carya ovata,early,83_-154,11,1
PA|407|Carya ovata,PA,407,Carya ovata,early,83_-156,2,0
PA|407|Carya ovata,PA,407,Carya ovata,early,83_-157,5,0
PA|407|Carya ovata,PA,407,Carya ovata,early,83_-158,14,1
PA|407|Carya ovata,PA,407,Carya ovata,early,83_-159,25,2
PA|407|Carya ovata,PA,407,Carya ovata,early,83_-160,12,0
PA|407|Carya ovata,PA,407,Carya ovata,early,83_-161,36,1
PA|407|Carya ovata,PA,407,Carya ovata,early,83_-162,2,0
PA|407|Carya ovata,PA,407,Carya ovata,early,84_-160,15,1
PA|407|Carya ovata,PA,407,Carya ovata,early,84_-161,57,2
PA|407|Carya ovata,PA,407,Carya ovata,late,79_-151,2225,11
PA|407|Carya ovata,PA,407,Carya ovata,late,79_-152,1137,12
PA|407|Carya ovata,PA,407,Carya ovata,late,79_-153,557,0
PA|407|Carya ovata,PA,407,Carya ovata,late,79_-154,363,10
PA|407|Carya ovata,PA,407,Carya ovata,late,79_-155,518,10
PA|407|Carya ovata,PA,407,Carya ovata,late,79_-156,124,1
PA|407|Carya ovata,PA,407,Carya ovata,late,79_-157,63,2
PA|407|Carya ovata,PA,407,Carya ovata,late,79_-158,89,1
PA|407|Carya ovata,PA,407,Carya ovata,late,79_-159,541,4
PA|407|Carya ovata,PA,407,Carya ovata,late,79_-160,293,0
PA|407|Carya ovata,PA,407,Carya ovata,late,79_-161,204,2
PA|407|Carya ovata,PA,407,Carya ovata,late,80_-150,847,10
PA|407|Carya ovata,PA,407,Carya ovata,late,80_-151,6828,136
PA|407|Carya ovata,PA,407,Carya ovata,late,80_-152,2046,46
PA|407|Carya ovata,PA,407,Carya ovata,late,80_-153,742,8
PA|407|Carya ovata,PA,407,Carya ovata,late,80_-154,1517,28
PA|407|Carya ovata,PA,407,Carya ovata,late,80_-155,1315,25
PA|407|Carya ovata,PA,407,Carya ovata,late,80_-156,199,1
PA|407|Carya ovata,PA,407,Carya ovata,late,80_-157,331,2
PA|407|Carya ovata,PA,407,Carya ovata,late,80_-158,338,4
PA|407|Carya ovata,PA,407,Carya ovata,late,80_-159,932,7
PA|407|Carya ovata,PA,407,Carya ovata,late,80_-160,2379,21
PA|407|Carya ovata,PA,407,Carya ovata,late,80_-161,1703,21
PA|407|Carya ovata,PA,407,Carya ovata,late,80_-162,2,0
PA|407|Carya ovata,PA,407,Carya ovata,late,81_-151,1217,20
PA|407|Carya ovata,PA,407,Carya ovata,late,81_-152,859,5
PA|407|Carya ovata,PA,407,Carya ovata,late,81_-153,401,3
PA|407|Carya ovata,PA,407,Carya ovata,late,81_-154,535,7
PA|407|Carya ovata,PA,407,Carya ovata,late,81_-155,282,5
PA|407|Carya ovata,PA,407,Carya ovata,late,81_-156,1208,10
PA|407|Carya ovata,PA,407,Carya ovata,late,81_-157,347,2
PA|407|Carya ovata,PA,407,Carya ovata,late,81_-158,127,5
PA|407|Carya ovata,PA,407,Carya ovata,late,81_-159,399,7
PA|407|Carya ovata,PA,407,Carya ovata,late,81_-160,1242,11
PA|407|Carya ovata,PA,407,Carya ovata,late,81_-161,1410,31
PA|407|Carya ovata,PA,407,Carya ovata,late,81_-162,7,0
PA|407|Carya ovata,PA,407,Carya ovata,late,82_-150,206,4
PA|407|Carya ovata,PA,407,Carya ovata,late,82_-151,1161,32
PA|407|Carya ovata,PA,407,Carya ovata,late,82_-152,1099,6
PA|407|Carya ovata,PA,407,Carya ovata,late,82_-153,408,6
PA|407|Carya ovata,PA,407,Carya ovata,late,82_-154,237,7
PA|407|Carya ovata,PA,407,Carya ovata,late,82_-155,150,2
PA|407|Carya ovata,PA,407,Carya ovata,late,82_-156,142,6
PA|407|Carya ovata,PA,407,Carya ovata,late,82_-157,182,5
PA|407|Carya ovata,PA,407,Carya ovata,late,82_-158,517,7
PA|407|Carya ovata,PA,407,Carya ovata,late,82_-159,553,4
PA|407|Carya ovata,PA,407,Carya ovata,late,82_-160,161,2
PA|407|Carya ovata,PA,407,Carya ovata,late,82_-161,522,20
PA|407|Carya ovata,PA,407,Carya ovata,late,82_-162,9,0
PA|407|Carya ovata,PA,407,Carya ovata,late,83_-151,106,0
PA|407|Carya ovata,PA,407,Carya ovata,late,83_-152,276,4
PA|407|Carya ovata,PA,407,Carya ovata,late,83_-153,60,0
PA|407|Carya ovata,PA,407,Carya ovata,late,83_-154,78,0
PA|407|Carya ovata,PA,407,Carya ovata,late,83_-155,119,3
PA|407|Carya ovata,PA,407,Carya ovata,late,83_-156,152,3
PA|407|Carya ovata,PA,407,Carya ovata,late,83_-157,39,2
PA|407|Carya ovata,PA,407,Carya ovata,late,83_-158,246,1
PA|407|Carya ovata,PA,407,Carya ovata,late,83_-159,204,0
PA|407|Carya ovata,PA,407,Carya ovata,late,83_-160,138,2
PA|407|Carya ovata,PA,407,Carya ovata,late,83_-161,595,6
PA|407|Carya ovata,PA,407,Carya ovata,late,83_-162,10,0
PA|407|Carya ovata,PA,407,Carya ovata,late,84_-160,335,3
PA|407|Carya ovata,PA,407,Carya ovata,late,84_-161,926,8
PA|531|Fagus grandifolia,PA,531,Fagus grandifolia,early,79_-151,81,4
PA|531|Fagus grandifolia,PA,531,Fagus grandifolia,early,79_-152,74,5
PA|531|Fagus grandifolia,PA,531,Fagus grandifolia,early,79_-153,73,3
PA|531|Fagus grandifolia,PA,531,Fagus grandifolia,early,79_-154,32,0
PA|531|Fagus grandifolia,PA,531,Fagus grandifolia,early,79_-155,47,0
PA|531|Fagus grandifolia,PA,531,Fagus grandifolia,early,79_-156,11,0
PA|531|Fagus grandifolia,PA,531,Fagus grandifolia,early,79_-157,17,0
PA|531|Fagus grandifolia,PA,531,Fagus grandifolia,early,79_-158,6,0
PA|531|Fagus grandifolia,PA,531,Fagus grandifolia,early,79_-159,80,4
PA|531|Fagus grandifolia,PA,531,Fagus grandifolia,early,79_-160,62,3
PA|531|Fagus grandifolia,PA,531,Fagus grandifolia,early,79_-161,20,1
PA|531|Fagus grandifolia,PA,531,Fagus grandifolia,early,80_-150,39,5
PA|531|Fagus grandifolia,PA,531,Fagus grandifolia,early,80_-151,273,13
PA|531|Fagus grandifolia,PA,531,Fagus grandifolia,early,80_-152,70,2
PA|531|Fagus grandifolia,PA,531,Fagus grandifolia,early,80_-153,18,0
PA|531|Fagus grandifolia,PA,531,Fagus grandifolia,early,80_-154,94,3
PA|531|Fagus grandifolia,PA,531,Fagus grandifolia,early,80_-155,64,0
PA|531|Fagus grandifolia,PA,531,Fagus grandifolia,early,80_-156,17,1
PA|531|Fagus grandifolia,PA,531,Fagus grandifolia,early,80_-157,122,1
PA|531|Fagus grandifolia,PA,531,Fagus grandifolia,early,80_-158,28,3
PA|531|Fagus grandifolia,PA,531,Fagus grandifolia,early,80_-159,41,5
PA|531|Fagus grandifolia,PA,531,Fagus grandifolia,early,80_-160,328,8
PA|531|Fagus grandifolia,PA,531,Fagus grandifolia,early,80_-161,134,7
PA|531|Fagus grandifolia,PA,531,Fagus grandifolia,early,81_-151,22,0
PA|531|Fagus grandifolia,PA,531,Fagus grandifolia,early,81_-152,43,0
PA|531|Fagus grandifolia,PA,531,Fagus grandifolia,early,81_-153,22,0
PA|531|Fagus grandifolia,PA,531,Fagus grandifolia,early,81_-154,18,1
PA|531|Fagus grandifolia,PA,531,Fagus grandifolia,early,81_-155,9,1
PA|531|Fagus grandifolia,PA,531,Fagus grandifolia,early,81_-156,92,3
PA|531|Fagus grandifolia,PA,531,Fagus grandifolia,early,81_-157,56,4
PA|531|Fagus grandifolia,PA,531,Fagus grandifolia,early,81_-158,1,0
PA|531|Fagus grandifolia,PA,531,Fagus grandifolia,early,81_-159,11,1
PA|531|Fagus grandifolia,PA,531,Fagus grandifolia,early,81_-160,207,12
PA|531|Fagus grandifolia,PA,531,Fagus grandifolia,early,81_-161,122,12
PA|531|Fagus grandifolia,PA,531,Fagus grandifolia,early,81_-162,1,0
PA|531|Fagus grandifolia,PA,531,Fagus grandifolia,early,82_-150,20,1
PA|531|Fagus grandifolia,PA,531,Fagus grandifolia,early,82_-151,51,4
PA|531|Fagus grandifolia,PA,531,Fagus grandifolia,early,82_-152,87,5
PA|531|Fagus grandifolia,PA,531,Fagus grandifolia,early,82_-153,23,4
PA|531|Fagus grandifolia,PA,531,Fagus grandifolia,early,82_-154,22,6
PA|531|Fagus grandifolia,PA,531,Fagus grandifolia,early,82_-155,13,1
PA|531|Fagus grandifolia,PA,531,Fagus grandifolia,early,82_-156,12,1
PA|531|Fagus grandifolia,PA,531,Fagus grandifolia,early,82_-158,12,3
PA|531|Fagus grandifolia,PA,531,Fagus grandifolia,early,82_-159,12,1
PA|531|Fagus grandifolia,PA,531,Fagus grandifolia,early,82_-160,21,0
PA|531|Fagus grandifolia,PA,531,Fagus grandifolia,early,82_-161,18,1
PA|531|Fagus grandifolia,PA,531,Fagus grandifolia,early,82_-162,1,1
PA|531|Fagus grandifolia,PA,531,Fagus grandifolia,early,83_-151,20,2
PA|531|Fagus grandifolia,PA,531,Fagus grandifolia,early,83_-152,12,1
PA|531|Fagus grandifolia,PA,531,Fagus grandifolia,early,83_-153,1,0
PA|531|Fagus grandifolia,PA,531,Fagus grandifolia,early,83_-154,11,1
PA|531|Fagus grandifolia,PA,531,Fagus grandifolia,early,83_-156,2,1
PA|531|Fagus grandifolia,PA,531,Fagus grandifolia,early,83_-157,5,1
PA|531|Fagus grandifolia,PA,531,Fagus grandifolia,early,83_-158,14,1
PA|531|Fagus grandifolia,PA,531,Fagus grandifolia,early,83_-159,25,2
PA|531|Fagus grandifolia,PA,531,Fagus grandifolia,early,83_-160,12,2
PA|531|Fagus grandifolia,PA,531,Fagus grandifolia,early,83_-161,36,7
PA|531|Fagus grandifolia,PA,531,Fagus grandifolia,early,83_-162,2,0
PA|531|Fagus grandifolia,PA,531,Fagus grandifolia,early,84_-160,15,1
PA|531|Fagus grandifolia,PA,531,Fagus grandifolia,early,84_-161,57,3
PA|531|Fagus grandifolia,PA,531,Fagus grandifolia,late,79_-151,2225,148
PA|531|Fagus grandifolia,PA,531,Fagus grandifolia,late,79_-152,1137,109
PA|531|Fagus grandifolia,PA,531,Fagus grandifolia,late,79_-153,557,23
PA|531|Fagus grandifolia,PA,531,Fagus grandifolia,late,79_-154,363,3
PA|531|Fagus grandifolia,PA,531,Fagus grandifolia,late,79_-155,518,8
PA|531|Fagus grandifolia,PA,531,Fagus grandifolia,late,79_-156,124,3
PA|531|Fagus grandifolia,PA,531,Fagus grandifolia,late,79_-157,63,0
PA|531|Fagus grandifolia,PA,531,Fagus grandifolia,late,79_-158,89,6
PA|531|Fagus grandifolia,PA,531,Fagus grandifolia,late,79_-159,541,48
PA|531|Fagus grandifolia,PA,531,Fagus grandifolia,late,79_-160,293,12
PA|531|Fagus grandifolia,PA,531,Fagus grandifolia,late,79_-161,204,10
PA|531|Fagus grandifolia,PA,531,Fagus grandifolia,late,80_-150,847,80
PA|531|Fagus grandifolia,PA,531,Fagus grandifolia,late,80_-151,6828,499
PA|531|Fagus grandifolia,PA,531,Fagus grandifolia,late,80_-152,2046,172
PA|531|Fagus grandifolia,PA,531,Fagus grandifolia,late,80_-153,742,35
PA|531|Fagus grandifolia,PA,531,Fagus grandifolia,late,80_-154,1517,59
PA|531|Fagus grandifolia,PA,531,Fagus grandifolia,late,80_-155,1315,39
PA|531|Fagus grandifolia,PA,531,Fagus grandifolia,late,80_-156,199,8
PA|531|Fagus grandifolia,PA,531,Fagus grandifolia,late,80_-157,331,7
PA|531|Fagus grandifolia,PA,531,Fagus grandifolia,late,80_-158,338,23
PA|531|Fagus grandifolia,PA,531,Fagus grandifolia,late,80_-159,932,114
PA|531|Fagus grandifolia,PA,531,Fagus grandifolia,late,80_-160,2379,105
PA|531|Fagus grandifolia,PA,531,Fagus grandifolia,late,80_-161,1703,89
PA|531|Fagus grandifolia,PA,531,Fagus grandifolia,late,80_-162,2,0
PA|531|Fagus grandifolia,PA,531,Fagus grandifolia,late,81_-151,1217,61
PA|531|Fagus grandifolia,PA,531,Fagus grandifolia,late,81_-152,859,23
PA|531|Fagus grandifolia,PA,531,Fagus grandifolia,late,81_-153,401,6
PA|531|Fagus grandifolia,PA,531,Fagus grandifolia,late,81_-154,535,10
PA|531|Fagus grandifolia,PA,531,Fagus grandifolia,late,81_-155,282,12
PA|531|Fagus grandifolia,PA,531,Fagus grandifolia,late,81_-156,1208,37
PA|531|Fagus grandifolia,PA,531,Fagus grandifolia,late,81_-157,347,17
PA|531|Fagus grandifolia,PA,531,Fagus grandifolia,late,81_-158,127,11
PA|531|Fagus grandifolia,PA,531,Fagus grandifolia,late,81_-159,399,26
PA|531|Fagus grandifolia,PA,531,Fagus grandifolia,late,81_-160,1242,104
PA|531|Fagus grandifolia,PA,531,Fagus grandifolia,late,81_-161,1410,101
PA|531|Fagus grandifolia,PA,531,Fagus grandifolia,late,81_-162,7,0
PA|531|Fagus grandifolia,PA,531,Fagus grandifolia,late,82_-150,206,10
PA|531|Fagus grandifolia,PA,531,Fagus grandifolia,late,82_-151,1161,112
PA|531|Fagus grandifolia,PA,531,Fagus grandifolia,late,82_-152,1099,95
PA|531|Fagus grandifolia,PA,531,Fagus grandifolia,late,82_-153,408,34
PA|531|Fagus grandifolia,PA,531,Fagus grandifolia,late,82_-154,237,16
PA|531|Fagus grandifolia,PA,531,Fagus grandifolia,late,82_-155,150,4
PA|531|Fagus grandifolia,PA,531,Fagus grandifolia,late,82_-156,142,8
PA|531|Fagus grandifolia,PA,531,Fagus grandifolia,late,82_-157,182,12
PA|531|Fagus grandifolia,PA,531,Fagus grandifolia,late,82_-158,517,45
PA|531|Fagus grandifolia,PA,531,Fagus grandifolia,late,82_-159,553,52
PA|531|Fagus grandifolia,PA,531,Fagus grandifolia,late,82_-160,161,8
PA|531|Fagus grandifolia,PA,531,Fagus grandifolia,late,82_-161,522,35
PA|531|Fagus grandifolia,PA,531,Fagus grandifolia,late,82_-162,9,2
PA|531|Fagus grandifolia,PA,531,Fagus grandifolia,late,83_-151,106,16
PA|531|Fagus grandifolia,PA,531,Fagus grandifolia,late,83_-152,276,31
PA|531|Fagus grandifolia,PA,531,Fagus grandifolia,late,83_-153,60,7
PA|531|Fagus grandifolia,PA,531,Fagus grandifolia,late,83_-154,78,7
PA|531|Fagus grandifolia,PA,531,Fagus grandifolia,late,83_-155,119,12
PA|531|Fagus grandifolia,PA,531,Fagus grandifolia,late,83_-156,152,20
PA|531|Fagus grandifolia,PA,531,Fagus grandifolia,late,83_-157,39,4
PA|531|Fagus grandifolia,PA,531,Fagus grandifolia,late,83_-158,246,25
PA|531|Fagus grandifolia,PA,531,Fagus grandifolia,late,83_-159,204,28
PA|531|Fagus grandifolia,PA,531,Fagus grandifolia,late,83_-160,138,19
PA|531|Fagus grandifolia,PA,531,Fagus grandifolia,late,83_-161,595,65
PA|531|Fagus grandifolia,PA,531,Fagus grandifolia,late,83_-162,10,1
PA|531|Fagus grandifolia,PA,531,Fagus grandifolia,late,84_-160,335,39
PA|531|Fagus grandifolia,PA,531,Fagus grandifolia,late,84_-161,926,58
PA|621|Liriodendron tulipifera,PA,621,Liriodendron tulipifera,early,79_-151,81,5
PA|621|Liriodendron tulipifera,PA,621,Liriodendron tulipifera,early,79_-152,74,3
PA|621|Liriodendron tulipifera,PA,621,Liriodendron tulipifera,early,79_-153,73,5
PA|621|Liriodendron tulipifera,PA,621,Liriodendron tulipifera,early,79_-154,32,2
PA|621|Liriodendron tulipifera,PA,621,Liriodendron tulipifera,early,79_-155,47,3
PA|621|Liriodendron tulipifera,PA,621,Liriodendron tulipifera,early,79_-156,11,0
PA|621|Liriodendron tulipifera,PA,621,Liriodendron tulipifera,early,79_-157,17,0
PA|621|Liriodendron tulipifera,PA,621,Liriodendron tulipifera,early,79_-158,6,0
PA|621|Liriodendron tulipifera,PA,621,Liriodendron tulipifera,early,79_-159,80,8
PA|621|Liriodendron tulipifera,PA,621,Liriodendron tulipifera,early,79_-160,62,6
PA|621|Liriodendron tulipifera,PA,621,Liriodendron tulipifera,early,79_-161,20,0
PA|621|Liriodendron tulipifera,PA,621,Liriodendron tulipifera,early,80_-150,39,3
PA|621|Liriodendron tulipifera,PA,621,Liriodendron tulipifera,early,80_-151,273,27
PA|621|Liriodendron tulipifera,PA,621,Liriodendron tulipifera,early,80_-152,70,8
PA|621|Liriodendron tulipifera,PA,621,Liriodendron tulipifera,early,80_-153,18,3
PA|621|Liriodendron tulipifera,PA,621,Liriodendron tulipifera,early,80_-154,94,3
PA|621|Liriodendron tulipifera,PA,621,Liriodendron tulipifera,early,80_-155,64,4
PA|621|Liriodendron tulipifera,PA,621,Liriodendron tulipifera,early,80_-156,17,1
PA|621|Liriodendron tulipifera,PA,621,Liriodendron tulipifera,early,80_-157,122,4
PA|621|Liriodendron tulipifera,PA,621,Liriodendron tulipifera,early,80_-158,28,0
PA|621|Liriodendron tulipifera,PA,621,Liriodendron tulipifera,early,80_-159,41,6
PA|621|Liriodendron tulipifera,PA,621,Liriodendron tulipifera,early,80_-160,328,26
PA|621|Liriodendron tulipifera,PA,621,Liriodendron tulipifera,early,80_-161,134,3
PA|621|Liriodendron tulipifera,PA,621,Liriodendron tulipifera,early,81_-151,22,1
PA|621|Liriodendron tulipifera,PA,621,Liriodendron tulipifera,early,81_-152,43,1
PA|621|Liriodendron tulipifera,PA,621,Liriodendron tulipifera,early,81_-153,22,3
PA|621|Liriodendron tulipifera,PA,621,Liriodendron tulipifera,early,81_-154,18,0
PA|621|Liriodendron tulipifera,PA,621,Liriodendron tulipifera,early,81_-155,9,0
PA|621|Liriodendron tulipifera,PA,621,Liriodendron tulipifera,early,81_-156,92,7
PA|621|Liriodendron tulipifera,PA,621,Liriodendron tulipifera,early,81_-157,56,1
PA|621|Liriodendron tulipifera,PA,621,Liriodendron tulipifera,early,81_-158,1,0
PA|621|Liriodendron tulipifera,PA,621,Liriodendron tulipifera,early,81_-159,11,0
PA|621|Liriodendron tulipifera,PA,621,Liriodendron tulipifera,early,81_-160,207,7
PA|621|Liriodendron tulipifera,PA,621,Liriodendron tulipifera,early,81_-161,122,4
PA|621|Liriodendron tulipifera,PA,621,Liriodendron tulipifera,early,81_-162,1,1
PA|621|Liriodendron tulipifera,PA,621,Liriodendron tulipifera,early,82_-150,20,1
PA|621|Liriodendron tulipifera,PA,621,Liriodendron tulipifera,early,82_-151,51,1
PA|621|Liriodendron tulipifera,PA,621,Liriodendron tulipifera,early,82_-152,87,1
PA|621|Liriodendron tulipifera,PA,621,Liriodendron tulipifera,early,82_-153,23,2
PA|621|Liriodendron tulipifera,PA,621,Liriodendron tulipifera,early,82_-154,22,0
PA|621|Liriodendron tulipifera,PA,621,Liriodendron tulipifera,early,82_-155,13,0
PA|621|Liriodendron tulipifera,PA,621,Liriodendron tulipifera,early,82_-156,12,0
PA|621|Liriodendron tulipifera,PA,621,Liriodendron tulipifera,early,82_-158,12,1
PA|621|Liriodendron tulipifera,PA,621,Liriodendron tulipifera,early,82_-159,12,0
PA|621|Liriodendron tulipifera,PA,621,Liriodendron tulipifera,early,82_-160,21,2
PA|621|Liriodendron tulipifera,PA,621,Liriodendron tulipifera,early,82_-161,18,4
PA|621|Liriodendron tulipifera,PA,621,Liriodendron tulipifera,early,82_-162,1,0
PA|621|Liriodendron tulipifera,PA,621,Liriodendron tulipifera,early,83_-151,20,0
PA|621|Liriodendron tulipifera,PA,621,Liriodendron tulipifera,early,83_-152,12,0
PA|621|Liriodendron tulipifera,PA,621,Liriodendron tulipifera,early,83_-153,1,0
PA|621|Liriodendron tulipifera,PA,621,Liriodendron tulipifera,early,83_-154,11,0
PA|621|Liriodendron tulipifera,PA,621,Liriodendron tulipifera,early,83_-156,2,0
PA|621|Liriodendron tulipifera,PA,621,Liriodendron tulipifera,early,83_-157,5,0
PA|621|Liriodendron tulipifera,PA,621,Liriodendron tulipifera,early,83_-158,14,0
PA|621|Liriodendron tulipifera,PA,621,Liriodendron tulipifera,early,83_-159,25,0
PA|621|Liriodendron tulipifera,PA,621,Liriodendron tulipifera,early,83_-160,12,2
PA|621|Liriodendron tulipifera,PA,621,Liriodendron tulipifera,early,83_-161,36,4
PA|621|Liriodendron tulipifera,PA,621,Liriodendron tulipifera,early,83_-162,2,0
PA|621|Liriodendron tulipifera,PA,621,Liriodendron tulipifera,early,84_-160,15,2
PA|621|Liriodendron tulipifera,PA,621,Liriodendron tulipifera,early,84_-161,57,2
PA|621|Liriodendron tulipifera,PA,621,Liriodendron tulipifera,late,79_-151,2225,200
PA|621|Liriodendron tulipifera,PA,621,Liriodendron tulipifera,late,79_-152,1137,137
PA|621|Liriodendron tulipifera,PA,621,Liriodendron tulipifera,late,79_-153,557,53
PA|621|Liriodendron tulipifera,PA,621,Liriodendron tulipifera,late,79_-154,363,37
PA|621|Liriodendron tulipifera,PA,621,Liriodendron tulipifera,late,79_-155,518,36
PA|621|Liriodendron tulipifera,PA,621,Liriodendron tulipifera,late,79_-156,124,7
PA|621|Liriodendron tulipifera,PA,621,Liriodendron tulipifera,late,79_-157,63,5
PA|621|Liriodendron tulipifera,PA,621,Liriodendron tulipifera,late,79_-158,89,6
PA|621|Liriodendron tulipifera,PA,621,Liriodendron tulipifera,late,79_-159,541,62
PA|621|Liriodendron tulipifera,PA,621,Liriodendron tulipifera,late,79_-160,293,26
PA|621|Liriodendron tulipifera,PA,621,Liriodendron tulipifera,late,79_-161,204,8
PA|621|Liriodendron tulipifera,PA,621,Liriodendron tulipifera,late,80_-150,847,87
PA|621|Liriodendron tulipifera,PA,621,Liriodendron tulipifera,late,80_-151,6828,610
PA|621|Liriodendron tulipifera,PA,621,Liriodendron tulipifera,late,80_-152,2046,233
PA|621|Liriodendron tulipifera,PA,621,Liriodendron tulipifera,late,80_-153,742,61
PA|621|Liriodendron tulipifera,PA,621,Liriodendron tulipifera,late,80_-154,1517,125
PA|621|Liriodendron tulipifera,PA,621,Liriodendron tulipifera,late,80_-155,1315,84
PA|621|Liriodendron tulipifera,PA,621,Liriodendron tulipifera,late,80_-156,199,14
PA|621|Liriodendron tulipifera,PA,621,Liriodendron tulipifera,late,80_-157,331,33
PA|621|Liriodendron tulipifera,PA,621,Liriodendron tulipifera,late,80_-158,338,16
PA|621|Liriodendron tulipifera,PA,621,Liriodendron tulipifera,late,80_-159,932,97
PA|621|Liriodendron tulipifera,PA,621,Liriodendron tulipifera,late,80_-160,2379,175
PA|621|Liriodendron tulipifera,PA,621,Liriodendron tulipifera,late,80_-161,1703,76
PA|621|Liriodendron tulipifera,PA,621,Liriodendron tulipifera,late,80_-162,2,0
PA|621|Liriodendron tulipifera,PA,621,Liriodendron tulipifera,late,81_-151,1217,102
PA|621|Liriodendron tulipifera,PA,621,Liriodendron tulipifera,late,81_-152,859,43
PA|621|Liriodendron tulipifera,PA,621,Liriodendron tulipifera,late,81_-153,401,34
PA|621|Liriodendron tulipifera,PA,621,Liriodendron tulipifera,late,81_-154,535,23
PA|621|Liriodendron tulipifera,PA,621,Liriodendron tulipifera,late,81_-155,282,23
PA|621|Liriodendron tulipifera,PA,621,Liriodendron tulipifera,late,81_-156,1208,78
PA|621|Liriodendron tulipifera,PA,621,Liriodendron tulipifera,late,81_-157,347,17
PA|621|Liriodendron tulipifera,PA,621,Liriodendron tulipifera,late,81_-158,127,10
PA|621|Liriodendron tulipifera,PA,621,Liriodendron tulipifera,late,81_-159,399,29
PA|621|Liriodendron tulipifera,PA,621,Liriodendron tulipifera,late,81_-160,1242,90
PA|621|Liriodendron tulipifera,PA,621,Liriodendron tulipifera,late,81_-161,1410,78
PA|621|Liriodendron tulipifera,PA,621,Liriodendron tulipifera,late,81_-162,7,0
PA|621|Liriodendron tulipifera,PA,621,Liriodendron tulipifera,late,82_-150,206,13
PA|621|Liriodendron tulipifera,PA,621,Liriodendron tulipifera,late,82_-151,1161,37
PA|621|Liriodendron tulipifera,PA,621,Liriodendron tulipifera,late,82_-152,1099,34
PA|621|Liriodendron tulipifera,PA,621,Liriodendron tulipifera,late,82_-153,408,23
PA|621|Liriodendron tulipifera,PA,621,Liriodendron tulipifera,late,82_-154,237,14
PA|621|Liriodendron tulipifera,PA,621,Liriodendron tulipifera,late,82_-155,150,8
PA|621|Liriodendron tulipifera,PA,621,Liriodendron tulipifera,late,82_-156,142,4
PA|621|Liriodendron tulipifera,PA,621,Liriodendron tulipifera,late,82_-157,182,8
PA|621|Liriodendron tulipifera,PA,621,Liriodendron tulipifera,late,82_-158,517,39
PA|621|Liriodendron tulipifera,PA,621,Liriodendron tulipifera,late,82_-159,553,18
PA|621|Liriodendron tulipifera,PA,621,Liriodendron tulipifera,late,82_-160,161,12
PA|621|Liriodendron tulipifera,PA,621,Liriodendron tulipifera,late,82_-161,522,52
PA|621|Liriodendron tulipifera,PA,621,Liriodendron tulipifera,late,82_-162,9,1
PA|621|Liriodendron tulipifera,PA,621,Liriodendron tulipifera,late,83_-151,106,1
PA|621|Liriodendron tulipifera,PA,621,Liriodendron tulipifera,late,83_-152,276,8
PA|621|Liriodendron tulipifera,PA,621,Liriodendron tulipifera,late,83_-153,60,1
PA|621|Liriodendron tulipifera,PA,621,Liriodendron tulipifera,late,83_-154,78,2
PA|621|Liriodendron tulipifera,PA,621,Liriodendron tulipifera,late,83_-155,119,4
PA|621|Liriodendron tulipifera,PA,621,Liriodendron tulipifera,late,83_-156,152,3
PA|621|Liriodendron tulipifera,PA,621,Liriodendron tulipifera,late,83_-157,39,1
PA|621|Liriodendron tulipifera,PA,621,Liriodendron tulipifera,late,83_-158,246,13
PA|621|Liriodendron tulipifera,PA,621,Liriodendron tulipifera,late,83_-159,204,9
PA|621|Liriodendron tulipifera,PA,621,Liriodendron tulipifera,late,83_-160,138,8
PA|621|Liriodendron tulipifera,PA,621,Liriodendron tulipifera,late,83_-161,595,80
PA|621|Liriodendron tulipifera,PA,621,Liriodendron tulipifera,late,83_-162,10,2
PA|621|Liriodendron tulipifera,PA,621,Liriodendron tulipifera,late,84_-160,335,34
PA|621|Liriodendron tulipifera,PA,621,Liriodendron tulipifera,late,84_-161,926,114
PA|693|Nyssa sylvatica,PA,693,Nyssa sylvatica,early,79_-151,81,3
PA|693|Nyssa sylvatica,PA,693,Nyssa sylvatica,early,79_-152,74,2
PA|693|Nyssa sylvatica,PA,693,Nyssa sylvatica,early,79_-153,73,1
PA|693|Nyssa sylvatica,PA,693,Nyssa sylvatica,early,79_-154,32,2
PA|693|Nyssa sylvatica,PA,693,Nyssa sylvatica,early,79_-155,47,0
PA|693|Nyssa sylvatica,PA,693,Nyssa sylvatica,early,79_-156,11,0
PA|693|Nyssa sylvatica,PA,693,Nyssa sylvatica,early,79_-157,17,0
PA|693|Nyssa sylvatica,PA,693,Nyssa sylvatica,early,79_-158,6,0
PA|693|Nyssa sylvatica,PA,693,Nyssa sylvatica,early,79_-159,80,0
PA|693|Nyssa sylvatica,PA,693,Nyssa sylvatica,early,79_-160,62,2
PA|693|Nyssa sylvatica,PA,693,Nyssa sylvatica,early,79_-161,20,0
PA|693|Nyssa sylvatica,PA,693,Nyssa sylvatica,early,80_-150,39,0
PA|693|Nyssa sylvatica,PA,693,Nyssa sylvatica,early,80_-151,273,1
PA|693|Nyssa sylvatica,PA,693,Nyssa sylvatica,early,80_-152,70,1
PA|693|Nyssa sylvatica,PA,693,Nyssa sylvatica,early,80_-153,18,0
PA|693|Nyssa sylvatica,PA,693,Nyssa sylvatica,early,80_-154,94,1
PA|693|Nyssa sylvatica,PA,693,Nyssa sylvatica,early,80_-155,64,3
PA|693|Nyssa sylvatica,PA,693,Nyssa sylvatica,early,80_-156,17,0
PA|693|Nyssa sylvatica,PA,693,Nyssa sylvatica,early,80_-157,122,3
PA|693|Nyssa sylvatica,PA,693,Nyssa sylvatica,early,80_-158,28,1
PA|693|Nyssa sylvatica,PA,693,Nyssa sylvatica,early,80_-159,41,0
PA|693|Nyssa sylvatica,PA,693,Nyssa sylvatica,early,80_-160,328,3
PA|693|Nyssa sylvatica,PA,693,Nyssa sylvatica,early,80_-161,134,0
PA|693|Nyssa sylvatica,PA,693,Nyssa sylvatica,early,81_-151,22,0
PA|693|Nyssa sylvatica,PA,693,Nyssa sylvatica,early,81_-152,43,2
PA|693|Nyssa sylvatica,PA,693,Nyssa sylvatica,early,81_-153,22,0
PA|693|Nyssa sylvatica,PA,693,Nyssa sylvatica,early,81_-154,18,0
PA|693|Nyssa sylvatica,PA,693,Nyssa sylvatica,early,81_-155,9,0
PA|693|Nyssa sylvatica,PA,693,Nyssa sylvatica,early,81_-156,92,1
PA|693|Nyssa sylvatica,PA,693,Nyssa sylvatica,early,81_-157,56,1
PA|693|Nyssa sylvatica,PA,693,Nyssa sylvatica,early,81_-158,1,0
PA|693|Nyssa sylvatica,PA,693,Nyssa sylvatica,early,81_-159,11,0
PA|693|Nyssa sylvatica,PA,693,Nyssa sylvatica,early,81_-160,207,3
PA|693|Nyssa sylvatica,PA,693,Nyssa sylvatica,early,81_-161,122,1
PA|693|Nyssa sylvatica,PA,693,Nyssa sylvatica,early,81_-162,1,0
PA|693|Nyssa sylvatica,PA,693,Nyssa sylvatica,early,82_-150,20,1
PA|693|Nyssa sylvatica,PA,693,Nyssa sylvatica,early,82_-151,51,1
PA|693|Nyssa sylvatica,PA,693,Nyssa sylvatica,early,82_-152,87,6
PA|693|Nyssa sylvatica,PA,693,Nyssa sylvatica,early,82_-153,23,1
PA|693|Nyssa sylvatica,PA,693,Nyssa sylvatica,early,82_-154,22,0
PA|693|Nyssa sylvatica,PA,693,Nyssa sylvatica,early,82_-155,13,1
PA|693|Nyssa sylvatica,PA,693,Nyssa sylvatica,early,82_-156,12,0
PA|693|Nyssa sylvatica,PA,693,Nyssa sylvatica,early,82_-158,12,0
PA|693|Nyssa sylvatica,PA,693,Nyssa sylvatica,early,82_-159,12,1
PA|693|Nyssa sylvatica,PA,693,Nyssa sylvatica,early,82_-160,21,1
PA|693|Nyssa sylvatica,PA,693,Nyssa sylvatica,early,82_-161,18,0
PA|693|Nyssa sylvatica,PA,693,Nyssa sylvatica,early,82_-162,1,0
PA|693|Nyssa sylvatica,PA,693,Nyssa sylvatica,early,83_-151,20,0
PA|693|Nyssa sylvatica,PA,693,Nyssa sylvatica,early,83_-152,12,0
PA|693|Nyssa sylvatica,PA,693,Nyssa sylvatica,early,83_-153,1,0
PA|693|Nyssa sylvatica,PA,693,Nyssa sylvatica,early,83_-154,11,0
PA|693|Nyssa sylvatica,PA,693,Nyssa sylvatica,early,83_-156,2,0
PA|693|Nyssa sylvatica,PA,693,Nyssa sylvatica,early,83_-157,5,0
PA|693|Nyssa sylvatica,PA,693,Nyssa sylvatica,early,83_-158,14,0
PA|693|Nyssa sylvatica,PA,693,Nyssa sylvatica,early,83_-159,25,1
PA|693|Nyssa sylvatica,PA,693,Nyssa sylvatica,early,83_-160,12,0
PA|693|Nyssa sylvatica,PA,693,Nyssa sylvatica,early,83_-161,36,2
PA|693|Nyssa sylvatica,PA,693,Nyssa sylvatica,early,83_-162,2,0
PA|693|Nyssa sylvatica,PA,693,Nyssa sylvatica,early,84_-160,15,0
PA|693|Nyssa sylvatica,PA,693,Nyssa sylvatica,early,84_-161,57,0
PA|693|Nyssa sylvatica,PA,693,Nyssa sylvatica,late,79_-151,2225,39
PA|693|Nyssa sylvatica,PA,693,Nyssa sylvatica,late,79_-152,1137,34
PA|693|Nyssa sylvatica,PA,693,Nyssa sylvatica,late,79_-153,557,12
PA|693|Nyssa sylvatica,PA,693,Nyssa sylvatica,late,79_-154,363,8
PA|693|Nyssa sylvatica,PA,693,Nyssa sylvatica,late,79_-155,518,12
PA|693|Nyssa sylvatica,PA,693,Nyssa sylvatica,late,79_-156,124,4
PA|693|Nyssa sylvatica,PA,693,Nyssa sylvatica,late,79_-157,63,1
PA|693|Nyssa sylvatica,PA,693,Nyssa sylvatica,late,79_-158,89,1
PA|693|Nyssa sylvatica,PA,693,Nyssa sylvatica,late,79_-159,541,14
PA|693|Nyssa sylvatica,PA,693,Nyssa sylvatica,late,79_-160,293,13
PA|693|Nyssa sylvatica,PA,693,Nyssa sylvatica,late,79_-161,204,0
PA|693|Nyssa sylvatica,PA,693,Nyssa sylvatica,late,80_-150,847,9
PA|693|Nyssa sylvatica,PA,693,Nyssa sylvatica,late,80_-151,6828,139
PA|693|Nyssa sylvatica,PA,693,Nyssa sylvatica,late,80_-152,2046,49
PA|693|Nyssa sylvatica,PA,693,Nyssa sylvatica,late,80_-153,742,8
PA|693|Nyssa sylvatica,PA,693,Nyssa sylvatica,late,80_-154,1517,30
PA|693|Nyssa sylvatica,PA,693,Nyssa sylvatica,late,80_-155,1315,46
PA|693|Nyssa sylvatica,PA,693,Nyssa sylvatica,late,80_-156,199,7
PA|693|Nyssa sylvatica,PA,693,Nyssa sylvatica,late,80_-157,331,4
PA|693|Nyssa sylvatica,PA,693,Nyssa sylvatica,late,80_-158,338,1
PA|693|Nyssa sylvatica,PA,693,Nyssa sylvatica,late,80_-159,932,27
PA|693|Nyssa sylvatica,PA,693,Nyssa sylvatica,late,80_-160,2379,18
PA|693|Nyssa sylvatica,PA,693,Nyssa sylvatica,late,80_-161,1703,14
PA|693|Nyssa sylvatica,PA,693,Nyssa sylvatica,late,80_-162,2,0
PA|693|Nyssa sylvatica,PA,693,Nyssa sylvatica,late,81_-151,1217,15
PA|693|Nyssa sylvatica,PA,693,Nyssa sylvatica,late,81_-152,859,33
PA|693|Nyssa sylvatica,PA,693,Nyssa sylvatica,late,81_-153,401,13
PA|693|Nyssa sylvatica,PA,693,Nyssa sylvatica,late,81_-154,535,12
PA|693|Nyssa sylvatica,PA,693,Nyssa sylvatica,late,81_-155,282,5
PA|693|Nyssa sylvatica,PA,693,Nyssa sylvatica,late,81_-156,1208,24
PA|693|Nyssa sylvatica,PA,693,Nyssa sylvatica,late,81_-157,347,3
PA|693|Nyssa sylvatica,PA,693,Nyssa sylvatica,late,81_-158,127,1
PA|693|Nyssa sylvatica,PA,693,Nyssa sylvatica,late,81_-159,399,5
PA|693|Nyssa sylvatica,PA,693,Nyssa sylvatica,late,81_-160,1242,25
PA|693|Nyssa sylvatica,PA,693,Nyssa sylvatica,late,81_-161,1410,18
PA|693|Nyssa sylvatica,PA,693,Nyssa sylvatica,late,81_-162,7,0
PA|693|Nyssa sylvatica,PA,693,Nyssa sylvatica,late,82_-150,206,0
PA|693|Nyssa sylvatica,PA,693,Nyssa sylvatica,late,82_-151,1161,16
PA|693|Nyssa sylvatica,PA,693,Nyssa sylvatica,late,82_-152,1099,23
PA|693|Nyssa sylvatica,PA,693,Nyssa sylvatica,late,82_-153,408,11
PA|693|Nyssa sylvatica,PA,693,Nyssa sylvatica,late,82_-154,237,1
PA|693|Nyssa sylvatica,PA,693,Nyssa sylvatica,late,82_-155,150,4
PA|693|Nyssa sylvatica,PA,693,Nyssa sylvatica,late,82_-156,142,2
PA|693|Nyssa sylvatica,PA,693,Nyssa sylvatica,late,82_-157,182,2
PA|693|Nyssa sylvatica,PA,693,Nyssa sylvatica,late,82_-158,517,6
PA|693|Nyssa sylvatica,PA,693,Nyssa sylvatica,late,82_-159,553,20
PA|693|Nyssa sylvatica,PA,693,Nyssa sylvatica,late,82_-160,161,4
PA|693|Nyssa sylvatica,PA,693,Nyssa sylvatica,late,82_-161,522,13
PA|693|Nyssa sylvatica,PA,693,Nyssa sylvatica,late,82_-162,9,0
PA|693|Nyssa sylvatica,PA,693,Nyssa sylvatica,late,83_-151,106,2
PA|693|Nyssa sylvatica,PA,693,Nyssa sylvatica,late,83_-152,276,1
PA|693|Nyssa sylvatica,PA,693,Nyssa sylvatica,late,83_-153,60,0
PA|693|Nyssa sylvatica,PA,693,Nyssa sylvatica,late,83_-154,78,1
PA|693|Nyssa sylvatica,PA,693,Nyssa sylvatica,late,83_-155,119,0
PA|693|Nyssa sylvatica,PA,693,Nyssa sylvatica,late,83_-156,152,0
PA|693|Nyssa sylvatica,PA,693,Nyssa sylvatica,late,83_-157,39,0
PA|693|Nyssa sylvatica,PA,693,Nyssa sylvatica,late,83_-158,246,2
PA|693|Nyssa sylvatica,PA,693,Nyssa sylvatica,late,83_-159,204,2
PA|693|Nyssa sylvatica,PA,693,Nyssa sylvatica,late,83_-160,138,1
PA|693|Nyssa sylvatica,PA,693,Nyssa sylvatica,late,83_-161,595,16
PA|693|Nyssa sylvatica,PA,693,Nyssa sylvatica,late,83_-162,10,2
PA|693|Nyssa sylvatica,PA,693,Nyssa sylvatica,late,84_-160,335,3
PA|693|Nyssa sylvatica,PA,693,Nyssa sylvatica,late,84_-161,926,18
PA|762|Prunus serotina,PA,762,Prunus serotina,early,79_-151,81,4
PA|762|Prunus serotina,PA,762,Prunus serotina,early,79_-152,74,1
PA|762|Prunus serotina,PA,762,Prunus serotina,early,79_-153,73,5
PA|762|Prunus serotina,PA,762,Prunus serotina,early,79_-154,32,1
PA|762|Prunus serotina,PA,762,Prunus serotina,early,79_-155,47,0
PA|762|Prunus serotina,PA,762,Prunus serotina,early,79_-156,11,0
PA|762|Prunus serotina,PA,762,Prunus serotina,early,79_-157,17,0
PA|762|Prunus serotina,PA,762,Prunus serotina,early,79_-158,6,0
PA|762|Prunus serotina,PA,762,Prunus serotina,early,79_-159,80,1
PA|762|Prunus serotina,PA,762,Prunus serotina,early,79_-160,62,4
PA|762|Prunus serotina,PA,762,Prunus serotina,early,79_-161,20,1
PA|762|Prunus serotina,PA,762,Prunus serotina,early,80_-150,39,6
PA|762|Prunus serotina,PA,762,Prunus serotina,early,80_-151,273,11
PA|762|Prunus serotina,PA,762,Prunus serotina,early,80_-152,70,4
PA|762|Prunus serotina,PA,762,Prunus serotina,early,80_-153,18,0
PA|762|Prunus serotina,PA,762,Prunus serotina,early,80_-154,94,1
PA|762|Prunus serotina,PA,762,Prunus serotina,early,80_-155,64,1
PA|762|Prunus serotina,PA,762,Prunus serotina,early,80_-156,17,0
PA|762|Prunus serotina,PA,762,Prunus serotina,early,80_-157,122,7
PA|762|Prunus serotina,PA,762,Prunus serotina,early,80_-158,28,0
PA|762|Prunus serotina,PA,762,Prunus serotina,early,80_-159,41,0
PA|762|Prunus serotina,PA,762,Prunus serotina,early,80_-160,328,9
PA|762|Prunus serotina,PA,762,Prunus serotina,early,80_-161,134,5
PA|762|Prunus serotina,PA,762,Prunus serotina,early,81_-151,22,1
PA|762|Prunus serotina,PA,762,Prunus serotina,early,81_-152,43,3
PA|762|Prunus serotina,PA,762,Prunus serotina,early,81_-153,22,0
PA|762|Prunus serotina,PA,762,Prunus serotina,early,81_-154,18,0
PA|762|Prunus serotina,PA,762,Prunus serotina,early,81_-155,9,0
PA|762|Prunus serotina,PA,762,Prunus serotina,early,81_-156,92,2
PA|762|Prunus serotina,PA,762,Prunus serotina,early,81_-157,56,1
PA|762|Prunus serotina,PA,762,Prunus serotina,early,81_-158,1,0
PA|762|Prunus serotina,PA,762,Prunus serotina,early,81_-159,11,0
PA|762|Prunus serotina,PA,762,Prunus serotina,early,81_-160,207,9
PA|762|Prunus serotina,PA,762,Prunus serotina,early,81_-161,122,2
PA|762|Prunus serotina,PA,762,Prunus serotina,early,81_-162,1,0
PA|762|Prunus serotina,PA,762,Prunus serotina,early,82_-150,20,1
PA|762|Prunus serotina,PA,762,Prunus serotina,early,82_-151,51,0
PA|762|Prunus serotina,PA,762,Prunus serotina,early,82_-152,87,3
PA|762|Prunus serotina,PA,762,Prunus serotina,early,82_-153,23,2
PA|762|Prunus serotina,PA,762,Prunus serotina,early,82_-154,22,0
PA|762|Prunus serotina,PA,762,Prunus serotina,early,82_-155,13,0
PA|762|Prunus serotina,PA,762,Prunus serotina,early,82_-156,12,0
PA|762|Prunus serotina,PA,762,Prunus serotina,early,82_-158,12,1
PA|762|Prunus serotina,PA,762,Prunus serotina,early,82_-159,12,0
PA|762|Prunus serotina,PA,762,Prunus serotina,early,82_-160,21,1
PA|762|Prunus serotina,PA,762,Prunus serotina,early,82_-161,18,1
PA|762|Prunus serotina,PA,762,Prunus serotina,early,82_-162,1,0
PA|762|Prunus serotina,PA,762,Prunus serotina,early,83_-151,20,2
PA|762|Prunus serotina,PA,762,Prunus serotina,early,83_-152,12,1
PA|762|Prunus serotina,PA,762,Prunus serotina,early,83_-153,1,0
PA|762|Prunus serotina,PA,762,Prunus serotina,early,83_-154,11,1
PA|762|Prunus serotina,PA,762,Prunus serotina,early,83_-156,2,0
PA|762|Prunus serotina,PA,762,Prunus serotina,early,83_-157,5,0
PA|762|Prunus serotina,PA,762,Prunus serotina,early,83_-158,14,0
PA|762|Prunus serotina,PA,762,Prunus serotina,early,83_-159,25,1
PA|762|Prunus serotina,PA,762,Prunus serotina,early,83_-160,12,0
PA|762|Prunus serotina,PA,762,Prunus serotina,early,83_-161,36,1
PA|762|Prunus serotina,PA,762,Prunus serotina,early,83_-162,2,0
PA|762|Prunus serotina,PA,762,Prunus serotina,early,84_-160,15,1
PA|762|Prunus serotina,PA,762,Prunus serotina,early,84_-161,57,5
PA|762|Prunus serotina,PA,762,Prunus serotina,late,79_-151,2225,75
PA|762|Prunus serotina,PA,762,Prunus serotina,late,79_-152,1137,23
PA|762|Prunus serotina,PA,762,Prunus serotina,late,79_-153,557,14
PA|762|Prunus serotina,PA,762,Prunus serotina,late,79_-154,363,11
PA|762|Prunus serotina,PA,762,Prunus serotina,late,79_-155,518,16
PA|762|Prunus serotina,PA,762,Prunus serotina,late,79_-156,124,4
PA|762|Prunus serotina,PA,762,Prunus serotina,late,79_-157,63,2
PA|762|Prunus serotina,PA,762,Prunus serotina,late,79_-158,89,2
PA|762|Prunus serotina,PA,762,Prunus serotina,late,79_-159,541,5
PA|762|Prunus serotina,PA,762,Prunus serotina,late,79_-160,293,11
PA|762|Prunus serotina,PA,762,Prunus serotina,late,79_-161,204,3
PA|762|Prunus serotina,PA,762,Prunus serotina,late,80_-150,847,18
PA|762|Prunus serotina,PA,762,Prunus serotina,late,80_-151,6828,177
PA|762|Prunus serotina,PA,762,Prunus serotina,late,80_-152,2046,40
PA|762|Prunus serotina,PA,762,Prunus serotina,late,80_-153,742,25
PA|762|Prunus serotina,PA,762,Prunus serotina,late,80_-154,1517,41
PA|762|Prunus serotina,PA,762,Prunus serotina,late,80_-155,1315,32
PA|762|Prunus serotina,PA,762,Prunus serotina,late,80_-156,199,3
PA|762|Prunus serotina,PA,762,Prunus serotina,late,80_-157,331,3
PA|762|Prunus serotina,PA,762,Prunus serotina,late,80_-158,338,9
PA|762|Prunus serotina,PA,762,Prunus serotina,late,80_-159,932,10
PA|762|Prunus serotina,PA,762,Prunus serotina,late,80_-160,2379,60
PA|762|Prunus serotina,PA,762,Prunus serotina,late,80_-161,1703,41
PA|762|Prunus serotina,PA,762,Prunus serotina,late,80_-162,2,0
PA|762|Prunus serotina,PA,762,Prunus serotina,late,81_-151,1217,23
PA|762|Prunus serotina,PA,762,Prunus serotina,late,81_-152,859,12
PA|762|Prunus serotina,PA,762,Prunus serotina,late,81_-153,401,13
PA|762|Prunus serotina,PA,762,Prunus serotina,late,81_-154,535,20
PA|762|Prunus serotina,PA,762,Prunus serotina,late,81_-155,282,5
PA|762|Prunus serotina,PA,762,Prunus serotina,late,81_-156,1208,33
PA|762|Prunus serotina,PA,762,Prunus serotina,late,81_-157,347,9
PA|762|Prunus serotina,PA,762,Prunus serotina,late,81_-158,127,3
PA|762|Prunus serotina,PA,762,Prunus serotina,late,81_-159,399,10
PA|762|Prunus serotina,PA,762,Prunus serotina,late,81_-160,1242,38
PA|762|Prunus serotina,PA,762,Prunus serotina,late,81_-161,1410,40
PA|762|Prunus serotina,PA,762,Prunus serotina,late,81_-162,7,0
PA|762|Prunus serotina,PA,762,Prunus serotina,late,82_-150,206,2
PA|762|Prunus serotina,PA,762,Prunus serotina,late,82_-151,1161,32
PA|762|Prunus serotina,PA,762,Prunus serotina,late,82_-152,1099,29
PA|762|Prunus serotina,PA,762,Prunus serotina,late,82_-153,408,9
PA|762|Prunus serotina,PA,762,Prunus serotina,late,82_-154,237,9
PA|762|Prunus serotina,PA,762,Prunus serotina,late,82_-155,150,1
PA|762|Prunus serotina,PA,762,Prunus serotina,late,82_-156,142,1
PA|762|Prunus serotina,PA,762,Prunus serotina,late,82_-157,182,4
PA|762|Prunus serotina,PA,762,Prunus serotina,late,82_-158,517,20
PA|762|Prunus serotina,PA,762,Prunus serotina,late,82_-159,553,17
PA|762|Prunus serotina,PA,762,Prunus serotina,late,82_-160,161,9
PA|762|Prunus serotina,PA,762,Prunus serotina,late,82_-161,522,17
PA|762|Prunus serotina,PA,762,Prunus serotina,late,82_-162,9,0
PA|762|Prunus serotina,PA,762,Prunus serotina,late,83_-151,106,3
PA|762|Prunus serotina,PA,762,Prunus serotina,late,83_-152,276,10
PA|762|Prunus serotina,PA,762,Prunus serotina,late,83_-153,60,1
PA|762|Prunus serotina,PA,762,Prunus serotina,late,83_-154,78,4
PA|762|Prunus serotina,PA,762,Prunus serotina,late,83_-155,119,3
PA|762|Prunus serotina,PA,762,Prunus serotina,late,83_-156,152,7
PA|762|Prunus serotina,PA,762,Prunus serotina,late,83_-157,39,0
PA|762|Prunus serotina,PA,762,Prunus serotina,late,83_-158,246,12
PA|762|Prunus serotina,PA,762,Prunus serotina,late,83_-159,204,8
PA|762|Prunus serotina,PA,762,Prunus serotina,late,83_-160,138,5
PA|762|Prunus serotina,PA,762,Prunus serotina,late,83_-161,595,20
PA|762|Prunus serotina,PA,762,Prunus serotina,late,83_-162,10,0
PA|762|Prunus serotina,PA,762,Prunus serotina,late,84_-160,335,18
PA|762|Prunus serotina,PA,762,Prunus serotina,late,84_-161,926,41
PA|802|Quercus alba,PA,802,Quercus alba,early,79_-151,81,4
PA|802|Quercus alba,PA,802,Quercus alba,early,79_-152,74,7
PA|802|Quercus alba,PA,802,Quercus alba,early,79_-153,73,0
PA|802|Quercus alba,PA,802,Quercus alba,early,79_-154,32,1
PA|802|Quercus alba,PA,802,Quercus alba,early,79_-155,47,5
PA|802|Quercus alba,PA,802,Quercus alba,early,79_-156,11,1
PA|802|Quercus alba,PA,802,Quercus alba,early,79_-157,17,0
PA|802|Quercus alba,PA,802,Quercus alba,early,79_-158,6,0
PA|802|Quercus alba,PA,802,Quercus alba,early,79_-159,80,2
PA|802|Quercus alba,PA,802,Quercus alba,early,79_-160,62,2
PA|802|Quercus alba,PA,802,Quercus alba,early,79_-161,20,0
PA|802|Quercus alba,PA,802,Quercus alba,early,80_-150,39,0
PA|802|Quercus alba,PA,802,Quercus alba,early,80_-151,273,7
PA|802|Quercus alba,PA,802,Quercus alba,early,80_-152,70,2
PA|802|Quercus alba,PA,802,Quercus alba,early,80_-153,18,1
PA|802|Quercus alba,PA,802,Quercus alba,early,80_-154,94,8
PA|802|Quercus alba,PA,802,Quercus alba,early,80_-155,64,5
PA|802|Quercus alba,PA,802,Quercus alba,early,80_-156,17,2
PA|802|Quercus alba,PA,802,Quercus alba,early,80_-157,122,6
PA|802|Quercus alba,PA,802,Quercus alba,early,80_-158,28,3
PA|802|Quercus alba,PA,802,Quercus alba,early,80_-159,41,1
PA|802|Quercus alba,PA,802,Quercus alba,early,80_-160,328,9
PA|802|Quercus alba,PA,802,Quercus alba,early,80_-161,134,3
PA|802|Quercus alba,PA,802,Quercus alba,early,81_-151,22,0
PA|802|Quercus alba,PA,802,Quercus alba,early,81_-152,43,1
PA|802|Quercus alba,PA,802,Quercus alba,early,81_-153,22,0
PA|802|Quercus alba,PA,802,Quercus alba,early,81_-154,18,1
PA|802|Quercus alba,PA,802,Quercus alba,early,81_-155,9,0
PA|802|Quercus alba,PA,802,Quercus alba,early,81_-156,92,2
PA|802|Quercus alba,PA,802,Quercus alba,early,81_-157,56,2
PA|802|Quercus alba,PA,802,Quercus alba,early,81_-158,1,0
PA|802|Quercus alba,PA,802,Quercus alba,early,81_-159,11,0
PA|802|Quercus alba,PA,802,Quercus alba,early,81_-160,207,7
PA|802|Quercus alba,PA,802,Quercus alba,early,81_-161,122,2
PA|802|Quercus alba,PA,802,Quercus alba,early,81_-162,1,0
PA|802|Quercus alba,PA,802,Quercus alba,early,82_-150,20,1
PA|802|Quercus alba,PA,802,Quercus alba,early,82_-151,51,3
PA|802|Quercus alba,PA,802,Quercus alba,early,82_-152,87,2
PA|802|Quercus alba,PA,802,Quercus alba,early,82_-153,23,0
PA|802|Quercus alba,PA,802,Quercus alba,early,82_-154,22,0
PA|802|Quercus alba,PA,802,Quercus alba,early,82_-155,13,0
PA|802|Quercus alba,PA,802,Quercus alba,early,82_-156,12,1
PA|802|Quercus alba,PA,802,Quercus alba,early,82_-158,12,1
PA|802|Quercus alba,PA,802,Quercus alba,early,82_-159,12,0
PA|802|Quercus alba,PA,802,Quercus alba,early,82_-160,21,1
PA|802|Quercus alba,PA,802,Quercus alba,early,82_-161,18,0
PA|802|Quercus alba,PA,802,Quercus alba,early,82_-162,1,0
PA|802|Quercus alba,PA,802,Quercus alba,early,83_-151,20,1
PA|802|Quercus alba,PA,802,Quercus alba,early,83_-152,12,0
PA|802|Quercus alba,PA,802,Quercus alba,early,83_-153,1,0
PA|802|Quercus alba,PA,802,Quercus alba,early,83_-154,11,0
PA|802|Quercus alba,PA,802,Quercus alba,early,83_-156,2,0
PA|802|Quercus alba,PA,802,Quercus alba,early,83_-157,5,0
PA|802|Quercus alba,PA,802,Quercus alba,early,83_-158,14,0
PA|802|Quercus alba,PA,802,Quercus alba,early,83_-159,25,0
PA|802|Quercus alba,PA,802,Quercus alba,early,83_-160,12,0
PA|802|Quercus alba,PA,802,Quercus alba,early,83_-161,36,0
PA|802|Quercus alba,PA,802,Quercus alba,early,83_-162,2,0
PA|802|Quercus alba,PA,802,Quercus alba,early,84_-160,15,0
PA|802|Quercus alba,PA,802,Quercus alba,early,84_-161,57,1
PA|802|Quercus alba,PA,802,Quercus alba,late,79_-151,2225,49
PA|802|Quercus alba,PA,802,Quercus alba,late,79_-152,1137,30
PA|802|Quercus alba,PA,802,Quercus alba,late,79_-153,557,12
PA|802|Quercus alba,PA,802,Quercus alba,late,79_-154,363,6
PA|802|Quercus alba,PA,802,Quercus alba,late,79_-155,518,26
PA|802|Quercus alba,PA,802,Quercus alba,late,79_-156,124,3
PA|802|Quercus alba,PA,802,Quercus alba,late,79_-157,63,2
PA|802|Quercus alba,PA,802,Quercus alba,late,79_-158,89,2
PA|802|Quercus alba,PA,802,Quercus alba,late,79_-159,541,23
PA|802|Quercus alba,PA,802,Quercus alba,late,79_-160,293,12
PA|802|Quercus alba,PA,802,Quercus alba,late,79_-161,204,9
PA|802|Quercus alba,PA,802,Quercus alba,late,80_-150,847,19
PA|802|Quercus alba,PA,802,Quercus alba,late,80_-151,6828,212
PA|802|Quercus alba,PA,802,Quercus alba,late,80_-152,2046,46
PA|802|Quercus alba,PA,802,Quercus alba,late,80_-153,742,12
PA|802|Quercus alba,PA,802,Quercus alba,late,80_-154,1517,28
PA|802|Quercus alba,PA,802,Quercus alba,late,80_-155,1315,53
PA|802|Quercus alba,PA,802,Quercus alba,late,80_-156,199,3
PA|802|Quercus alba,PA,802,Quercus alba,late,80_-157,331,5
PA|802|Quercus alba,PA,802,Quercus alba,late,80_-158,338,4
PA|802|Quercus alba,PA,802,Quercus alba,late,80_-159,932,15
PA|802|Quercus alba,PA,802,Quercus alba,late,80_-160,2379,54
PA|802|Quercus alba,PA,802,Quercus alba,late,80_-161,1703,33
PA|802|Quercus alba,PA,802,Quercus alba,late,80_-162,2,0
PA|802|Quercus alba,PA,802,Quercus alba,late,81_-151,1217,28
PA|802|Quercus alba,PA,802,Quercus alba,late,81_-152,859,22
PA|802|Quercus alba,PA,802,Quercus alba,late,81_-153,401,18
PA|802|Quercus alba,PA,802,Quercus alba,late,81_-154,535,15
PA|802|Quercus alba,PA,802,Quercus alba,late,81_-155,282,8
PA|802|Quercus alba,PA,802,Quercus alba,late,81_-156,1208,33
PA|802|Quercus alba,PA,802,Quercus alba,late,81_-157,347,18
PA|802|Quercus alba,PA,802,Quercus alba,late,81_-158,127,4
PA|802|Quercus alba,PA,802,Quercus alba,late,81_-159,399,16
PA|802|Quercus alba,PA,802,Quercus alba,late,81_-160,1242,33
PA|802|Quercus alba,PA,802,Quercus alba,late,81_-161,1410,35
PA|802|Quercus alba,PA,802,Quercus alba,late,81_-162,7,2
PA|802|Quercus alba,PA,802,Quercus alba,late,82_-150,206,12
PA|802|Quercus alba,PA,802,Quercus alba,late,82_-151,1161,36
PA|802|Quercus alba,PA,802,Quercus alba,late,82_-152,1099,33
PA|802|Quercus alba,PA,802,Quercus alba,late,82_-153,408,7
PA|802|Quercus alba,PA,802,Quercus alba,late,82_-154,237,2
PA|802|Quercus alba,PA,802,Quercus alba,late,82_-155,150,2
PA|802|Quercus alba,PA,802,Quercus alba,late,82_-156,142,3
PA|802|Quercus alba,PA,802,Quercus alba,late,82_-157,182,5
PA|802|Quercus alba,PA,802,Quercus alba,late,82_-158,517,12
PA|802|Quercus alba,PA,802,Quercus alba,late,82_-159,553,17
PA|802|Quercus alba,PA,802,Quercus alba,late,82_-160,161,5
PA|802|Quercus alba,PA,802,Quercus alba,late,82_-161,522,20
PA|802|Quercus alba,PA,802,Quercus alba,late,82_-162,9,1
PA|802|Quercus alba,PA,802,Quercus alba,late,83_-151,106,4
PA|802|Quercus alba,PA,802,Quercus alba,late,83_-152,276,2
PA|802|Quercus alba,PA,802,Quercus alba,late,83_-153,60,3
PA|802|Quercus alba,PA,802,Quercus alba,late,83_-154,78,3
PA|802|Quercus alba,PA,802,Quercus alba,late,83_-155,119,3
PA|802|Quercus alba,PA,802,Quercus alba,late,83_-156,152,5
PA|802|Quercus alba,PA,802,Quercus alba,late,83_-157,39,0
PA|802|Quercus alba,PA,802,Quercus alba,late,83_-158,246,4
PA|802|Quercus alba,PA,802,Quercus alba,late,83_-159,204,3
PA|802|Quercus alba,PA,802,Quercus alba,late,83_-160,138,1
PA|802|Quercus alba,PA,802,Quercus alba,late,83_-161,595,7
PA|802|Quercus alba,PA,802,Quercus alba,late,83_-162,10,0
PA|802|Quercus alba,PA,802,Quercus alba,late,84_-160,335,0
PA|802|Quercus alba,PA,802,Quercus alba,late,84_-161,926,8
PA|832|Quercus prinus,PA,832,Quercus prinus,early,79_-151,81,0
PA|832|Quercus prinus,PA,832,Quercus prinus,early,79_-152,74,1
PA|832|Quercus prinus,PA,832,Quercus prinus,early,79_-153,73,2
PA|832|Quercus prinus,PA,832,Quercus prinus,early,79_-154,32,4
PA|832|Quercus prinus,PA,832,Quercus prinus,early,79_-155,47,1
PA|832|Quercus prinus,PA,832,Quercus prinus,early,79_-156,11,0
PA|832|Quercus prinus,PA,832,Quercus prinus,early,79_-157,17,4
PA|832|Quercus prinus,PA,832,Quercus prinus,early,79_-158,6,0
PA|832|Quercus prinus,PA,832,Quercus prinus,early,79_-159,80,5
PA|832|Quercus prinus,PA,832,Quercus prinus,early,79_-160,62,4
PA|832|Quercus prinus,PA,832,Quercus prinus,early,79_-161,20,0
PA|832|Quercus prinus,PA,832,Quercus prinus,early,80_-150,39,0
PA|832|Quercus prinus,PA,832,Quercus prinus,early,80_-151,273,4
PA|832|Quercus prinus,PA,832,Quercus prinus,early,80_-152,70,3
PA|832|Quercus prinus,PA,832,Quercus prinus,early,80_-153,18,0
PA|832|Quercus prinus,PA,832,Quercus prinus,early,80_-154,94,3
PA|832|Quercus prinus,PA,832,Quercus prinus,early,80_-155,64,6
PA|832|Quercus prinus,PA,832,Quercus prinus,early,80_-156,17,0
PA|832|Quercus prinus,PA,832,Quercus prinus,early,80_-157,122,6
PA|832|Quercus prinus,PA,832,Quercus prinus,early,80_-158,28,1
PA|832|Quercus prinus,PA,832,Quercus prinus,early,80_-159,41,0
PA|832|Quercus prinus,PA,832,Quercus prinus,early,80_-160,328,4
PA|832|Quercus prinus,PA,832,Quercus prinus,early,80_-161,134,2
PA|832|Quercus prinus,PA,832,Quercus prinus,early,81_-151,22,0
PA|832|Quercus prinus,PA,832,Quercus prinus,early,81_-152,43,1
PA|832|Quercus prinus,PA,832,Quercus prinus,early,81_-153,22,1
PA|832|Quercus prinus,PA,832,Quercus prinus,early,81_-154,18,1
PA|832|Quercus prinus,PA,832,Quercus prinus,early,81_-155,9,0
PA|832|Quercus prinus,PA,832,Quercus prinus,early,81_-156,92,7
PA|832|Quercus prinus,PA,832,Quercus prinus,early,81_-157,56,4
PA|832|Quercus prinus,PA,832,Quercus prinus,early,81_-158,1,0
PA|832|Quercus prinus,PA,832,Quercus prinus,early,81_-159,11,0
PA|832|Quercus prinus,PA,832,Quercus prinus,early,81_-160,207,3
PA|832|Quercus prinus,PA,832,Quercus prinus,early,81_-161,122,0
PA|832|Quercus prinus,PA,832,Quercus prinus,early,81_-162,1,0
PA|832|Quercus prinus,PA,832,Quercus prinus,early,82_-150,20,0
PA|832|Quercus prinus,PA,832,Quercus prinus,early,82_-151,51,2
PA|832|Quercus prinus,PA,832,Quercus prinus,early,82_-152,87,4
PA|832|Quercus prinus,PA,832,Quercus prinus,early,82_-153,23,1
PA|832|Quercus prinus,PA,832,Quercus prinus,early,82_-154,22,0
PA|832|Quercus prinus,PA,832,Quercus prinus,early,82_-155,13,1
PA|832|Quercus prinus,PA,832,Quercus prinus,early,82_-156,12,1
PA|832|Quercus prinus,PA,832,Quercus prinus,early,82_-158,12,1
PA|832|Quercus prinus,PA,832,Quercus prinus,early,82_-159,12,1
PA|832|Quercus prinus,PA,832,Quercus prinus,early,82_-160,21,0
PA|832|Quercus prinus,PA,832,Quercus prinus,early,82_-161,18,0
PA|832|Quercus prinus,PA,832,Quercus prinus,early,82_-162,1,0
PA|832|Quercus prinus,PA,832,Quercus prinus,early,83_-151,20,0
PA|832|Quercus prinus,PA,832,Quercus prinus,early,83_-152,12,0
PA|832|Quercus prinus,PA,832,Quercus prinus,early,83_-153,1,0
PA|832|Quercus prinus,PA,832,Quercus prinus,early,83_-154,11,0
PA|832|Quercus prinus,PA,832,Quercus prinus,early,83_-156,2,0
PA|832|Quercus prinus,PA,832,Quercus prinus,early,83_-157,5,0
PA|832|Quercus prinus,PA,832,Quercus prinus,early,83_-158,14,1
PA|832|Quercus prinus,PA,832,Quercus prinus,early,83_-159,25,0
PA|832|Quercus prinus,PA,832,Quercus prinus,early,83_-160,12,1
PA|832|Quercus prinus,PA,832,Quercus prinus,early,83_-161,36,1
PA|832|Quercus prinus,PA,832,Quercus prinus,early,83_-162,2,0
PA|832|Quercus prinus,PA,832,Quercus prinus,early,84_-160,15,0
PA|832|Quercus prinus,PA,832,Quercus prinus,early,84_-161,57,0
PA|832|Quercus prinus,PA,832,Quercus prinus,late,79_-151,2225,14
PA|832|Quercus prinus,PA,832,Quercus prinus,late,79_-152,1137,13
PA|832|Quercus prinus,PA,832,Quercus prinus,late,79_-153,557,17
PA|832|Quercus prinus,PA,832,Quercus prinus,late,79_-154,363,4
PA|832|Quercus prinus,PA,832,Quercus prinus,late,79_-155,518,12
PA|832|Quercus prinus,PA,832,Quercus prinus,late,79_-156,124,2
PA|832|Quercus prinus,PA,832,Quercus prinus,late,79_-157,63,0
PA|832|Quercus prinus,PA,832,Quercus prinus,late,79_-158,89,2
PA|832|Quercus prinus,PA,832,Quercus prinus,late,79_-159,541,16
PA|832|Quercus prinus,PA,832,Quercus prinus,late,79_-160,293,6
PA|832|Quercus prinus,PA,832,Quercus prinus,late,79_-161,204,2
PA|832|Quercus prinus,PA,832,Quercus prinus,late,80_-150,847,4
PA|832|Quercus prinus,PA,832,Quercus prinus,late,80_-151,6828,117
PA|832|Quercus prinus,PA,832,Quercus prinus,late,80_-152,2046,44
PA|832|Quercus prinus,PA,832,Quercus prinus,late,80_-153,742,13
PA|832|Quercus prinus,PA,832,Quercus prinus,late,80_-154,1517,26
PA|832|Quercus prinus,PA,832,Quercus prinus,late,80_-155,1315,62
PA|832|Quercus prinus,PA,832,Quercus prinus,late,80_-156,199,2
PA|832|Quercus prinus,PA,832,Quercus prinus,late,80_-157,331,8
PA|832|Quercus prinus,PA,832,Quercus prinus,late,80_-158,338,3
PA|832|Quercus prinus,PA,832,Quercus prinus,late,80_-159,932,15
PA|832|Quercus prinus,PA,832,Quercus prinus,late,80_-160,2379,17
PA|832|Quercus prinus,PA,832,Quercus prinus,late,80_-161,1703,9
PA|832|Quercus prinus,PA,832,Quercus prinus,late,80_-162,2,0
PA|832|Quercus prinus,PA,832,Quercus prinus,late,81_-151,1217,26
PA|832|Quercus prinus,PA,832,Quercus prinus,late,81_-152,859,27
PA|832|Quercus prinus,PA,832,Quercus prinus,late,81_-153,401,18
PA|832|Quercus prinus,PA,832,Quercus prinus,late,81_-154,535,15
PA|832|Quercus prinus,PA,832,Quercus prinus,late,81_-155,282,5
PA|832|Quercus prinus,PA,832,Quercus prinus,late,81_-156,1208,29
PA|832|Quercus prinus,PA,832,Quercus prinus,late,81_-157,347,5
PA|832|Quercus prinus,PA,832,Quercus prinus,late,81_-158,127,1
PA|832|Quercus prinus,PA,832,Quercus prinus,late,81_-159,399,6
PA|832|Quercus prinus,PA,832,Quercus prinus,late,81_-160,1242,11
PA|832|Quercus prinus,PA,832,Quercus prinus,late,81_-161,1410,8
PA|832|Quercus prinus,PA,832,Quercus prinus,late,81_-162,7,0
PA|832|Quercus prinus,PA,832,Quercus prinus,late,82_-150,206,3
PA|832|Quercus prinus,PA,832,Quercus prinus,late,82_-151,1161,32
PA|832|Quercus prinus,PA,832,Quercus prinus,late,82_-152,1099,23
PA|832|Quercus prinus,PA,832,Quercus prinus,late,82_-153,408,2
PA|832|Quercus prinus,PA,832,Quercus prinus,late,82_-154,237,1
PA|832|Quercus prinus,PA,832,Quercus prinus,late,82_-155,150,2
PA|832|Quercus prinus,PA,832,Quercus prinus,late,82_-156,142,4
PA|832|Quercus prinus,PA,832,Quercus prinus,late,82_-157,182,7
PA|832|Quercus prinus,PA,832,Quercus prinus,late,82_-158,517,3
PA|832|Quercus prinus,PA,832,Quercus prinus,late,82_-159,553,16
PA|832|Quercus prinus,PA,832,Quercus prinus,late,82_-160,161,2
PA|832|Quercus prinus,PA,832,Quercus prinus,late,82_-161,522,1
PA|832|Quercus prinus,PA,832,Quercus prinus,late,82_-162,9,0
PA|832|Quercus prinus,PA,832,Quercus prinus,late,83_-151,106,2
PA|832|Quercus prinus,PA,832,Quercus prinus,late,83_-152,276,2
PA|832|Quercus prinus,PA,832,Quercus prinus,late,83_-153,60,0
PA|832|Quercus prinus,PA,832,Quercus prinus,late,83_-154,78,0
PA|832|Quercus prinus,PA,832,Quercus prinus,late,83_-155,119,3
PA|832|Quercus prinus,PA,832,Quercus prinus,late,83_-156,152,2
PA|832|Quercus prinus,PA,832,Quercus prinus,late,83_-157,39,0
PA|832|Quercus prinus,PA,832,Quercus prinus,late,83_-158,246,0
PA|832|Quercus prinus,PA,832,Quercus prinus,late,83_-159,204,1
PA|832|Quercus prinus,PA,832,Quercus prinus,late,83_-160,138,1
PA|832|Quercus prinus,PA,832,Quercus prinus,late,83_-161,595,0
PA|832|Quercus prinus,PA,832,Quercus prinus,late,83_-162,10,0
PA|832|Quercus prinus,PA,832,Quercus prinus,late,84_-160,335,1
PA|832|Quercus prinus,PA,832,Quercus prinus,late,84_-161,926,0
PA|833|Quercus rubra,PA,833,Quercus rubra,early,79_-151,81,2
PA|833|Quercus rubra,PA,833,Quercus rubra,early,79_-152,74,1
PA|833|Quercus rubra,PA,833,Quercus rubra,early,79_-153,73,2
PA|833|Quercus rubra,PA,833,Quercus rubra,early,79_-154,32,2
PA|833|Quercus rubra,PA,833,Quercus rubra,early,79_-155,47,0
PA|833|Quercus rubra,PA,833,Quercus rubra,early,79_-156,11,0
PA|833|Quercus rubra,PA,833,Quercus rubra,early,79_-157,17,1
PA|833|Quercus rubra,PA,833,Quercus rubra,early,79_-158,6,0
PA|833|Quercus rubra,PA,833,Quercus rubra,early,79_-159,80,3
PA|833|Quercus rubra,PA,833,Quercus rubra,early,79_-160,62,2
PA|833|Quercus rubra,PA,833,Quercus rubra,early,79_-161,20,1
PA|833|Quercus rubra,PA,833,Quercus rubra,early,80_-150,39,0
PA|833|Quercus rubra,PA,833,Quercus rubra,early,80_-151,273,11
PA|833|Quercus rubra,PA,833,Quercus rubra,early,80_-152,70,1
PA|833|Quercus rubra,PA,833,Quercus rubra,early,80_-153,18,1
PA|833|Quercus rubra,PA,833,Quercus rubra,early,80_-154,94,7
PA|833|Quercus rubra,PA,833,Quercus rubra,early,80_-155,64,0
PA|833|Quercus rubra,PA,833,Quercus rubra,early,80_-156,17,1
PA|833|Quercus rubra,PA,833,Quercus rubra,early,80_-157,122,3
PA|833|Quercus rubra,PA,833,Quercus rubra,early,80_-158,28,1
PA|833|Quercus rubra,PA,833,Quercus rubra,early,80_-159,41,1
PA|833|Quercus rubra,PA,833,Quercus rubra,early,80_-160,328,13
PA|833|Quercus rubra,PA,833,Quercus rubra,early,80_-161,134,5
PA|833|Quercus rubra,PA,833,Quercus rubra,early,81_-151,22,0
PA|833|Quercus rubra,PA,833,Quercus rubra,early,81_-152,43,2
PA|833|Quercus rubra,PA,833,Quercus rubra,early,81_-153,22,0
PA|833|Quercus rubra,PA,833,Quercus rubra,early,81_-154,18,1
PA|833|Quercus rubra,PA,833,Quercus rubra,early,81_-155,9,0
PA|833|Quercus rubra,PA,833,Quercus rubra,early,81_-156,92,5
PA|833|Quercus rubra,PA,833,Quercus rubra,early,81_-157,56,1
PA|833|Quercus rubra,PA,833,Quercus rubra,early,81_-158,1,0
PA|833|Quercus rubra,PA,833,Quercus rubra,early,81_-159,11,0
PA|833|Quercus rubra,PA,833,Quercus rubra,early,81_-160,207,5
PA|833|Quercus rubra,PA,833,Quercus rubra,early,81_-161,122,3
PA|833|Quercus rubra,PA,833,Quercus rubra,early,81_-162,1,0
PA|833|Quercus rubra,PA,833,Quercus rubra,early,82_-150,20,0
PA|833|Quercus rubra,PA,833,Quercus rubra,early,82_-151,51,2
PA|833|Quercus rubra,PA,833,Quercus rubra,early,82_-152,87,4
PA|833|Quercus rubra,PA,833,Quercus rubra,early,82_-153,23,2
PA|833|Quercus rubra,PA,833,Quercus rubra,early,82_-154,22,2
PA|833|Quercus rubra,PA,833,Quercus rubra,early,82_-155,13,0
PA|833|Quercus rubra,PA,833,Quercus rubra,early,82_-156,12,1
PA|833|Quercus rubra,PA,833,Quercus rubra,early,82_-158,12,1
PA|833|Quercus rubra,PA,833,Quercus rubra,early,82_-159,12,0
PA|833|Quercus rubra,PA,833,Quercus rubra,early,82_-160,21,0
PA|833|Quercus rubra,PA,833,Quercus rubra,early,82_-161,18,0
PA|833|Quercus rubra,PA,833,Quercus rubra,early,82_-162,1,0
PA|833|Quercus rubra,PA,833,Quercus rubra,early,83_-151,20,0
PA|833|Quercus rubra,PA,833,Quercus rubra,early,83_-152,12,0
PA|833|Quercus rubra,PA,833,Quercus rubra,early,83_-153,1,0
PA|833|Quercus rubra,PA,833,Quercus rubra,early,83_-154,11,0
PA|833|Quercus rubra,PA,833,Quercus rubra,early,83_-156,2,0
PA|833|Quercus rubra,PA,833,Quercus rubra,early,83_-157,5,0
PA|833|Quercus rubra,PA,833,Quercus rubra,early,83_-158,14,1
PA|833|Quercus rubra,PA,833,Quercus rubra,early,83_-159,25,2
PA|833|Quercus rubra,PA,833,Quercus rubra,early,83_-160,12,0
PA|833|Quercus rubra,PA,833,Quercus rubra,early,83_-161,36,0
PA|833|Quercus rubra,PA,833,Quercus rubra,early,83_-162,2,0
PA|833|Quercus rubra,PA,833,Quercus rubra,early,84_-160,15,1
PA|833|Quercus rubra,PA,833,Quercus rubra,early,84_-161,57,4
PA|833|Quercus rubra,PA,833,Quercus rubra,late,79_-151,2225,39
PA|833|Quercus rubra,PA,833,Quercus rubra,late,79_-152,1137,19
PA|833|Quercus rubra,PA,833,Quercus rubra,late,79_-153,557,12
PA|833|Quercus rubra,PA,833,Quercus rubra,late,79_-154,363,3
PA|833|Quercus rubra,PA,833,Quercus rubra,late,79_-155,518,8
PA|833|Quercus rubra,PA,833,Quercus rubra,late,79_-156,124,2
PA|833|Quercus rubra,PA,833,Quercus rubra,late,79_-157,63,0
PA|833|Quercus rubra,PA,833,Quercus rubra,late,79_-158,89,1
PA|833|Quercus rubra,PA,833,Quercus rubra,late,79_-159,541,18
PA|833|Quercus rubra,PA,833,Quercus rubra,late,79_-160,293,10
PA|833|Quercus rubra,PA,833,Quercus rubra,late,79_-161,204,4
PA|833|Quercus rubra,PA,833,Quercus rubra,late,80_-150,847,14
PA|833|Quercus rubra,PA,833,Quercus rubra,late,80_-151,6828,135
PA|833|Quercus rubra,PA,833,Quercus rubra,late,80_-152,2046,30
PA|833|Quercus rubra,PA,833,Quercus rubra,late,80_-153,742,11
PA|833|Quercus rubra,PA,833,Quercus rubra,late,80_-154,1517,37
PA|833|Quercus rubra,PA,833,Quercus rubra,late,80_-155,1315,20
PA|833|Quercus rubra,PA,833,Quercus rubra,late,80_-156,199,3
PA|833|Quercus rubra,PA,833,Quercus rubra,late,80_-157,331,3
PA|833|Quercus rubra,PA,833,Quercus rubra,late,80_-158,338,19
PA|833|Quercus rubra,PA,833,Quercus rubra,late,80_-159,932,21
PA|833|Quercus rubra,PA,833,Quercus rubra,late,80_-160,2379,62
PA|833|Quercus rubra,PA,833,Quercus rubra,late,80_-161,1703,31
PA|833|Quercus rubra,PA,833,Quercus rubra,late,80_-162,2,0
PA|833|Quercus rubra,PA,833,Quercus rubra,late,81_-151,1217,23
PA|833|Quercus rubra,PA,833,Quercus rubra,late,81_-152,859,19
PA|833|Quercus rubra,PA,833,Quercus rubra,late,81_-153,401,15
PA|833|Quercus rubra,PA,833,Quercus rubra,late,81_-154,535,11
PA|833|Quercus rubra,PA,833,Quercus rubra,late,81_-155,282,7
PA|833|Quercus rubra,PA,833,Quercus rubra,late,81_-156,1208,18
PA|833|Quercus rubra,PA,833,Quercus rubra,late,81_-157,347,11
PA|833|Quercus rubra,PA,833,Quercus rubra,late,81_-158,127,4
PA|833|Quercus rubra,PA,833,Quercus rubra,late,81_-159,399,6
PA|833|Quercus rubra,PA,833,Quercus rubra,late,81_-160,1242,24
PA|833|Quercus rubra,PA,833,Quercus rubra,late,81_-161,1410,31
PA|833|Quercus rubra,PA,833,Quercus rubra,late,81_-162,7,0
PA|833|Quercus rubra,PA,833,Quercus rubra,late,82_-150,206,2
PA|833|Quercus rubra,PA,833,Quercus rubra,late,82_-151,1161,18
PA|833|Quercus rubra,PA,833,Quercus rubra,late,82_-152,1099,25
PA|833|Quercus rubra,PA,833,Quercus rubra,late,82_-153,408,7
PA|833|Quercus rubra,PA,833,Quercus rubra,late,82_-154,237,5
PA|833|Quercus rubra,PA,833,Quercus rubra,late,82_-155,150,4
PA|833|Quercus rubra,PA,833,Quercus rubra,late,82_-156,142,4
PA|833|Quercus rubra,PA,833,Quercus rubra,late,82_-157,182,5
PA|833|Quercus rubra,PA,833,Quercus rubra,late,82_-158,517,11
PA|833|Quercus rubra,PA,833,Quercus rubra,late,82_-159,553,15
PA|833|Quercus rubra,PA,833,Quercus rubra,late,82_-160,161,5
PA|833|Quercus rubra,PA,833,Quercus rubra,late,82_-161,522,10
PA|833|Quercus rubra,PA,833,Quercus rubra,late,82_-162,9,0
PA|833|Quercus rubra,PA,833,Quercus rubra,late,83_-151,106,2
PA|833|Quercus rubra,PA,833,Quercus rubra,late,83_-152,276,7
PA|833|Quercus rubra,PA,833,Quercus rubra,late,83_-153,60,0
PA|833|Quercus rubra,PA,833,Quercus rubra,late,83_-154,78,3
PA|833|Quercus rubra,PA,833,Quercus rubra,late,83_-155,119,2
PA|833|Quercus rubra,PA,833,Quercus rubra,late,83_-156,152,5
PA|833|Quercus rubra,PA,833,Quercus rubra,late,83_-157,39,0
PA|833|Quercus rubra,PA,833,Quercus rubra,late,83_-158,246,7
PA|833|Quercus rubra,PA,833,Quercus rubra,late,83_-159,204,5
PA|833|Quercus rubra,PA,833,Quercus rubra,late,83_-160,138,5
PA|833|Quercus rubra,PA,833,Quercus rubra,late,83_-161,595,23
PA|833|Quercus rubra,PA,833,Quercus rubra,late,83_-162,10,1
PA|833|Quercus rubra,PA,833,Quercus rubra,late,84_-160,335,12
PA|833|Quercus rubra,PA,833,Quercus rubra,late,84_-161,926,20
PA|901|Robinia pseudoacacia,PA,901,Robinia pseudoacacia,early,79_-151,81,5
PA|901|Robinia pseudoacacia,PA,901,Robinia pseudoacacia,early,79_-152,74,3
PA|901|Robinia pseudoacacia,PA,901,Robinia pseudoacacia,early,79_-153,73,2
PA|901|Robinia pseudoacacia,PA,901,Robinia pseudoacacia,early,79_-154,32,2
PA|901|Robinia pseudoacacia,PA,901,Robinia pseudoacacia,early,79_-155,47,1
PA|901|Robinia pseudoacacia,PA,901,Robinia pseudoacacia,early,79_-156,11,0
PA|901|Robinia pseudoacacia,PA,901,Robinia pseudoacacia,early,79_-157,17,1
PA|901|Robinia pseudoacacia,PA,901,Robinia pseudoacacia,early,79_-158,6,0
PA|901|Robinia pseudoacacia,PA,901,Robinia pseudoacacia,early,79_-159,80,2
PA|901|Robinia pseudoacacia,PA,901,Robinia pseudoacacia,early,79_-160,62,0
PA|901|Robinia pseudoacacia,PA,901,Robinia pseudoacacia,early,79_-161,20,1
PA|901|Robinia pseudoacacia,PA,901,Robinia pseudoacacia,early,80_-150,39,1
PA|901|Robinia pseudoacacia,PA,901,Robinia pseudoacacia,early,80_-151,273,11
PA|901|Robinia pseudoacacia,PA,901,Robinia pseudoacacia,early,80_-152,70,4
PA|901|Robinia pseudoacacia,PA,901,Robinia pseudoacacia,early,80_-153,18,2
PA|901|Robinia pseudoacacia,PA,901,Robinia pseudoacacia,early,80_-154,94,3
PA|901|Robinia pseudoacacia,PA,901,Robinia pseudoacacia,early,80_-155,64,5
PA|901|Robinia pseudoacacia,PA,901,Robinia pseudoacacia,early,80_-156,17,1
PA|901|Robinia pseudoacacia,PA,901,Robinia pseudoacacia,early,80_-157,122,7
PA|901|Robinia pseudoacacia,PA,901,Robinia pseudoacacia,early,80_-158,28,1
PA|901|Robinia pseudoacacia,PA,901,Robinia pseudoacacia,early,80_-159,41,2
PA|901|Robinia pseudoacacia,PA,901,Robinia pseudoacacia,early,80_-160,328,12
PA|901|Robinia pseudoacacia,PA,901,Robinia pseudoacacia,early,80_-161,134,15
PA|901|Robinia pseudoacacia,PA,901,Robinia pseudoacacia,early,81_-151,22,0
PA|901|Robinia pseudoacacia,PA,901,Robinia pseudoacacia,early,81_-152,43,1
PA|901|Robinia pseudoacacia,PA,901,Robinia pseudoacacia,early,81_-153,22,2
PA|901|Robinia pseudoacacia,PA,901,Robinia pseudoacacia,early,81_-154,18,0
PA|901|Robinia pseudoacacia,PA,901,Robinia pseudoacacia,early,81_-155,9,0
PA|901|Robinia pseudoacacia,PA,901,Robinia pseudoacacia,early,81_-156,92,2
PA|901|Robinia pseudoacacia,PA,901,Robinia pseudoacacia,early,81_-157,56,0
PA|901|Robinia pseudoacacia,PA,901,Robinia pseudoacacia,early,81_-158,1,0
PA|901|Robinia pseudoacacia,PA,901,Robinia pseudoacacia,early,81_-159,11,1
PA|901|Robinia pseudoacacia,PA,901,Robinia pseudoacacia,early,81_-160,207,3
PA|901|Robinia pseudoacacia,PA,901,Robinia pseudoacacia,early,81_-161,122,2
PA|901|Robinia pseudoacacia,PA,901,Robinia pseudoacacia,early,81_-162,1,0
PA|901|Robinia pseudoacacia,PA,901,Robinia pseudoacacia,early,82_-150,20,0
PA|901|Robinia pseudoacacia,PA,901,Robinia pseudoacacia,early,82_-151,51,1
PA|901|Robinia pseudoacacia,PA,901,Robinia pseudoacacia,early,82_-152,87,6
PA|901|Robinia pseudoacacia,PA,901,Robinia pseudoacacia,early,82_-153,23,1
PA|901|Robinia pseudoacacia,PA,901,Robinia pseudoacacia,early,82_-154,22,0
PA|901|Robinia pseudoacacia,PA,901,Robinia pseudoacacia,early,82_-155,13,0
PA|901|Robinia pseudoacacia,PA,901,Robinia pseudoacacia,early,82_-156,12,0
PA|901|Robinia pseudoacacia,PA,901,Robinia pseudoacacia,early,82_-158,12,0
PA|901|Robinia pseudoacacia,PA,901,Robinia pseudoacacia,early,82_-159,12,0
PA|901|Robinia pseudoacacia,PA,901,Robinia pseudoacacia,early,82_-160,21,0
PA|901|Robinia pseudoacacia,PA,901,Robinia pseudoacacia,early,82_-161,18,1
PA|901|Robinia pseudoacacia,PA,901,Robinia pseudoacacia,early,82_-162,1,0
PA|901|Robinia pseudoacacia,PA,901,Robinia pseudoacacia,early,83_-151,20,0
PA|901|Robinia pseudoacacia,PA,901,Robinia pseudoacacia,early,83_-152,12,3
PA|901|Robinia pseudoacacia,PA,901,Robinia pseudoacacia,early,83_-153,1,0
PA|901|Robinia pseudoacacia,PA,901,Robinia pseudoacacia,early,83_-154,11,0
PA|901|Robinia pseudoacacia,PA,901,Robinia pseudoacacia,early,83_-156,2,0
PA|901|Robinia pseudoacacia,PA,901,Robinia pseudoacacia,early,83_-157,5,0
PA|901|Robinia pseudoacacia,PA,901,Robinia pseudoacacia,early,83_-158,14,0
PA|901|Robinia pseudoacacia,PA,901,Robinia pseudoacacia,early,83_-159,25,0
PA|901|Robinia pseudoacacia,PA,901,Robinia pseudoacacia,early,83_-160,12,0
PA|901|Robinia pseudoacacia,PA,901,Robinia pseudoacacia,early,83_-161,36,2
PA|901|Robinia pseudoacacia,PA,901,Robinia pseudoacacia,early,83_-162,2,2
PA|901|Robinia pseudoacacia,PA,901,Robinia pseudoacacia,early,84_-160,15,1
PA|901|Robinia pseudoacacia,PA,901,Robinia pseudoacacia,early,84_-161,57,9
PA|901|Robinia pseudoacacia,PA,901,Robinia pseudoacacia,late,79_-151,2225,94
PA|901|Robinia pseudoacacia,PA,901,Robinia pseudoacacia,late,79_-152,1137,25
PA|901|Robinia pseudoacacia,PA,901,Robinia pseudoacacia,late,79_-153,557,26
PA|901|Robinia pseudoacacia,PA,901,Robinia pseudoacacia,late,79_-154,363,5
PA|901|Robinia pseudoacacia,PA,901,Robinia pseudoacacia,late,79_-155,518,26
PA|901|Robinia pseudoacacia,PA,901,Robinia pseudoacacia,late,79_-156,124,5
PA|901|Robinia pseudoacacia,PA,901,Robinia pseudoacacia,late,79_-157,63,3
PA|901|Robinia pseudoacacia,PA,901,Robinia pseudoacacia,late,79_-158,89,2
PA|901|Robinia pseudoacacia,PA,901,Robinia pseudoacacia,late,79_-159,541,13
PA|901|Robinia pseudoacacia,PA,901,Robinia pseudoacacia,late,79_-160,293,12
PA|901|Robinia pseudoacacia,PA,901,Robinia pseudoacacia,late,79_-161,204,6
PA|901|Robinia pseudoacacia,PA,901,Robinia pseudoacacia,late,80_-150,847,31
PA|901|Robinia pseudoacacia,PA,901,Robinia pseudoacacia,late,80_-151,6828,182
PA|901|Robinia pseudoacacia,PA,901,Robinia pseudoacacia,late,80_-152,2046,48
PA|901|Robinia pseudoacacia,PA,901,Robinia pseudoacacia,late,80_-153,742,24
PA|901|Robinia pseudoacacia,PA,901,Robinia pseudoacacia,late,80_-154,1517,61
PA|901|Robinia pseudoacacia,PA,901,Robinia pseudoacacia,late,80_-155,1315,37
PA|901|Robinia pseudoacacia,PA,901,Robinia pseudoacacia,late,80_-156,199,9
PA|901|Robinia pseudoacacia,PA,901,Robinia pseudoacacia,late,80_-157,331,11
PA|901|Robinia pseudoacacia,PA,901,Robinia pseudoacacia,late,80_-158,338,21
PA|901|Robinia pseudoacacia,PA,901,Robinia pseudoacacia,late,80_-159,932,30
PA|901|Robinia pseudoacacia,PA,901,Robinia pseudoacacia,late,80_-160,2379,111
PA|901|Robinia pseudoacacia,PA,901,Robinia pseudoacacia,late,80_-161,1703,89
PA|901|Robinia pseudoacacia,PA,901,Robinia pseudoacacia,late,80_-162,2,1
PA|901|Robinia pseudoacacia,PA,901,Robinia pseudoacacia,late,81_-151,1217,30
PA|901|Robinia pseudoacacia,PA,901,Robinia pseudoacacia,late,81_-152,859,23
PA|901|Robinia pseudoacacia,PA,901,Robinia pseudoacacia,late,81_-153,401,11
PA|901|Robinia pseudoacacia,PA,901,Robinia pseudoacacia,late,81_-154,535,20
PA|901|Robinia pseudoacacia,PA,901,Robinia pseudoacacia,late,81_-155,282,3
PA|901|Robinia pseudoacacia,PA,901,Robinia pseudoacacia,late,81_-156,1208,35
PA|901|Robinia pseudoacacia,PA,901,Robinia pseudoacacia,late,81_-157,347,6
PA|901|Robinia pseudoacacia,PA,901,Robinia pseudoacacia,late,81_-158,127,1
PA|901|Robinia pseudoacacia,PA,901,Robinia pseudoacacia,late,81_-159,399,10
PA|901|Robinia pseudoacacia,PA,901,Robinia pseudoacacia,late,81_-160,1242,43
PA|901|Robinia pseudoacacia,PA,901,Robinia pseudoacacia,late,81_-161,1410,43
PA|901|Robinia pseudoacacia,PA,901,Robinia pseudoacacia,late,81_-162,7,1
PA|901|Robinia pseudoacacia,PA,901,Robinia pseudoacacia,late,82_-150,206,4
PA|901|Robinia pseudoacacia,PA,901,Robinia pseudoacacia,late,82_-151,1161,8
PA|901|Robinia pseudoacacia,PA,901,Robinia pseudoacacia,late,82_-152,1099,34
PA|901|Robinia pseudoacacia,PA,901,Robinia pseudoacacia,late,82_-153,408,6
PA|901|Robinia pseudoacacia,PA,901,Robinia pseudoacacia,late,82_-154,237,6
PA|901|Robinia pseudoacacia,PA,901,Robinia pseudoacacia,late,82_-155,150,2
PA|901|Robinia pseudoacacia,PA,901,Robinia pseudoacacia,late,82_-156,142,4
PA|901|Robinia pseudoacacia,PA,901,Robinia pseudoacacia,late,82_-157,182,8
PA|901|Robinia pseudoacacia,PA,901,Robinia pseudoacacia,late,82_-158,517,20
PA|901|Robinia pseudoacacia,PA,901,Robinia pseudoacacia,late,82_-159,553,6
PA|901|Robinia pseudoacacia,PA,901,Robinia pseudoacacia,late,82_-160,161,6
PA|901|Robinia pseudoacacia,PA,901,Robinia pseudoacacia,late,82_-161,522,11
PA|901|Robinia pseudoacacia,PA,901,Robinia pseudoacacia,late,82_-162,9,0
PA|901|Robinia pseudoacacia,PA,901,Robinia pseudoacacia,late,83_-151,106,6
PA|901|Robinia pseudoacacia,PA,901,Robinia pseudoacacia,late,83_-152,276,11
PA|901|Robinia pseudoacacia,PA,901,Robinia pseudoacacia,late,83_-153,60,1
PA|901|Robinia pseudoacacia,PA,901,Robinia pseudoacacia,late,83_-154,78,1
PA|901|Robinia pseudoacacia,PA,901,Robinia pseudoacacia,late,83_-155,119,1
PA|901|Robinia pseudoacacia,PA,901,Robinia pseudoacacia,late,83_-156,152,1
PA|901|Robinia pseudoacacia,PA,901,Robinia pseudoacacia,late,83_-157,39,0
PA|901|Robinia pseudoacacia,PA,901,Robinia pseudoacacia,late,83_-158,246,2
PA|901|Robinia pseudoacacia,PA,901,Robinia pseudoacacia,late,83_-159,204,2
PA|901|Robinia pseudoacacia,PA,901,Robinia pseudoacacia,late,83_-160,138,1
PA|901|Robinia pseudoacacia,PA,901,Robinia pseudoacacia,late,83_-161,595,11
PA|901|Robinia pseudoacacia,PA,901,Robinia pseudoacacia,late,83_-162,10,0
PA|901|Robinia pseudoacacia,PA,901,Robinia pseudoacacia,late,84_-160,335,23
PA|901|Robinia pseudoacacia,PA,901,Robinia pseudoacacia,late,84_-161,926,66
PA|931|Sassafras albidum,PA,931,Sassafras albidum,early,79_-151,81,2
PA|931|Sassafras albidum,PA,931,Sassafras albidum,early,79_-152,74,6
PA|931|Sassafras albidum,PA,931,Sassafras albidum,early,79_-153,73,7
PA|931|Sassafras albidum,PA,931,Sassafras albidum,early,79_-154,32,4
PA|931|Sassafras albidum,PA,931,Sassafras albidum,early,79_-155,47,3
PA|931|Sassafras albidum,PA,931,Sassafras albidum,early,79_-156,11,0
PA|931|Sassafras albidum,PA,931,Sassafras albidum,early,79_-157,17,0
PA|931|Sassafras albidum,PA,931,Sassafras albidum,early,79_-158,6,0
PA|931|Sassafras albidum,PA,931,Sassafras albidum,early,79_-159,80,7
PA|931|Sassafras albidum,PA,931,Sassafras albidum,early,79_-160,62,2
PA|931|Sassafras albidum,PA,931,Sassafras albidum,early,79_-161,20,0
PA|931|Sassafras albidum,PA,931,Sassafras albidum,early,80_-150,39,1
PA|931|Sassafras albidum,PA,931,Sassafras albidum,early,80_-151,273,13
PA|931|Sassafras albidum,PA,931,Sassafras albidum,early,80_-152,70,4
PA|931|Sassafras albidum,PA,931,Sassafras albidum,early,80_-153,18,0
PA|931|Sassafras albidum,PA,931,Sassafras albidum,early,80_-154,94,3
PA|931|Sassafras albidum,PA,931,Sassafras albidum,early,80_-155,64,6
PA|931|Sassafras albidum,PA,931,Sassafras albidum,early,80_-156,17,0
PA|931|Sassafras albidum,PA,931,Sassafras albidum,early,80_-157,122,4
PA|931|Sassafras albidum,PA,931,Sassafras albidum,early,80_-158,28,2
PA|931|Sassafras albidum,PA,931,Sassafras albidum,early,80_-159,41,3
PA|931|Sassafras albidum,PA,931,Sassafras albidum,early,80_-160,328,6
PA|931|Sassafras albidum,PA,931,Sassafras albidum,early,80_-161,134,3
PA|931|Sassafras albidum,PA,931,Sassafras albidum,early,81_-151,22,0
PA|931|Sassafras albidum,PA,931,Sassafras albidum,early,81_-152,43,2
PA|931|Sassafras albidum,PA,931,Sassafras albidum,early,81_-153,22,2
PA|931|Sassafras albidum,PA,931,Sassafras albidum,early,81_-154,18,1
PA|931|Sassafras albidum,PA,931,Sassafras albidum,early,81_-155,9,0
PA|931|Sassafras albidum,PA,931,Sassafras albidum,early,81_-156,92,1
PA|931|Sassafras albidum,PA,931,Sassafras albidum,early,81_-157,56,4
PA|931|Sassafras albidum,PA,931,Sassafras albidum,early,81_-158,1,0
PA|931|Sassafras albidum,PA,931,Sassafras albidum,early,81_-159,11,1
PA|931|Sassafras albidum,PA,931,Sassafras albidum,early,81_-160,207,12
PA|931|Sassafras albidum,PA,931,Sassafras albidum,early,81_-161,122,9
PA|931|Sassafras albidum,PA,931,Sassafras albidum,early,81_-162,1,0
PA|931|Sassafras albidum,PA,931,Sassafras albidum,early,82_-150,20,0
PA|931|Sassafras albidum,PA,931,Sassafras albidum,early,82_-151,51,1
PA|931|Sassafras albidum,PA,931,Sassafras albidum,early,82_-152,87,5
PA|931|Sassafras albidum,PA,931,Sassafras albidum,early,82_-153,23,1
PA|931|Sassafras albidum,PA,931,Sassafras albidum,early,82_-154,22,0
PA|931|Sassafras albidum,PA,931,Sassafras albidum,early,82_-155,13,0
PA|931|Sassafras albidum,PA,931,Sassafras albidum,early,82_-156,12,0
PA|931|Sassafras albidum,PA,931,Sassafras albidum,early,82_-158,12,0
PA|931|Sassafras albidum,PA,931,Sassafras albidum,early,82_-159,12,0
PA|931|Sassafras albidum,PA,931,Sassafras albidum,early,82_-160,21,2
PA|931|Sassafras albidum,PA,931,Sassafras albidum,early,82_-161,18,0
PA|931|Sassafras albidum,PA,931,Sassafras albidum,early,82_-162,1,0
PA|931|Sassafras albidum,PA,931,Sassafras albidum,early,83_-151,20,1
PA|931|Sassafras albidum,PA,931,Sassafras albidum,early,83_-152,12,1
PA|931|Sassafras albidum,PA,931,Sassafras albidum,early,83_-153,1,0
PA|931|Sassafras albidum,PA,931,Sassafras albidum,early,83_-154,11,0
PA|931|Sassafras albidum,PA,931,Sassafras albidum,early,83_-156,2,0
PA|931|Sassafras albidum,PA,931,Sassafras albidum,early,83_-157,5,0
PA|931|Sassafras albidum,PA,931,Sassafras albidum,early,83_-158,14,0
PA|931|Sassafras albidum,PA,931,Sassafras albidum,early,83_-159,25,0
PA|931|Sassafras albidum,PA,931,Sassafras albidum,early,83_-160,12,2
PA|931|Sassafras albidum,PA,931,Sassafras albidum,early,83_-161,36,3
PA|931|Sassafras albidum,PA,931,Sassafras albidum,early,83_-162,2,0
PA|931|Sassafras albidum,PA,931,Sassafras albidum,early,84_-160,15,0
PA|931|Sassafras albidum,PA,931,Sassafras albidum,early,84_-161,57,5
PA|931|Sassafras albidum,PA,931,Sassafras albidum,late,79_-151,2225,79
PA|931|Sassafras albidum,PA,931,Sassafras albidum,late,79_-152,1137,63
PA|931|Sassafras albidum,PA,931,Sassafras albidum,late,79_-153,557,45
PA|931|Sassafras albidum,PA,931,Sassafras albidum,late,79_-154,363,28
PA|931|Sassafras albidum,PA,931,Sassafras albidum,late,79_-155,518,38
PA|931|Sassafras albidum,PA,931,Sassafras albidum,late,79_-156,124,6
PA|931|Sassafras albidum,PA,931,Sassafras albidum,late,79_-157,63,2
PA|931|Sassafras albidum,PA,931,Sassafras albidum,late,79_-158,89,4
PA|931|Sassafras albidum,PA,931,Sassafras albidum,late,79_-159,541,48
PA|931|Sassafras albidum,PA,931,Sassafras albidum,late,79_-160,293,16
PA|931|Sassafras albidum,PA,931,Sassafras albidum,late,79_-161,204,7
PA|931|Sassafras albidum,PA,931,Sassafras albidum,late,80_-150,847,46
PA|931|Sassafras albidum,PA,931,Sassafras albidum,late,80_-151,6828,306
PA|931|Sassafras albidum,PA,931,Sassafras albidum,late,80_-152,2046,153
PA|931|Sassafras albidum,PA,931,Sassafras albidum,late,80_-153,742,46
PA|931|Sassafras albidum,PA,931,Sassafras albidum,late,80_-154,1517,96
PA|931|Sassafras albidum,PA,931,Sassafras albidum,late,80_-155,1315,118
PA|931|Sassafras albidum,PA,931,Sassafras albidum,late,80_-156,199,11
PA|931|Sassafras albidum,PA,931,Sassafras albidum,late,80_-157,331,17
PA|931|Sassafras albidum,PA,931,Sassafras albidum,late,80_-158,338,21
PA|931|Sassafras albidum,PA,931,Sassafras albidum,late,80_-159,932,75
PA|931|Sassafras albidum,PA,931,Sassafras albidum,late,80_-160,2379,74
PA|931|Sassafras albidum,PA,931,Sassafras albidum,late,80_-161,1703,70
PA|931|Sassafras albidum,PA,931,Sassafras albidum,late,80_-162,2,0
PA|931|Sassafras albidum,PA,931,Sassafras albidum,late,81_-151,1217,77
PA|931|Sassafras albidum,PA,931,Sassafras albidum,late,81_-152,859,65
PA|931|Sassafras albidum,PA,931,Sassafras albidum,late,81_-153,401,38
PA|931|Sassafras albidum,PA,931,Sassafras albidum,late,81_-154,535,25
PA|931|Sassafras albidum,PA,931,Sassafras albidum,late,81_-155,282,14
PA|931|Sassafras albidum,PA,931,Sassafras albidum,late,81_-156,1208,66
PA|931|Sassafras albidum,PA,931,Sassafras albidum,late,81_-157,347,21
PA|931|Sassafras albidum,PA,931,Sassafras albidum,late,81_-158,127,5
PA|931|Sassafras albidum,PA,931,Sassafras albidum,late,81_-159,399,25
PA|931|Sassafras albidum,PA,931,Sassafras albidum,late,81_-160,1242,117
PA|931|Sassafras albidum,PA,931,Sassafras albidum,late,81_-161,1410,104
PA|931|Sassafras albidum,PA,931,Sassafras albidum,late,81_-162,7,0
PA|931|Sassafras albidum,PA,931,Sassafras albidum,late,82_-150,206,14
PA|931|Sassafras albidum,PA,931,Sassafras albidum,late,82_-151,1161,63
PA|931|Sassafras albidum,PA,931,Sassafras albidum,late,82_-152,1099,68
PA|931|Sassafras albidum,PA,931,Sassafras albidum,late,82_-153,408,18
PA|931|Sassafras albidum,PA,931,Sassafras albidum,late,82_-154,237,6
PA|931|Sassafras albidum,PA,931,Sassafras albidum,late,82_-155,150,9
PA|931|Sassafras albidum,PA,931,Sassafras albidum,late,82_-156,142,7
PA|931|Sassafras albidum,PA,931,Sassafras albidum,late,82_-157,182,8
PA|931|Sassafras albidum,PA,931,Sassafras albidum,late,82_-158,517,31
PA|931|Sassafras albidum,PA,931,Sassafras albidum,late,82_-159,553,28
PA|931|Sassafras albidum,PA,931,Sassafras albidum,late,82_-160,161,14
PA|931|Sassafras albidum,PA,931,Sassafras albidum,late,82_-161,522,29
PA|931|Sassafras albidum,PA,931,Sassafras albidum,late,82_-162,9,0
PA|931|Sassafras albidum,PA,931,Sassafras albidum,late,83_-151,106,0
PA|931|Sassafras albidum,PA,931,Sassafras albidum,late,83_-152,276,5
PA|931|Sassafras albidum,PA,931,Sassafras albidum,late,83_-153,60,3
PA|931|Sassafras albidum,PA,931,Sassafras albidum,late,83_-154,78,0
PA|931|Sassafras albidum,PA,931,Sassafras albidum,late,83_-155,119,1
PA|931|Sassafras albidum,PA,931,Sassafras albidum,late,83_-156,152,2
PA|931|Sassafras albidum,PA,931,Sassafras albidum,late,83_-157,39,0
PA|931|Sassafras albidum,PA,931,Sassafras albidum,late,83_-158,246,14
PA|931|Sassafras albidum,PA,931,Sassafras albidum,late,83_-159,204,4
PA|931|Sassafras albidum,PA,931,Sassafras albidum,late,83_-160,138,6
PA|931|Sassafras albidum,PA,931,Sassafras albidum,late,83_-161,595,37
PA|931|Sassafras albidum,PA,931,Sassafras albidum,late,83_-162,10,0
PA|931|Sassafras albidum,PA,931,Sassafras albidum,late,84_-160,335,12
PA|931|Sassafras albidum,PA,931,Sassafras albidum,late,84_-161,926,80
PA|951|Tilia americana,PA,951,Tilia americana,early,79_-151,81,1
PA|951|Tilia americana,PA,951,Tilia americana,early,79_-152,74,1
PA|951|Tilia americana,PA,951,Tilia americana,early,79_-153,73,0
PA|951|Tilia americana,PA,951,Tilia americana,early,79_-154,32,0
PA|951|Tilia americana,PA,951,Tilia americana,early,79_-155,47,0
PA|951|Tilia americana,PA,951,Tilia americana,early,79_-156,11,1
PA|951|Tilia americana,PA,951,Tilia americana,early,79_-157,17,0
PA|951|Tilia americana,PA,951,Tilia americana,early,79_-158,6,0
PA|951|Tilia americana,PA,951,Tilia americana,early,79_-159,80,0
PA|951|Tilia americana,PA,951,Tilia americana,early,79_-160,62,2
PA|951|Tilia americana,PA,951,Tilia americana,early,79_-161,20,1
PA|951|Tilia americana,PA,951,Tilia americana,early,80_-150,39,1
PA|951|Tilia americana,PA,951,Tilia americana,early,80_-151,273,10
PA|951|Tilia americana,PA,951,Tilia americana,early,80_-152,70,0
PA|951|Tilia americana,PA,951,Tilia americana,early,80_-153,18,0
PA|951|Tilia americana,PA,951,Tilia americana,early,80_-154,94,4
PA|951|Tilia americana,PA,951,Tilia americana,early,80_-155,64,1
PA|951|Tilia americana,PA,951,Tilia americana,early,80_-156,17,0
PA|951|Tilia americana,PA,951,Tilia americana,early,80_-157,122,3
PA|951|Tilia americana,PA,951,Tilia americana,early,80_-158,28,0
PA|951|Tilia americana,PA,951,Tilia americana,early,80_-159,41,0
PA|951|Tilia americana,PA,951,Tilia americana,early,80_-160,328,11
PA|951|Tilia americana,PA,951,Tilia americana,early,80_-161,134,1
PA|951|Tilia americana,PA,951,Tilia americana,early,81_-151,22,0
PA|951|Tilia americana,PA,951,Tilia americana,early,81_-152,43,0
PA|951|Tilia americana,PA,951,Tilia americana,early,81_-153,22,0
PA|951|Tilia americana,PA,951,Tilia americana,early,81_-154,18,0
PA|951|Tilia americana,PA,951,Tilia americana,early,81_-155,9,0
PA|951|Tilia americana,PA,951,Tilia americana,early,81_-156,92,1
PA|951|Tilia americana,PA,951,Tilia americana,early,81_-157,56,0
PA|951|Tilia americana,PA,951,Tilia americana,early,81_-158,1,0
PA|951|Tilia americana,PA,951,Tilia americana,early,81_-159,11,0
PA|951|Tilia americana,PA,951,Tilia americana,early,81_-160,207,8
PA|951|Tilia americana,PA,951,Tilia americana,early,81_-161,122,6
PA|951|Tilia americana,PA,951,Tilia americana,early,81_-162,1,0
PA|951|Tilia americana,PA,951,Tilia americana,early,82_-150,20,2
PA|951|Tilia americana,PA,951,Tilia americana,early,82_-151,51,1
PA|951|Tilia americana,PA,951,Tilia americana,early,82_-152,87,3
PA|951|Tilia americana,PA,951,Tilia americana,early,82_-153,23,0
PA|951|Tilia americana,PA,951,Tilia americana,early,82_-154,22,0
PA|951|Tilia americana,PA,951,Tilia americana,early,82_-155,13,0
PA|951|Tilia americana,PA,951,Tilia americana,early,82_-156,12,1
PA|951|Tilia americana,PA,951,Tilia americana,early,82_-158,12,0
PA|951|Tilia americana,PA,951,Tilia americana,early,82_-159,12,0
PA|951|Tilia americana,PA,951,Tilia americana,early,82_-160,21,0
PA|951|Tilia americana,PA,951,Tilia americana,early,82_-161,18,1
PA|951|Tilia americana,PA,951,Tilia americana,early,82_-162,1,0
PA|951|Tilia americana,PA,951,Tilia americana,early,83_-151,20,1
PA|951|Tilia americana,PA,951,Tilia americana,early,83_-152,12,0
PA|951|Tilia americana,PA,951,Tilia americana,early,83_-153,1,0
PA|951|Tilia americana,PA,951,Tilia americana,early,83_-154,11,1
PA|951|Tilia americana,PA,951,Tilia americana,early,83_-156,2,0
PA|951|Tilia americana,PA,951,Tilia americana,early,83_-157,5,0
PA|951|Tilia americana,PA,951,Tilia americana,early,83_-158,14,1
PA|951|Tilia americana,PA,951,Tilia americana,early,83_-159,25,0
PA|951|Tilia americana,PA,951,Tilia americana,early,83_-160,12,0
PA|951|Tilia americana,PA,951,Tilia americana,early,83_-161,36,1
PA|951|Tilia americana,PA,951,Tilia americana,early,83_-162,2,0
PA|951|Tilia americana,PA,951,Tilia americana,early,84_-160,15,1
PA|951|Tilia americana,PA,951,Tilia americana,early,84_-161,57,2
PA|951|Tilia americana,PA,951,Tilia americana,late,79_-151,2225,33
PA|951|Tilia americana,PA,951,Tilia americana,late,79_-152,1137,7
PA|951|Tilia americana,PA,951,Tilia americana,late,79_-153,557,8
PA|951|Tilia americana,PA,951,Tilia americana,late,79_-154,363,3
PA|951|Tilia americana,PA,951,Tilia americana,late,79_-155,518,1
PA|951|Tilia americana,PA,951,Tilia americana,late,79_-156,124,2
PA|951|Tilia americana,PA,951,Tilia americana,late,79_-157,63,2
PA|951|Tilia americana,PA,951,Tilia americana,late,79_-158,89,1
PA|951|Tilia americana,PA,951,Tilia americana,late,79_-159,541,6
PA|951|Tilia americana,PA,951,Tilia americana,late,79_-160,293,8
PA|951|Tilia americana,PA,951,Tilia americana,late,79_-161,204,4
PA|951|Tilia americana,PA,951,Tilia americana,late,80_-150,847,16
PA|951|Tilia americana,PA,951,Tilia americana,late,80_-151,6828,125
PA|951|Tilia americana,PA,951,Tilia americana,late,80_-152,2046,28
PA|951|Tilia americana,PA,951,Tilia americana,late,80_-153,742,9
PA|951|Tilia americana,PA,951,Tilia americana,late,80_-154,1517,27
PA|951|Tilia americana,PA,951,Tilia americana,late,80_-155,1315,19
PA|951|Tilia americana,PA,951,Tilia americana,late,80_-156,199,2
PA|951|Tilia americana,PA,951,Tilia americana,late,80_-157,331,4
PA|951|Tilia americana,PA,951,Tilia americana,late,80_-158,338,4
PA|951|Tilia americana,PA,951,Tilia americana,late,80_-159,932,20
PA|951|Tilia americana,PA,951,Tilia americana,late,80_-160,2379,74
PA|951|Tilia americana,PA,951,Tilia americana,late,80_-161,1703,23
PA|951|Tilia americana,PA,951,Tilia americana,late,80_-162,2,0
PA|951|Tilia americana,PA,951,Tilia americana,late,81_-151,1217,21
PA|951|Tilia americana,PA,951,Tilia americana,late,81_-152,859,6
PA|951|Tilia americana,PA,951,Tilia americana,late,81_-153,401,7
PA|951|Tilia americana,PA,951,Tilia americana,late,81_-154,535,18
PA|951|Tilia americana,PA,951,Tilia americana,late,81_-155,282,5
PA|951|Tilia americana,PA,951,Tilia americana,late,81_-156,1208,28
PA|951|Tilia americana,PA,951,Tilia americana,late,81_-157,347,3
PA|951|Tilia americana,PA,951,Tilia americana,late,81_-158,127,3
PA|951|Tilia americana,PA,951,Tilia americana,late,81_-159,399,4
PA|951|Tilia americana,PA,951,Tilia americana,late,81_-160,1242,32
PA|951|Tilia americana,PA,951,Tilia americana,late,81_-161,1410,24
PA|951|Tilia americana,PA,951,Tilia americana,late,81_-162,7,0
PA|951|Tilia americana,PA,951,Tilia americana,late,82_-150,206,3
PA|951|Tilia americana,PA,951,Tilia americana,late,82_-151,1161,13
PA|951|Tilia americana,PA,951,Tilia americana,late,82_-152,1099,8
PA|951|Tilia americana,PA,951,Tilia americana,late,82_-153,408,8
PA|951|Tilia americana,PA,951,Tilia americana,late,82_-154,237,6
PA|951|Tilia americana,PA,951,Tilia americana,late,82_-155,150,5
PA|951|Tilia americana,PA,951,Tilia americana,late,82_-156,142,2
PA|951|Tilia americana,PA,951,Tilia americana,late,82_-157,182,7
PA|951|Tilia americana,PA,951,Tilia americana,late,82_-158,517,6
PA|951|Tilia americana,PA,951,Tilia americana,late,82_-159,553,4
PA|951|Tilia americana,PA,951,Tilia americana,late,82_-160,161,3
PA|951|Tilia americana,PA,951,Tilia americana,late,82_-161,522,6
PA|951|Tilia americana,PA,951,Tilia americana,late,82_-162,9,0
PA|951|Tilia americana,PA,951,Tilia americana,late,83_-151,106,5
PA|951|Tilia americana,PA,951,Tilia americana,late,83_-152,276,9
PA|951|Tilia americana,PA,951,Tilia americana,late,83_-153,60,2
PA|951|Tilia americana,PA,951,Tilia americana,late,83_-154,78,4
PA|951|Tilia americana,PA,951,Tilia americana,late,83_-155,119,4
PA|951|Tilia americana,PA,951,Tilia americana,late,83_-156,152,6
PA|951|Tilia americana,PA,951,Tilia americana,late,83_-157,39,4
PA|951|Tilia americana,PA,951,Tilia americana,late,83_-158,246,4
PA|951|Tilia americana,PA,951,Tilia americana,late,83_-159,204,6
PA|951|Tilia americana,PA,951,Tilia americana,late,83_-160,138,9
PA|951|Tilia americana,PA,951,Tilia americana,late,83_-161,595,16
PA|951|Tilia americana,PA,951,Tilia americana,late,83_-162,10,0
PA|951|Tilia americana,PA,951,Tilia americana,late,84_-160,335,15
PA|951|Tilia americana,PA,951,Tilia americana,late,84_-161,926,36
VA|261|Tsuga canadensis,VA,261,Tsuga canadensis,early,73_-152,6,0
VA|261|Tsuga canadensis,VA,261,Tsuga canadensis,early,73_-153,12,0
VA|261|Tsuga canadensis,VA,261,Tsuga canadensis,early,73_-154,11,0
VA|261|Tsuga canadensis,VA,261,Tsuga canadensis,early,73_-156,2,0
VA|261|Tsuga canadensis,VA,261,Tsuga canadensis,early,73_-157,4,0
VA|261|Tsuga canadensis,VA,261,Tsuga canadensis,early,73_-158,12,0
VA|261|Tsuga canadensis,VA,261,Tsuga canadensis,early,73_-159,7,0
VA|261|Tsuga canadensis,VA,261,Tsuga canadensis,early,73_-160,1,0
VA|261|Tsuga canadensis,VA,261,Tsuga canadensis,early,73_-161,18,0
VA|261|Tsuga canadensis,VA,261,Tsuga canadensis,early,73_-162,6,0
VA|261|Tsuga canadensis,VA,261,Tsuga canadensis,early,73_-163,5,1
VA|261|Tsuga canadensis,VA,261,Tsuga canadensis,early,73_-164,12,0
VA|261|Tsuga canadensis,VA,261,Tsuga canadensis,early,73_-165,17,1
VA|261|Tsuga canadensis,VA,261,Tsuga canadensis,early,73_-166,53,3
VA|261|Tsuga canadensis,VA,261,Tsuga canadensis,early,73_-167,1,0
VA|261|Tsuga canadensis,VA,261,Tsuga canadensis,early,73_-168,2,0
VA|261|Tsuga canadensis,VA,261,Tsuga canadensis,early,74_-152,9,0
VA|261|Tsuga canadensis,VA,261,Tsuga canadensis,early,74_-153,16,0
VA|261|Tsuga canadensis,VA,261,Tsuga canadensis,early,74_-154,66,0
VA|261|Tsuga canadensis,VA,261,Tsuga canadensis,early,74_-155,22,0
VA|261|Tsuga canadensis,VA,261,Tsuga canadensis,early,74_-156,29,0
VA|261|Tsuga canadensis,VA,261,Tsuga canadensis,early,74_-157,66,0
VA|261|Tsuga canadensis,VA,261,Tsuga canadensis,early,74_-158,10,0
VA|261|Tsuga canadensis,VA,261,Tsuga canadensis,early,74_-159,10,0
VA|261|Tsuga canadensis,VA,261,Tsuga canadensis,early,74_-160,15,0
VA|261|Tsuga canadensis,VA,261,Tsuga canadensis,early,74_-161,55,7
VA|261|Tsuga canadensis,VA,261,Tsuga canadensis,early,74_-162,30,3
VA|261|Tsuga canadensis,VA,261,Tsuga canadensis,early,74_-163,2,0
VA|261|Tsuga canadensis,VA,261,Tsuga canadensis,early,74_-165,20,2
VA|261|Tsuga canadensis,VA,261,Tsuga canadensis,early,74_-166,15,3
VA|261|Tsuga canadensis,VA,261,Tsuga canadensis,early,75_-151,8,0
VA|261|Tsuga canadensis,VA,261,Tsuga canadensis,early,75_-152,4,0
VA|261|Tsuga canadensis,VA,261,Tsuga canadensis,early,75_-153,1,0
VA|261|Tsuga canadensis,VA,261,Tsuga canadensis,early,75_-154,4,0
VA|261|Tsuga canadensis,VA,261,Tsuga canadensis,early,75_-155,194,0
VA|261|Tsuga canadensis,VA,261,Tsuga canadensis,early,75_-156,119,0
VA|261|Tsuga canadensis,VA,261,Tsuga canadensis,early,75_-157,10,0
VA|261|Tsuga canadensis,VA,261,Tsuga canadensis,early,75_-158,16,0
VA|261|Tsuga canadensis,VA,261,Tsuga canadensis,early,75_-159,16,4
VA|261|Tsuga canadensis,VA,261,Tsuga canadensis,early,75_-160,20,3
VA|261|Tsuga canadensis,VA,261,Tsuga canadensis,early,76_-154,30,0
VA|261|Tsuga canadensis,VA,261,Tsuga canadensis,early,76_-155,17,0
VA|261|Tsuga canadensis,VA,261,Tsuga canadensis,early,76_-156,86,0
VA|261|Tsuga canadensis,VA,261,Tsuga canadensis,early,76_-157,44,3
VA|261|Tsuga canadensis,VA,261,Tsuga canadensis,early,76_-158,91,4
VA|261|Tsuga canadensis,VA,261,Tsuga canadensis,early,76_-159,6,0
VA|261|Tsuga canadensis,VA,261,Tsuga canadensis,early,76_-160,9,1
VA|261|Tsuga canadensis,VA,261,Tsuga canadensis,early,77_-155,1101,18
VA|261|Tsuga canadensis,VA,261,Tsuga canadensis,early,77_-156,140,4
VA|261|Tsuga canadensis,VA,261,Tsuga canadensis,early,77_-157,243,13
VA|261|Tsuga canadensis,VA,261,Tsuga canadensis,early,77_-158,20,1
VA|261|Tsuga canadensis,VA,261,Tsuga canadensis,early,78_-155,38,0
VA|261|Tsuga canadensis,VA,261,Tsuga canadensis,early,78_-156,69,0
VA|261|Tsuga canadensis,VA,261,Tsuga canadensis,early,78_-157,48,0
VA|261|Tsuga canadensis,VA,261,Tsuga canadensis,early,78_-158,3,0
VA|261|Tsuga canadensis,VA,261,Tsuga canadensis,late,73_-152,62,0
VA|261|Tsuga canadensis,VA,261,Tsuga canadensis,late,73_-153,710,0
VA|261|Tsuga canadensis,VA,261,Tsuga canadensis,late,73_-154,113,0
VA|261|Tsuga canadensis,VA,261,Tsuga canadensis,late,73_-155,45,0
VA|261|Tsuga canadensis,VA,261,Tsuga canadensis,late,73_-156,47,0
VA|261|Tsuga canadensis,VA,261,Tsuga canadensis,late,73_-157,62,1
VA|261|Tsuga canadensis,VA,261,Tsuga canadensis,late,73_-158,124,0
VA|261|Tsuga canadensis,VA,261,Tsuga canadensis,late,73_-159,78,0
VA|261|Tsuga canadensis,VA,261,Tsuga canadensis,late,73_-160,168,2
VA|261|Tsuga canadensis,VA,261,Tsuga canadensis,late,73_-161,247,17
VA|261|Tsuga canadensis,VA,261,Tsuga canadensis,late,73_-162,125,4
VA|261|Tsuga canadensis,VA,261,Tsuga canadensis,late,73_-163,136,23
VA|261|Tsuga canadensis,VA,261,Tsuga canadensis,late,73_-164,433,43
VA|261|Tsuga canadensis,VA,261,Tsuga canadensis,late,73_-165,151,16
VA|261|Tsuga canadensis,VA,261,Tsuga canadensis,late,73_-166,134,21
VA|261|Tsuga canadensis,VA,261,Tsuga canadensis,late,73_-167,33,2
VA|261|Tsuga canadensis,VA,261,Tsuga canadensis,late,73_-168,49,3
VA|261|Tsuga canadensis,VA,261,Tsuga canadensis,late,74_-152,142,0
VA|261|Tsuga canadensis,VA,261,Tsuga canadensis,late,74_-153,328,0
VA|261|Tsuga canadensis,VA,261,Tsuga canadensis,late,74_-154,846,6
VA|261|Tsuga canadensis,VA,261,Tsuga canadensis,late,74_-155,437,2
VA|261|Tsuga canadensis,VA,261,Tsuga canadensis,late,74_-156,487,3
VA|261|Tsuga canadensis,VA,261,Tsuga canadensis,late,74_-157,414,3
VA|261|Tsuga canadensis,VA,261,Tsuga canadensis,late,74_-158,104,4
VA|261|Tsuga canadensis,VA,261,Tsuga canadensis,late,74_-159,266,4
VA|261|Tsuga canadensis,VA,261,Tsuga canadensis,late,74_-160,594,24
VA|261|Tsuga canadensis,VA,261,Tsuga canadensis,late,74_-161,1316,84
VA|261|Tsuga canadensis,VA,261,Tsuga canadensis,late,74_-162,458,42
VA|261|Tsuga canadensis,VA,261,Tsuga canadensis,late,74_-163,69,6
VA|261|Tsuga canadensis,VA,261,Tsuga canadensis,late,74_-164,14,0
VA|261|Tsuga canadensis,VA,261,Tsuga canadensis,late,74_-165,59,12
VA|261|Tsuga canadensis,VA,261,Tsuga canadensis,late,74_-166,6,0
VA|261|Tsuga canadensis,VA,261,Tsuga canadensis,late,75_-151,138,0
VA|261|Tsuga canadensis,VA,261,Tsuga canadensis,late,75_-152,70,0
VA|261|Tsuga canadensis,VA,261,Tsuga canadensis,late,75_-153,142,0
VA|261|Tsuga canadensis,VA,261,Tsuga canadensis,late,75_-154,461,1
VA|261|Tsuga canadensis,VA,261,Tsuga canadensis,late,75_-155,1030,13
VA|261|Tsuga canadensis,VA,261,Tsuga canadensis,late,75_-156,1368,12
VA|261|Tsuga canadensis,VA,261,Tsuga canadensis,late,75_-157,247,4
VA|261|Tsuga canadensis,VA,261,Tsuga canadensis,late,75_-158,512,54
VA|261|Tsuga canadensis,VA,261,Tsuga canadensis,late,75_-159,506,38
VA|261|Tsuga canadensis,VA,261,Tsuga canadensis,late,75_-160,302,27
VA|261|Tsuga canadensis,VA,261,Tsuga canadensis,late,75_-161,28,2
VA|261|Tsuga canadensis,VA,261,Tsuga canadensis,late,76_-151,1,0
VA|261|Tsuga canadensis,VA,261,Tsuga canadensis,late,76_-152,1,0
VA|261|Tsuga canadensis,VA,261,Tsuga canadensis,late,76_-154,116,0
VA|261|Tsuga canadensis,VA,261,Tsuga canadensis,late,76_-155,885,6
VA|261|Tsuga canadensis,VA,261,Tsuga canadensis,late,76_-156,742,14
VA|261|Tsuga canadensis,VA,261,Tsuga canadensis,late,76_-157,1178,59
VA|261|Tsuga canadensis,VA,261,Tsuga canadensis,late,76_-158,1314,51
VA|261|Tsuga canadensis,VA,261,Tsuga canadensis,late,76_-159,221,14
VA|261|Tsuga canadensis,VA,261,Tsuga canadensis,late,76_-160,343,11
VA|261|Tsuga canadensis,VA,261,Tsuga canadensis,late,77_-155,11212,170
VA|261|Tsuga canadensis,VA,261,Tsuga canadensis,late,77_-156,1705,17
VA|261|Tsuga canadensis,VA,261,Tsuga canadensis,late,77_-157,1940,158
VA|261|Tsuga canadensis,VA,261,Tsuga canadensis,late,77_-158,221,8
VA|261|Tsuga canadensis,VA,261,Tsuga canadensis,late,77_-159,33,7
VA|261|Tsuga canadensis,VA,261,Tsuga canadensis,late,77_-160,118,5
VA|261|Tsuga canadensis,VA,261,Tsuga canadensis,late,78_-155,878,7
VA|261|Tsuga canadensis,VA,261,Tsuga canadensis,late,78_-156,1456,11
VA|261|Tsuga canadensis,VA,261,Tsuga canadensis,late,78_-157,398,8
VA|261|Tsuga canadensis,VA,261,Tsuga canadensis,late,78_-158,12,1
VA|316|Acer rubrum,VA,316,Acer rubrum,early,73_-152,6,4
VA|316|Acer rubrum,VA,316,Acer rubrum,early,73_-153,12,4
VA|316|Acer rubrum,VA,316,Acer rubrum,early,73_-154,11,2
VA|316|Acer rubrum,VA,316,Acer rubrum,early,73_-156,2,0
VA|316|Acer rubrum,VA,316,Acer rubrum,early,73_-157,4,2
VA|316|Acer rubrum,VA,316,Acer rubrum,early,73_-158,12,1
VA|316|Acer rubrum,VA,316,Acer rubrum,early,73_-159,7,0
VA|316|Acer rubrum,VA,316,Acer rubrum,early,73_-160,1,0
VA|316|Acer rubrum,VA,316,Acer rubrum,early,73_-161,18,1
VA|316|Acer rubrum,VA,316,Acer rubrum,early,73_-162,6,0
VA|316|Acer rubrum,VA,316,Acer rubrum,early,73_-163,5,0
VA|316|Acer rubrum,VA,316,Acer rubrum,early,73_-164,12,1
VA|316|Acer rubrum,VA,316,Acer rubrum,early,73_-165,17,1
VA|316|Acer rubrum,VA,316,Acer rubrum,early,73_-166,53,2
VA|316|Acer rubrum,VA,316,Acer rubrum,early,73_-167,1,0
VA|316|Acer rubrum,VA,316,Acer rubrum,early,73_-168,2,0
VA|316|Acer rubrum,VA,316,Acer rubrum,early,74_-152,9,0
VA|316|Acer rubrum,VA,316,Acer rubrum,early,74_-153,16,1
VA|316|Acer rubrum,VA,316,Acer rubrum,early,74_-154,66,5
VA|316|Acer rubrum,VA,316,Acer rubrum,early,74_-155,22,0
VA|316|Acer rubrum,VA,316,Acer rubrum,early,74_-156,29,5
VA|316|Acer rubrum,VA,316,Acer rubrum,early,74_-157,66,6
VA|316|Acer rubrum,VA,316,Acer rubrum,early,74_-158,10,0
VA|316|Acer rubrum,VA,316,Acer rubrum,early,74_-159,10,0
VA|316|Acer rubrum,VA,316,Acer rubrum,early,74_-160,15,0
VA|316|Acer rubrum,VA,316,Acer rubrum,early,74_-161,55,0
VA|316|Acer rubrum,VA,316,Acer rubrum,early,74_-162,30,3
VA|316|Acer rubrum,VA,316,Acer rubrum,early,74_-163,2,0
VA|316|Acer rubrum,VA,316,Acer rubrum,early,74_-165,20,1
VA|316|Acer rubrum,VA,316,Acer rubrum,early,74_-166,15,0
VA|316|Acer rubrum,VA,316,Acer rubrum,early,75_-151,8,0
VA|316|Acer rubrum,VA,316,Acer rubrum,early,75_-152,4,0
VA|316|Acer rubrum,VA,316,Acer rubrum,early,75_-153,1,0
VA|316|Acer rubrum,VA,316,Acer rubrum,early,75_-154,4,0
VA|316|Acer rubrum,VA,316,Acer rubrum,early,75_-155,194,9
VA|316|Acer rubrum,VA,316,Acer rubrum,early,75_-156,119,11
VA|316|Acer rubrum,VA,316,Acer rubrum,early,75_-157,10,1
VA|316|Acer rubrum,VA,316,Acer rubrum,early,75_-158,16,2
VA|316|Acer rubrum,VA,316,Acer rubrum,early,75_-159,16,1
VA|316|Acer rubrum,VA,316,Acer rubrum,early,75_-160,20,2
VA|316|Acer rubrum,VA,316,Acer rubrum,early,76_-154,30,5
VA|316|Acer rubrum,VA,316,Acer rubrum,early,76_-155,17,0
VA|316|Acer rubrum,VA,316,Acer rubrum,early,76_-156,86,15
VA|316|Acer rubrum,VA,316,Acer rubrum,early,76_-157,44,2
VA|316|Acer rubrum,VA,316,Acer rubrum,early,76_-158,91,14
VA|316|Acer rubrum,VA,316,Acer rubrum,early,76_-159,6,0
VA|316|Acer rubrum,VA,316,Acer rubrum,early,76_-160,9,0
VA|316|Acer rubrum,VA,316,Acer rubrum,early,77_-155,1101,69
VA|316|Acer rubrum,VA,316,Acer rubrum,early,77_-156,140,9
VA|316|Acer rubrum,VA,316,Acer rubrum,early,77_-157,243,12
VA|316|Acer rubrum,VA,316,Acer rubrum,early,77_-158,20,2
VA|316|Acer rubrum,VA,316,Acer rubrum,early,78_-155,38,1
VA|316|Acer rubrum,VA,316,Acer rubrum,early,78_-156,69,1
VA|316|Acer rubrum,VA,316,Acer rubrum,early,78_-157,48,2
VA|316|Acer rubrum,VA,316,Acer rubrum,early,78_-158,3,0
VA|316|Acer rubrum,VA,316,Acer rubrum,late,73_-152,62,9
VA|316|Acer rubrum,VA,316,Acer rubrum,late,73_-153,710,79
VA|316|Acer rubrum,VA,316,Acer rubrum,late,73_-154,113,14
VA|316|Acer rubrum,VA,316,Acer rubrum,late,73_-155,45,3
VA|316|Acer rubrum,VA,316,Acer rubrum,late,73_-156,47,1
VA|316|Acer rubrum,VA,316,Acer rubrum,late,73_-157,62,1
VA|316|Acer rubrum,VA,316,Acer rubrum,late,73_-158,124,8
VA|316|Acer rubrum,VA,316,Acer rubrum,late,73_-159,78,3
VA|316|Acer rubrum,VA,316,Acer rubrum,late,73_-160,168,6
VA|316|Acer rubrum,VA,316,Acer rubrum,late,73_-161,247,12
VA|316|Acer rubrum,VA,316,Acer rubrum,late,73_-162,125,10
VA|316|Acer rubrum,VA,316,Acer rubrum,late,73_-163,136,8
VA|316|Acer rubrum,VA,316,Acer rubrum,late,73_-164,433,13
VA|316|Acer rubrum,VA,316,Acer rubrum,late,73_-165,151,3
VA|316|Acer rubrum,VA,316,Acer rubrum,late,73_-166,134,3
VA|316|Acer rubrum,VA,316,Acer rubrum,late,73_-167,33,3
VA|316|Acer rubrum,VA,316,Acer rubrum,late,73_-168,49,2
VA|316|Acer rubrum,VA,316,Acer rubrum,late,74_-152,142,10
VA|316|Acer rubrum,VA,316,Acer rubrum,late,74_-153,328,24
VA|316|Acer rubrum,VA,316,Acer rubrum,late,74_-154,846,38
VA|316|Acer rubrum,VA,316,Acer rubrum,late,74_-155,437,27
VA|316|Acer rubrum,VA,316,Acer rubrum,late,74_-156,487,42
VA|316|Acer rubrum,VA,316,Acer rubrum,late,74_-157,414,24
VA|316|Acer rubrum,VA,316,Acer rubrum,late,74_-158,104,9
VA|316|Acer rubrum,VA,316,Acer rubrum,late,74_-159,266,9
VA|316|Acer rubrum,VA,316,Acer rubrum,late,74_-160,594,29
VA|316|Acer rubrum,VA,316,Acer rubrum,late,74_-161,1316,52
VA|316|Acer rubrum,VA,316,Acer rubrum,late,74_-162,458,18
VA|316|Acer rubrum,VA,316,Acer rubrum,late,74_-163,69,4
VA|316|Acer rubrum,VA,316,Acer rubrum,late,74_-164,14,0
VA|316|Acer rubrum,VA,316,Acer rubrum,late,74_-165,59,2
VA|316|Acer rubrum,VA,316,Acer rubrum,late,74_-166,6,0
VA|316|Acer rubrum,VA,316,Acer rubrum,late,75_-151,138,28
VA|316|Acer rubrum,VA,316,Acer rubrum,late,75_-152,70,7
VA|316|Acer rubrum,VA,316,Acer rubrum,late,75_-153,142,5
VA|316|Acer rubrum,VA,316,Acer rubrum,late,75_-154,461,29
VA|316|Acer rubrum,VA,316,Acer rubrum,late,75_-155,1030,44
VA|316|Acer rubrum,VA,316,Acer rubrum,late,75_-156,1368,103
VA|316|Acer rubrum,VA,316,Acer rubrum,late,75_-157,247,13
VA|316|Acer rubrum,VA,316,Acer rubrum,late,75_-158,512,20
VA|316|Acer rubrum,VA,316,Acer rubrum,late,75_-159,506,17
VA|316|Acer rubrum,VA,316,Acer rubrum,late,75_-160,302,7
VA|316|Acer rubrum,VA,316,Acer rubrum,late,75_-161,28,3
VA|316|Acer rubrum,VA,316,Acer rubrum,late,76_-151,1,0
VA|316|Acer rubrum,VA,316,Acer rubrum,late,76_-152,1,0
VA|316|Acer rubrum,VA,316,Acer rubrum,late,76_-154,116,7
VA|316|Acer rubrum,VA,316,Acer rubrum,late,76_-155,885,53
VA|316|Acer rubrum,VA,316,Acer rubrum,late,76_-156,742,43
VA|316|Acer rubrum,VA,316,Acer rubrum,late,76_-157,1178,43
VA|316|Acer rubrum,VA,316,Acer rubrum,late,76_-158,1314,97
VA|316|Acer rubrum,VA,316,Acer rubrum,late,76_-159,221,6
VA|316|Acer rubrum,VA,316,Acer rubrum,late,76_-160,343,22
VA|316|Acer rubrum,VA,316,Acer rubrum,late,77_-155,11212,841
VA|316|Acer rubrum,VA,316,Acer rubrum,late,77_-156,1705,82
VA|316|Acer rubrum,VA,316,Acer rubrum,late,77_-157,1940,107
VA|316|Acer rubrum,VA,316,Acer rubrum,late,77_-158,221,10
VA|316|Acer rubrum,VA,316,Acer rubrum,late,77_-159,33,0
VA|316|Acer rubrum,VA,316,Acer rubrum,late,77_-160,118,12
VA|316|Acer rubrum,VA,316,Acer rubrum,late,78_-155,878,76
VA|316|Acer rubrum,VA,316,Acer rubrum,late,78_-156,1456,63
VA|316|Acer rubrum,VA,316,Acer rubrum,late,78_-157,398,11
VA|316|Acer rubrum,VA,316,Acer rubrum,late,78_-158,12,0
VA|318|Acer saccharum,VA,318,Acer saccharum,early,73_-152,6,0
VA|318|Acer saccharum,VA,318,Acer saccharum,early,73_-153,12,0
VA|318|Acer saccharum,VA,318,Acer saccharum,early,73_-154,11,0
VA|318|Acer saccharum,VA,318,Acer saccharum,early,73_-156,2,0
VA|318|Acer saccharum,VA,318,Acer saccharum,early,73_-157,4,0
VA|318|Acer saccharum,VA,318,Acer saccharum,early,73_-158,12,0
VA|318|Acer saccharum,VA,318,Acer saccharum,early,73_-159,7,0
VA|318|Acer saccharum,VA,318,Acer saccharum,early,73_-160,1,0
VA|318|Acer saccharum,VA,318,Acer saccharum,early,73_-161,18,1
VA|318|Acer saccharum,VA,318,Acer saccharum,early,73_-162,6,0
VA|318|Acer saccharum,VA,318,Acer saccharum,early,73_-163,5,0
VA|318|Acer saccharum,VA,318,Acer saccharum,early,73_-164,12,0
VA|318|Acer saccharum,VA,318,Acer saccharum,early,73_-165,17,1
VA|318|Acer saccharum,VA,318,Acer saccharum,early,73_-166,53,2
VA|318|Acer saccharum,VA,318,Acer saccharum,early,73_-167,1,0
VA|318|Acer saccharum,VA,318,Acer saccharum,early,73_-168,2,0
VA|318|Acer saccharum,VA,318,Acer saccharum,early,74_-152,9,0
VA|318|Acer saccharum,VA,318,Acer saccharum,early,74_-153,16,0
VA|318|Acer saccharum,VA,318,Acer saccharum,early,74_-154,66,0
VA|318|Acer saccharum,VA,318,Acer saccharum,early,74_-155,22,0
VA|318|Acer saccharum,VA,318,Acer saccharum,early,74_-156,29,0
VA|318|Acer saccharum,VA,318,Acer saccharum,early,74_-157,66,0
VA|318|Acer saccharum,VA,318,Acer saccharum,early,74_-158,10,0
VA|318|Acer saccharum,VA,318,Acer saccharum,early,74_-159,10,0
VA|318|Acer saccharum,VA,318,Acer saccharum,early,74_-160,15,0
VA|318|Acer saccharum,VA,318,Acer saccharum,early,74_-161,55,1
VA|318|Acer saccharum,VA,318,Acer saccharum,early,74_-162,30,1
VA|318|Acer saccharum,VA,318,Acer saccharum,early,74_-163,2,0
VA|318|Acer saccharum,VA,318,Acer saccharum,early,74_-165,20,0
VA|318|Acer saccharum,VA,318,Acer saccharum,early,74_-166,15,0
VA|318|Acer saccharum,VA,318,Acer saccharum,early,75_-151,8,0
VA|318|Acer saccharum,VA,318,Acer saccharum,early,75_-152,4,0
VA|318|Acer saccharum,VA,318,Acer saccharum,early,75_-153,1,0
VA|318|Acer saccharum,VA,318,Acer saccharum,early,75_-154,4,0
VA|318|Acer saccharum,VA,318,Acer saccharum,early,75_-155,194,3
VA|318|Acer saccharum,VA,318,Acer saccharum,early,75_-156,119,0
VA|318|Acer saccharum,VA,318,Acer saccharum,early,75_-157,10,0
VA|318|Acer saccharum,VA,318,Acer saccharum,early,75_-158,16,0
VA|318|Acer saccharum,VA,318,Acer saccharum,early,75_-159,16,1
VA|318|Acer saccharum,VA,318,Acer saccharum,early,75_-160,20,1
VA|318|Acer saccharum,VA,318,Acer saccharum,early,76_-154,30,0
VA|318|Acer saccharum,VA,318,Acer saccharum,early,76_-155,17,0
VA|318|Acer saccharum,VA,318,Acer saccharum,early,76_-156,86,0
VA|318|Acer saccharum,VA,318,Acer saccharum,early,76_-157,44,1
VA|318|Acer saccharum,VA,318,Acer saccharum,early,76_-158,91,1
VA|318|Acer saccharum,VA,318,Acer saccharum,early,76_-159,6,0
VA|318|Acer saccharum,VA,318,Acer saccharum,early,76_-160,9,1
VA|318|Acer saccharum,VA,318,Acer saccharum,early,77_-155,1101,10
VA|318|Acer saccharum,VA,318,Acer saccharum,early,77_-156,140,2
VA|318|Acer saccharum,VA,318,Acer saccharum,early,77_-157,243,5
VA|318|Acer saccharum,VA,318,Acer saccharum,early,77_-158,20,0
VA|318|Acer saccharum,VA,318,Acer saccharum,early,78_-155,38,0
VA|318|Acer saccharum,VA,318,Acer saccharum,early,78_-156,69,1
VA|318|Acer saccharum,VA,318,Acer saccharum,early,78_-157,48,0
VA|318|Acer saccharum,VA,318,Acer saccharum,early,78_-158,3,0
VA|318|Acer saccharum,VA,318,Acer saccharum,late,73_-152,62,0
VA|318|Acer saccharum,VA,318,Acer saccharum,late,73_-153,710,0
VA|318|Acer saccharum,VA,318,Acer saccharum,late,73_-154,113,0
VA|318|Acer saccharum,VA,318,Acer saccharum,late,73_-155,45,0
VA|318|Acer saccharum,VA,318,Acer saccharum,late,73_-156,47,0
VA|318|Acer saccharum,VA,318,Acer saccharum,late,73_-157,62,1
VA|318|Acer saccharum,VA,318,Acer saccharum,late,73_-158,124,0
VA|318|Acer saccharum,VA,318,Acer saccharum,late,73_-159,78,0
VA|318|Acer saccharum,VA,318,Acer saccharum,late,73_-160,168,0
VA|318|Acer saccharum,VA,318,Acer saccharum,late,73_-161,247,2
VA|318|Acer saccharum,VA,318,Acer saccharum,late,73_-162,125,0
VA|318|Acer saccharum,VA,318,Acer saccharum,late,73_-163,136,3
VA|318|Acer saccharum,VA,318,Acer saccharum,late,73_-164,433,10
VA|318|Acer saccharum,VA,318,Acer saccharum,late,73_-165,151,0
VA|318|Acer saccharum,VA,318,Acer saccharum,late,73_-166,134,2
VA|318|Acer saccharum,VA,318,Acer saccharum,late,73_-167,33,1
VA|318|Acer saccharum,VA,318,Acer saccharum,late,73_-168,49,1
VA|318|Acer saccharum,VA,318,Acer saccharum,late,74_-152,142,0
VA|318|Acer saccharum,VA,318,Acer saccharum,late,74_-153,328,0
VA|318|Acer saccharum,VA,318,Acer saccharum,late,74_-154,846,1
VA|318|Acer saccharum,VA,318,Acer saccharum,late,74_-155,437,0
VA|318|Acer saccharum,VA,318,Acer saccharum,late,74_-156,487,0
VA|318|Acer saccharum,VA,318,Acer saccharum,late,74_-157,414,2
VA|318|Acer saccharum,VA,318,Acer saccharum,late,74_-158,104,0
VA|318|Acer saccharum,VA,318,Acer saccharum,late,74_-159,266,0
VA|318|Acer saccharum,VA,318,Acer saccharum,late,74_-160,594,3
VA|318|Acer saccharum,VA,318,Acer saccharum,late,74_-161,1316,20
VA|318|Acer saccharum,VA,318,Acer saccharum,late,74_-162,458,11
VA|318|Acer saccharum,VA,318,Acer saccharum,late,74_-163,69,5
VA|318|Acer saccharum,VA,318,Acer saccharum,late,74_-164,14,0
VA|318|Acer saccharum,VA,318,Acer saccharum,late,74_-165,59,0
VA|318|Acer saccharum,VA,318,Acer saccharum,late,74_-166,6,0
VA|318|Acer saccharum,VA,318,Acer saccharum,late,75_-151,138,0
VA|318|Acer saccharum,VA,318,Acer saccharum,late,75_-152,70,0
VA|318|Acer saccharum,VA,318,Acer saccharum,late,75_-153,142,1
VA|318|Acer saccharum,VA,318,Acer saccharum,late,75_-154,461,0
VA|318|Acer saccharum,VA,318,Acer saccharum,late,75_-155,1030,5
VA|318|Acer saccharum,VA,318,Acer saccharum,late,75_-156,1368,1
VA|318|Acer saccharum,VA,318,Acer saccharum,late,75_-157,247,1
VA|318|Acer saccharum,VA,318,Acer saccharum,late,75_-158,512,2
VA|318|Acer saccharum,VA,318,Acer saccharum,late,75_-159,506,9
VA|318|Acer saccharum,VA,318,Acer saccharum,late,75_-160,302,3
VA|318|Acer saccharum,VA,318,Acer saccharum,late,75_-161,28,0
VA|318|Acer saccharum,VA,318,Acer saccharum,late,76_-151,1,0
VA|318|Acer saccharum,VA,318,Acer saccharum,late,76_-152,1,0
VA|318|Acer saccharum,VA,318,Acer saccharum,late,76_-154,116,0
VA|318|Acer saccharum,VA,318,Acer saccharum,late,76_-155,885,4
VA|318|Acer saccharum,VA,318,Acer saccharum,late,76_-156,742,0
VA|318|Acer saccharum,VA,318,Acer saccharum,late,76_-157,1178,7
VA|318|Acer saccharum,VA,318,Acer saccharum,late,76_-158,1314,6
VA|318|Acer saccharum,VA,318,Acer saccharum,late,76_-159,221,2
VA|318|Acer saccharum,VA,318,Acer saccharum,late,76_-160,343,32
VA|318|Acer saccharum,VA,318,Acer saccharum,late,77_-155,11212,106
VA|318|Acer saccharum,VA,318,Acer saccharum,late,77_-156,1705,3
VA|318|Acer saccharum,VA,318,Acer saccharum,late,77_-157,1940,17
VA|318|Acer saccharum,VA,318,Acer saccharum,late,77_-158,221,5
VA|318|Acer saccharum,VA,318,Acer saccharum,late,77_-159,33,0
VA|318|Acer saccharum,VA,318,Acer saccharum,late,77_-160,118,16
VA|318|Acer saccharum,VA,318,Acer saccharum,late,78_-155,878,7
VA|318|Acer saccharum,VA,318,Acer saccharum,late,78_-156,1456,9
VA|318|Acer saccharum,VA,318,Acer saccharum,late,78_-157,398,0
VA|318|Acer saccharum,VA,318,Acer saccharum,late,78_-158,12,1
VA|531|Fagus grandifolia,VA,531,Fagus grandifolia,early,73_-152,6,0
VA|531|Fagus grandifolia,VA,531,Fagus grandifolia,early,73_-153,12,1
VA|531|Fagus grandifolia,VA,531,Fagus grandifolia,early,73_-154,11,0
VA|531|Fagus grandifolia,VA,531,Fagus grandifolia,early,73_-156,2,0
VA|531|Fagus grandifolia,VA,531,Fagus grandifolia,early,73_-157,4,0
VA|531|Fagus grandifolia,VA,531,Fagus grandifolia,early,73_-158,12,1
VA|531|Fagus grandifolia,VA,531,Fagus grandifolia,early,73_-159,7,0
VA|531|Fagus grandifolia,VA,531,Fagus grandifolia,early,73_-160,1,0
VA|531|Fagus grandifolia,VA,531,Fagus grandifolia,early,73_-161,18,1
VA|531|Fagus grandifolia,VA,531,Fagus grandifolia,early,73_-162,6,0
VA|531|Fagus grandifolia,VA,531,Fagus grandifolia,early,73_-163,5,0
VA|531|Fagus grandifolia,VA,531,Fagus grandifolia,early,73_-164,12,0
VA|531|Fagus grandifolia,VA,531,Fagus grandifolia,early,73_-165,17,0
VA|531|Fagus grandifolia,VA,531,Fagus grandifolia,early,73_-166,53,3
VA|531|Fagus grandifolia,VA,531,Fagus grandifolia,early,73_-167,1,0
VA|531|Fagus grandifolia,VA,531,Fagus grandifolia,early,73_-168,2,0
VA|531|Fagus grandifolia,VA,531,Fagus grandifolia,early,74_-152,9,0
VA|531|Fagus grandifolia,VA,531,Fagus grandifolia,early,74_-153,16,3
VA|531|Fagus grandifolia,VA,531,Fagus grandifolia,early,74_-154,66,6
VA|531|Fagus grandifolia,VA,531,Fagus grandifolia,early,74_-155,22,0
VA|531|Fagus grandifolia,VA,531,Fagus grandifolia,early,74_-156,29,5
VA|531|Fagus grandifolia,VA,531,Fagus grandifolia,early,74_-157,66,4
VA|531|Fagus grandifolia,VA,531,Fagus grandifolia,early,74_-158,10,2
VA|531|Fagus grandifolia,VA,531,Fagus grandifolia,early,74_-159,10,0
VA|531|Fagus grandifolia,VA,531,Fagus grandifolia,early,74_-160,15,2
VA|531|Fagus grandifolia,VA,531,Fagus grandifolia,early,74_-161,55,1
VA|531|Fagus grandifolia,VA,531,Fagus grandifolia,early,74_-162,30,2
VA|531|Fagus grandifolia,VA,531,Fagus grandifolia,early,74_-163,2,0
VA|531|Fagus grandifolia,VA,531,Fagus grandifolia,early,74_-165,20,3
VA|531|Fagus grandifolia,VA,531,Fagus grandifolia,early,74_-166,15,1
VA|531|Fagus grandifolia,VA,531,Fagus grandifolia,early,75_-151,8,0
VA|531|Fagus grandifolia,VA,531,Fagus grandifolia,early,75_-152,4,0
VA|531|Fagus grandifolia,VA,531,Fagus grandifolia,early,75_-153,1,1
VA|531|Fagus grandifolia,VA,531,Fagus grandifolia,early,75_-154,4,0
VA|531|Fagus grandifolia,VA,531,Fagus grandifolia,early,75_-155,194,22
VA|531|Fagus grandifolia,VA,531,Fagus grandifolia,early,75_-156,119,9
VA|531|Fagus grandifolia,VA,531,Fagus grandifolia,early,75_-157,10,2
VA|531|Fagus grandifolia,VA,531,Fagus grandifolia,early,75_-158,16,1
VA|531|Fagus grandifolia,VA,531,Fagus grandifolia,early,75_-159,16,1
VA|531|Fagus grandifolia,VA,531,Fagus grandifolia,early,75_-160,20,0
VA|531|Fagus grandifolia,VA,531,Fagus grandifolia,early,76_-154,30,7
VA|531|Fagus grandifolia,VA,531,Fagus grandifolia,early,76_-155,17,3
VA|531|Fagus grandifolia,VA,531,Fagus grandifolia,early,76_-156,86,6
VA|531|Fagus grandifolia,VA,531,Fagus grandifolia,early,76_-157,44,2
VA|531|Fagus grandifolia,VA,531,Fagus grandifolia,early,76_-158,91,2
VA|531|Fagus grandifolia,VA,531,Fagus grandifolia,early,76_-159,6,0
VA|531|Fagus grandifolia,VA,531,Fagus grandifolia,early,76_-160,9,0
VA|531|Fagus grandifolia,VA,531,Fagus grandifolia,early,77_-155,1101,68
VA|531|Fagus grandifolia,VA,531,Fagus grandifolia,early,77_-156,140,1
VA|531|Fagus grandifolia,VA,531,Fagus grandifolia,early,77_-157,243,2
VA|531|Fagus grandifolia,VA,531,Fagus grandifolia,early,77_-158,20,0
VA|531|Fagus grandifolia,VA,531,Fagus grandifolia,early,78_-155,38,7
VA|531|Fagus grandifolia,VA,531,Fagus grandifolia,early,78_-156,69,3
VA|531|Fagus grandifolia,VA,531,Fagus grandifolia,early,78_-157,48,2
VA|531|Fagus grandifolia,VA,531,Fagus grandifolia,early,78_-158,3,0
VA|531|Fagus grandifolia,VA,531,Fagus grandifolia,late,73_-152,62,5
VA|531|Fagus grandifolia,VA,531,Fagus grandifolia,late,73_-153,710,55
VA|531|Fagus grandifolia,VA,531,Fagus grandifolia,late,73_-154,113,13
VA|531|Fagus grandifolia,VA,531,Fagus grandifolia,late,73_-155,45,3
VA|531|Fagus grandifolia,VA,531,Fagus grandifolia,late,73_-156,47,3
VA|531|Fagus grandifolia,VA,531,Fagus grandifolia,late,73_-157,62,5
VA|531|Fagus grandifolia,VA,531,Fagus grandifolia,late,73_-158,124,7
VA|531|Fagus grandifolia,VA,531,Fagus grandifolia,late,73_-159,78,8
VA|531|Fagus grandifolia,VA,531,Fagus grandifolia,late,73_-160,168,26
VA|531|Fagus grandifolia,VA,531,Fagus grandifolia,late,73_-161,247,26
VA|531|Fagus grandifolia,VA,531,Fagus grandifolia,late,73_-162,125,5
VA|531|Fagus grandifolia,VA,531,Fagus grandifolia,late,73_-163,136,11
VA|531|Fagus grandifolia,VA,531,Fagus grandifolia,late,73_-164,433,46
VA|531|Fagus grandifolia,VA,531,Fagus grandifolia,late,73_-165,151,10
VA|531|Fagus grandifolia,VA,531,Fagus grandifolia,late,73_-166,134,10
VA|531|Fagus grandifolia,VA,531,Fagus grandifolia,late,73_-167,33,4
VA|531|Fagus grandifolia,VA,531,Fagus grandifolia,late,73_-168,49,1
VA|531|Fagus grandifolia,VA,531,Fagus grandifolia,late,74_-152,142,0
VA|531|Fagus grandifolia,VA,531,Fagus grandifolia,late,74_-153,328,28
VA|531|Fagus grandifolia,VA,531,Fagus grandifolia,late,74_-154,846,120
VA|531|Fagus grandifolia,VA,531,Fagus grandifolia,late,74_-155,437,36
VA|531|Fagus grandifolia,VA,531,Fagus grandifolia,late,74_-156,487,70
VA|531|Fagus grandifolia,VA,531,Fagus grandifolia,late,74_-157,414,37
VA|531|Fagus grandifolia,VA,531,Fagus grandifolia,late,74_-158,104,8
VA|531|Fagus grandifolia,VA,531,Fagus grandifolia,late,74_-159,266,34
VA|531|Fagus grandifolia,VA,531,Fagus grandifolia,late,74_-160,594,37
VA|531|Fagus grandifolia,VA,531,Fagus grandifolia,late,74_-161,1316,55
VA|531|Fagus grandifolia,VA,531,Fagus grandifolia,late,74_-162,458,12
VA|531|Fagus grandifolia,VA,531,Fagus grandifolia,late,74_-163,69,5
VA|531|Fagus grandifolia,VA,531,Fagus grandifolia,late,74_-164,14,0
VA|531|Fagus grandifolia,VA,531,Fagus grandifolia,late,74_-165,59,7
VA|531|Fagus grandifolia,VA,531,Fagus grandifolia,late,74_-166,6,0
VA|531|Fagus grandifolia,VA,531,Fagus grandifolia,late,75_-151,138,1
VA|531|Fagus grandifolia,VA,531,Fagus grandifolia,late,75_-152,70,1
VA|531|Fagus grandifolia,VA,531,Fagus grandifolia,late,75_-153,142,17
VA|531|Fagus grandifolia,VA,531,Fagus grandifolia,late,75_-154,461,61
VA|531|Fagus grandifolia,VA,531,Fagus grandifolia,late,75_-155,1030,89
VA|531|Fagus grandifolia,VA,531,Fagus grandifolia,late,75_-156,1368,106
VA|531|Fagus grandifolia,VA,531,Fagus grandifolia,late,75_-157,247,28
VA|531|Fagus grandifolia,VA,531,Fagus grandifolia,late,75_-158,512,32
VA|531|Fagus grandifolia,VA,531,Fagus grandifolia,late,75_-159,506,22
VA|531|Fagus grandifolia,VA,531,Fagus grandifolia,late,75_-160,302,12
VA|531|Fagus grandifolia,VA,531,Fagus grandifolia,late,75_-161,28,1
VA|531|Fagus grandifolia,VA,531,Fagus grandifolia,late,76_-151,1,0
VA|531|Fagus grandifolia,VA,531,Fagus grandifolia,late,76_-152,1,0
VA|531|Fagus grandifolia,VA,531,Fagus grandifolia,late,76_-154,116,19
VA|531|Fagus grandifolia,VA,531,Fagus grandifolia,late,76_-155,885,112
VA|531|Fagus grandifolia,VA,531,Fagus grandifolia,late,76_-156,742,85
VA|531|Fagus grandifolia,VA,531,Fagus grandifolia,late,76_-157,1178,102
VA|531|Fagus grandifolia,VA,531,Fagus grandifolia,late,76_-158,1314,36
VA|531|Fagus grandifolia,VA,531,Fagus grandifolia,late,76_-159,221,3
VA|531|Fagus grandifolia,VA,531,Fagus grandifolia,late,76_-160,343,8
VA|531|Fagus grandifolia,VA,531,Fagus grandifolia,late,77_-155,11212,923
VA|531|Fagus grandifolia,VA,531,Fagus grandifolia,late,77_-156,1705,71
VA|531|Fagus grandifolia,VA,531,Fagus grandifolia,late,77_-157,1940,30
VA|531|Fagus grandifolia,VA,531,Fagus grandifolia,late,77_-158,221,1
VA|531|Fagus grandifolia,VA,531,Fagus grandifolia,late,77_-159,33,0
VA|531|Fagus grandifolia,VA,531,Fagus grandifolia,late,77_-160,118,2
VA|531|Fagus grandifolia,VA,531,Fagus grandifolia,late,78_-155,878,74
VA|531|Fagus grandifolia,VA,531,Fagus grandifolia,late,78_-156,1456,95
VA|531|Fagus grandifolia,VA,531,Fagus grandifolia,late,78_-157,398,1
VA|531|Fagus grandifolia,VA,531,Fagus grandifolia,late,78_-158,12,0
VA|621|Liriodendron tulipifera,VA,621,Liriodendron tulipifera,early,73_-152,6,0
VA|621|Liriodendron tulipifera,VA,621,Liriodendron tulipifera,early,73_-153,12,0
VA|621|Liriodendron tulipifera,VA,621,Liriodendron tulipifera,early,73_-154,11,1
VA|621|Liriodendron tulipifera,VA,621,Liriodendron tulipifera,early,73_-156,2,0
VA|621|Liriodendron tulipifera,VA,621,Liriodendron tulipifera,early,73_-157,4,2
VA|621|Liriodendron tulipifera,VA,621,Liriodendron tulipifera,early,73_-158,12,1
VA|621|Liriodendron tulipifera,VA,621,Liriodendron tulipifera,early,73_-159,7,1
VA|621|Liriodendron tulipifera,VA,621,Liriodendron tulipifera,early,73_-160,1,0
VA|621|Liriodendron tulipifera,VA,621,Liriodendron tulipifera,early,73_-161,18,4
VA|621|Liriodendron tulipifera,VA,621,Liriodendron tulipifera,early,73_-162,6,0
VA|621|Liriodendron tulipifera,VA,621,Liriodendron tulipifera,early,73_-163,5,0
VA|621|Liriodendron tulipifera,VA,621,Liriodendron tulipifera,early,73_-164,12,1
VA|621|Liriodendron tulipifera,VA,621,Liriodendron tulipifera,early,73_-165,17,3
VA|621|Liriodendron tulipifera,VA,621,Liriodendron tulipifera,early,73_-166,53,10
VA|621|Liriodendron tulipifera,VA,621,Liriodendron tulipifera,early,73_-167,1,0
VA|621|Liriodendron tulipifera,VA,621,Liriodendron tulipifera,early,73_-168,2,0
VA|621|Liriodendron tulipifera,VA,621,Liriodendron tulipifera,early,74_-152,9,0
VA|621|Liriodendron tulipifera,VA,621,Liriodendron tulipifera,early,74_-153,16,1
VA|621|Liriodendron tulipifera,VA,621,Liriodendron tulipifera,early,74_-154,66,6
VA|621|Liriodendron tulipifera,VA,621,Liriodendron tulipifera,early,74_-155,22,2
VA|621|Liriodendron tulipifera,VA,621,Liriodendron tulipifera,early,74_-156,29,6
VA|621|Liriodendron tulipifera,VA,621,Liriodendron tulipifera,early,74_-157,66,5
VA|621|Liriodendron tulipifera,VA,621,Liriodendron tulipifera,early,74_-158,10,2
VA|621|Liriodendron tulipifera,VA,621,Liriodendron tulipifera,early,74_-159,10,3
VA|621|Liriodendron tulipifera,VA,621,Liriodendron tulipifera,early,74_-160,15,1
VA|621|Liriodendron tulipifera,VA,621,Liriodendron tulipifera,early,74_-161,55,5
VA|621|Liriodendron tulipifera,VA,621,Liriodendron tulipifera,early,74_-162,30,2
VA|621|Liriodendron tulipifera,VA,621,Liriodendron tulipifera,early,74_-163,2,0
VA|621|Liriodendron tulipifera,VA,621,Liriodendron tulipifera,early,74_-165,20,3
VA|621|Liriodendron tulipifera,VA,621,Liriodendron tulipifera,early,74_-166,15,1
VA|621|Liriodendron tulipifera,VA,621,Liriodendron tulipifera,early,75_-151,8,0
VA|621|Liriodendron tulipifera,VA,621,Liriodendron tulipifera,early,75_-152,4,0
VA|621|Liriodendron tulipifera,VA,621,Liriodendron tulipifera,early,75_-153,1,0
VA|621|Liriodendron tulipifera,VA,621,Liriodendron tulipifera,early,75_-154,4,2
VA|621|Liriodendron tulipifera,VA,621,Liriodendron tulipifera,early,75_-155,194,18
VA|621|Liriodendron tulipifera,VA,621,Liriodendron tulipifera,early,75_-156,119,11
VA|621|Liriodendron tulipifera,VA,621,Liriodendron tulipifera,early,75_-157,10,1
VA|621|Liriodendron tulipifera,VA,621,Liriodendron tulipifera,early,75_-158,16,2
VA|621|Liriodendron tulipifera,VA,621,Liriodendron tulipifera,early,75_-159,16,0
VA|621|Liriodendron tulipifera,VA,621,Liriodendron tulipifera,early,75_-160,20,1
VA|621|Liriodendron tulipifera,VA,621,Liriodendron tulipifera,early,76_-154,30,4
VA|621|Liriodendron tulipifera,VA,621,Liriodendron tulipifera,early,76_-155,17,2
VA|621|Liriodendron tulipifera,VA,621,Liriodendron tulipifera,early,76_-156,86,16
VA|621|Liriodendron tulipifera,VA,621,Liriodendron tulipifera,early,76_-157,44,5
VA|621|Liriodendron tulipifera,VA,621,Liriodendron tulipifera,early,76_-158,91,9
VA|621|Liriodendron tulipifera,VA,621,Liriodendron tulipifera,early,76_-159,6,0
VA|621|Liriodendron tulipifera,VA,621,Liriodendron tulipifera,early,76_-160,9,0
VA|621|Liriodendron tulipifera,VA,621,Liriodendron tulipifera,early,77_-155,1101,109
VA|621|Liriodendron tulipifera,VA,621,Liriodendron tulipifera,early,77_-156,140,12
VA|621|Liriodendron tulipifera,VA,621,Liriodendron tulipifera,early,77_-157,243,29
VA|621|Liriodendron tulipifera,VA,621,Liriodendron tulipifera,early,77_-158,20,2
VA|621|Liriodendron tulipifera,VA,621,Liriodendron tulipifera,early,78_-155,38,4
VA|621|Liriodendron tulipifera,VA,621,Liriodendron tulipifera,early,78_-156,69,8
VA|621|Liriodendron tulipifera,VA,621,Liriodendron tulipifera,early,78_-157,48,2
VA|621|Liriodendron tulipifera,VA,621,Liriodendron tulipifera,early,78_-158,3,0
VA|621|Liriodendron tulipifera,VA,621,Liriodendron tulipifera,late,73_-152,62,2
VA|621|Liriodendron tulipifera,VA,621,Liriodendron tulipifera,late,73_-153,710,108
VA|621|Liriodendron tulipifera,VA,621,Liriodendron tulipifera,late,73_-154,113,30
VA|621|Liriodendron tulipifera,VA,621,Liriodendron tulipifera,late,73_-155,45,6
VA|621|Liriodendron tulipifera,VA,621,Liriodendron tulipifera,late,73_-156,47,4
VA|621|Liriodendron tulipifera,VA,621,Liriodendron tulipifera,late,73_-157,62,8
VA|621|Liriodendron tulipifera,VA,621,Liriodendron tulipifera,late,73_-158,124,14
VA|621|Liriodendron tulipifera,VA,621,Liriodendron tulipifera,late,73_-159,78,10
VA|621|Liriodendron tulipifera,VA,621,Liriodendron tulipifera,late,73_-160,168,20
VA|621|Liriodendron tulipifera,VA,621,Liriodendron tulipifera,late,73_-161,247,33
VA|621|Liriodendron tulipifera,VA,621,Liriodendron tulipifera,late,73_-162,125,19
VA|621|Liriodendron tulipifera,VA,621,Liriodendron tulipifera,late,73_-163,136,16
VA|621|Liriodendron tulipifera,VA,621,Liriodendron tulipifera,late,73_-164,433,30
VA|621|Liriodendron tulipifera,VA,621,Liriodendron tulipifera,late,73_-165,151,16
VA|621|Liriodendron tulipifera,VA,621,Liriodendron tulipifera,late,73_-166,134,12
VA|621|Liriodendron tulipifera,VA,621,Liriodendron tulipifera,late,73_-167,33,4
VA|621|Liriodendron tulipifera,VA,621,Liriodendron tulipifera,late,73_-168,49,2
VA|621|Liriodendron tulipifera,VA,621,Liriodendron tulipifera,late,74_-152,142,7
VA|621|Liriodendron tulipifera,VA,621,Liriodendron tulipifera,late,74_-153,328,45
VA|621|Liriodendron tulipifera,VA,621,Liriodendron tulipifera,late,74_-154,846,131
VA|621|Liriodendron tulipifera,VA,621,Liriodendron tulipifera,late,74_-155,437,51
VA|621|Liriodendron tulipifera,VA,621,Liriodendron tulipifera,late,74_-156,487,90
VA|621|Liriodendron tulipifera,VA,621,Liriodendron tulipifera,late,74_-157,414,30
VA|621|Liriodendron tulipifera,VA,621,Liriodendron tulipifera,late,74_-158,104,18
VA|621|Liriodendron tulipifera,VA,621,Liriodendron tulipifera,late,74_-159,266,38
VA|621|Liriodendron tulipifera,VA,621,Liriodendron tulipifera,late,74_-160,594,60
VA|621|Liriodendron tulipifera,VA,621,Liriodendron tulipifera,late,74_-161,1316,115
VA|621|Liriodendron tulipifera,VA,621,Liriodendron tulipifera,late,74_-162,458,50
VA|621|Liriodendron tulipifera,VA,621,Liriodendron tulipifera,late,74_-163,69,7
VA|621|Liriodendron tulipifera,VA,621,Liriodendron tulipifera,late,74_-164,14,2
VA|621|Liriodendron tulipifera,VA,621,Liriodendron tulipifera,late,74_-165,59,6
VA|621|Liriodendron tulipifera,VA,621,Liriodendron tulipifera,late,74_-166,6,2
VA|621|Liriodendron tulipifera,VA,621,Liriodendron tulipifera,late,75_-151,138,15
VA|621|Liriodendron tulipifera,VA,621,Liriodendron tulipifera,late,75_-152,70,6
VA|621|Liriodendron tulipifera,VA,621,Liriodendron tulipifera,late,75_-153,142,19
VA|621|Liriodendron tulipifera,VA,621,Liriodendron tulipifera,late,75_-154,461,53
VA|621|Liriodendron tulipifera,VA,621,Liriodendron tulipifera,late,75_-155,1030,121
VA|621|Liriodendron tulipifera,VA,621,Liriodendron tulipifera,late,75_-156,1368,153
VA|621|Liriodendron tulipifera,VA,621,Liriodendron tulipifera,late,75_-157,247,34
VA|621|Liriodendron tulipifera,VA,621,Liriodendron tulipifera,late,75_-158,512,40
VA|621|Liriodendron tulipifera,VA,621,Liriodendron tulipifera,late,75_-159,506,41
VA|621|Liriodendron tulipifera,VA,621,Liriodendron tulipifera,late,75_-160,302,23
VA|621|Liriodendron tulipifera,VA,621,Liriodendron tulipifera,late,75_-161,28,4
VA|621|Liriodendron tulipifera,VA,621,Liriodendron tulipifera,late,76_-151,1,0
VA|621|Liriodendron tulipifera,VA,621,Liriodendron tulipifera,late,76_-152,1,0
VA|621|Liriodendron tulipifera,VA,621,Liriodendron tulipifera,late,76_-154,116,11
VA|621|Liriodendron tulipifera,VA,621,Liriodendron tulipifera,late,76_-155,885,88
VA|621|Liriodendron tulipifera,VA,621,Liriodendron tulipifera,late,76_-156,742,110
VA|621|Liriodendron tulipifera,VA,621,Liriodendron tulipifera,late,76_-157,1178,116
VA|621|Liriodendron tulipifera,VA,621,Liriodendron tulipifera,late,76_-158,1314,95
VA|621|Liriodendron tulipifera,VA,621,Liriodendron tulipifera,late,76_-159,221,12
VA|621|Liriodendron tulipifera,VA,621,Liriodendron tulipifera,late,76_-160,343,13
VA|621|Liriodendron tulipifera,VA,621,Liriodendron tulipifera,late,77_-155,11212,1165
VA|621|Liriodendron tulipifera,VA,621,Liriodendron tulipifera,late,77_-156,1705,152
VA|621|Liriodendron tulipifera,VA,621,Liriodendron tulipifera,late,77_-157,1940,164
VA|621|Liriodendron tulipifera,VA,621,Liriodendron tulipifera,late,77_-158,221,19
VA|621|Liriodendron tulipifera,VA,621,Liriodendron tulipifera,late,77_-159,33,2
VA|621|Liriodendron tulipifera,VA,621,Liriodendron tulipifera,late,77_-160,118,0
VA|621|Liriodendron tulipifera,VA,621,Liriodendron tulipifera,late,78_-155,878,59
VA|621|Liriodendron tulipifera,VA,621,Liriodendron tulipifera,late,78_-156,1456,109
VA|621|Liriodendron tulipifera,VA,621,Liriodendron tulipifera,late,78_-157,398,17
VA|621|Liriodendron tulipifera,VA,621,Liriodendron tulipifera,late,78_-158,12,1
VA|762|Prunus serotina,VA,762,Prunus serotina,early,73_-152,6,1
VA|762|Prunus serotina,VA,762,Prunus serotina,early,73_-153,12,1
VA|762|Prunus serotina,VA,762,Prunus serotina,early,73_-154,11,0
VA|762|Prunus serotina,VA,762,Prunus serotina,early,73_-156,2,0
VA|762|Prunus serotina,VA,762,Prunus serotina,early,73_-157,4,0
VA|762|Prunus serotina,VA,762,Prunus serotina,early,73_-158,12,0
VA|762|Prunus serotina,VA,762,Prunus serotina,early,73_-159,7,0
VA|762|Prunus serotina,VA,762,Prunus serotina,early,73_-160,1,0
VA|762|Prunus serotina,VA,762,Prunus serotina,early,73_-161,18,1
VA|762|Prunus serotina,VA,762,Prunus serotina,early,73_-162,6,0
VA|762|Prunus serotina,VA,762,Prunus serotina,early,73_-163,5,1
VA|762|Prunus serotina,VA,762,Prunus serotina,early,73_-164,12,0
VA|762|Prunus serotina,VA,762,Prunus serotina,early,73_-165,17,0
VA|762|Prunus serotina,VA,762,Prunus serotina,early,73_-166,53,2
VA|762|Prunus serotina,VA,762,Prunus serotina,early,73_-167,1,0
VA|762|Prunus serotina,VA,762,Prunus serotina,early,73_-168,2,0
VA|762|Prunus serotina,VA,762,Prunus serotina,early,74_-152,9,0
VA|762|Prunus serotina,VA,762,Prunus serotina,early,74_-153,16,0
VA|762|Prunus serotina,VA,762,Prunus serotina,early,74_-154,66,3
VA|762|Prunus serotina,VA,762,Prunus serotina,early,74_-155,22,1
VA|762|Prunus serotina,VA,762,Prunus serotina,early,74_-156,29,1
VA|762|Prunus serotina,VA,762,Prunus serotina,early,74_-157,66,0
VA|762|Prunus serotina,VA,762,Prunus serotina,early,74_-158,10,0
VA|762|Prunus serotina,VA,762,Prunus serotina,early,74_-159,10,0
VA|762|Prunus serotina,VA,762,Prunus serotina,early,74_-160,15,0
VA|762|Prunus serotina,VA,762,Prunus serotina,early,74_-161,55,0
VA|762|Prunus serotina,VA,762,Prunus serotina,early,74_-162,30,1
VA|762|Prunus serotina,VA,762,Prunus serotina,early,74_-163,2,0
VA|762|Prunus serotina,VA,762,Prunus serotina,early,74_-165,20,0
VA|762|Prunus serotina,VA,762,Prunus serotina,early,74_-166,15,1
VA|762|Prunus serotina,VA,762,Prunus serotina,early,75_-151,8,1
VA|762|Prunus serotina,VA,762,Prunus serotina,early,75_-152,4,0
VA|762|Prunus serotina,VA,762,Prunus serotina,early,75_-153,1,0
VA|762|Prunus serotina,VA,762,Prunus serotina,early,75_-154,4,0
VA|762|Prunus serotina,VA,762,Prunus serotina,early,75_-155,194,2
VA|762|Prunus serotina,VA,762,Prunus serotina,early,75_-156,119,0
VA|762|Prunus serotina,VA,762,Prunus serotina,early,75_-157,10,0
VA|762|Prunus serotina,VA,762,Prunus serotina,early,75_-158,16,2
VA|762|Prunus serotina,VA,762,Prunus serotina,early,75_-159,16,1
VA|762|Prunus serotina,VA,762,Prunus serotina,early,75_-160,20,0
VA|762|Prunus serotina,VA,762,Prunus serotina,early,76_-154,30,3
VA|762|Prunus serotina,VA,762,Prunus serotina,early,76_-155,17,0
VA|762|Prunus serotina,VA,762,Prunus serotina,early,76_-156,86,1
VA|762|Prunus serotina,VA,762,Prunus serotina,early,76_-157,44,1
VA|762|Prunus serotina,VA,762,Prunus serotina,early,76_-158,91,0
VA|762|Prunus serotina,VA,762,Prunus serotina,early,76_-159,6,0
VA|762|Prunus serotina,VA,762,Prunus serotina,early,76_-160,9,0
VA|762|Prunus serotina,VA,762,Prunus serotina,early,77_-155,1101,58
VA|762|Prunus serotina,VA,762,Prunus serotina,early,77_-156,140,5
VA|762|Prunus serotina,VA,762,Prunus serotina,early,77_-157,243,7
VA|762|Prunus serotina,VA,762,Prunus serotina,early,77_-158,20,0
VA|762|Prunus serotina,VA,762,Prunus serotina,early,78_-155,38,0
VA|762|Prunus serotina,VA,762,Prunus serotina,early,78_-156,69,1
VA|762|Prunus serotina,VA,762,Prunus serotina,early,78_-157,48,0
VA|762|Prunus serotina,VA,762,Prunus serotina,early,78_-158,3,0
VA|762|Prunus serotina,VA,762,Prunus serotina,late,73_-152,62,9
VA|762|Prunus serotina,VA,762,Prunus serotina,late,73_-153,710,50
VA|762|Prunus serotina,VA,762,Prunus serotina,late,73_-154,113,0
VA|762|Prunus serotina,VA,762,Prunus serotina,late,73_-155,45,0
VA|762|Prunus serotina,VA,762,Prunus serotina,late,73_-156,47,2
VA|762|Prunus serotina,VA,762,Prunus serotina,late,73_-157,62,1
VA|762|Prunus serotina,VA,762,Prunus serotina,late,73_-158,124,0
VA|762|Prunus serotina,VA,762,Prunus serotina,late,73_-159,78,2
VA|762|Prunus serotina,VA,762,Prunus serotina,late,73_-160,168,5
VA|762|Prunus serotina,VA,762,Prunus serotina,late,73_-161,247,1
VA|762|Prunus serotina,VA,762,Prunus serotina,late,73_-162,125,2
VA|762|Prunus serotina,VA,762,Prunus serotina,late,73_-163,136,3
VA|762|Prunus serotina,VA,762,Prunus serotina,late,73_-164,433,6
VA|762|Prunus serotina,VA,762,Prunus serotina,late,73_-165,151,4
VA|762|Prunus serotina,VA,762,Prunus serotina,late,73_-166,134,1
VA|762|Prunus serotina,VA,762,Prunus serotina,late,73_-167,33,0
VA|762|Prunus serotina,VA,762,Prunus serotina,late,73_-168,49,1
VA|762|Prunus serotina,VA,762,Prunus serotina,late,74_-152,142,21
VA|762|Prunus serotina,VA,762,Prunus serotina,late,74_-153,328,12
VA|762|Prunus serotina,VA,762,Prunus serotina,late,74_-154,846,20
VA|762|Prunus serotina,VA,762,Prunus serotina,late,74_-155,437,13
VA|762|Prunus serotina,VA,762,Prunus serotina,late,74_-156,487,8
VA|762|Prunus serotina,VA,762,Prunus serotina,late,74_-157,414,6
VA|762|Prunus serotina,VA,762,Prunus serotina,late,74_-158,104,2
VA|762|Prunus serotina,VA,762,Prunus serotina,late,74_-159,266,4
VA|762|Prunus serotina,VA,762,Prunus serotina,late,74_-160,594,11
VA|762|Prunus serotina,VA,762,Prunus serotina,late,74_-161,1316,24
VA|762|Prunus serotina,VA,762,Prunus serotina,late,74_-162,458,5
VA|762|Prunus serotina,VA,762,Prunus serotina,late,74_-163,69,0
VA|762|Prunus serotina,VA,762,Prunus serotina,late,74_-164,14,0
VA|762|Prunus serotina,VA,762,Prunus serotina,late,74_-165,59,0
VA|762|Prunus serotina,VA,762,Prunus serotina,late,74_-166,6,0
VA|762|Prunus serotina,VA,762,Prunus serotina,late,75_-151,138,12
VA|762|Prunus serotina,VA,762,Prunus serotina,late,75_-152,70,7
VA|762|Prunus serotina,VA,762,Prunus serotina,late,75_-153,142,7
VA|762|Prunus serotina,VA,762,Prunus serotina,late,75_-154,461,16
VA|762|Prunus serotina,VA,762,Prunus serotina,late,75_-155,1030,20
VA|762|Prunus serotina,VA,762,Prunus serotina,late,75_-156,1368,27
VA|762|Prunus serotina,VA,762,Prunus serotina,late,75_-157,247,4
VA|762|Prunus serotina,VA,762,Prunus serotina,late,75_-158,512,12
VA|762|Prunus serotina,VA,762,Prunus serotina,late,75_-159,506,7
VA|762|Prunus serotina,VA,762,Prunus serotina,late,75_-160,302,2
VA|762|Prunus serotina,VA,762,Prunus serotina,late,75_-161,28,0
VA|762|Prunus serotina,VA,762,Prunus serotina,late,76_-151,1,0
VA|762|Prunus serotina,VA,762,Prunus serotina,late,76_-152,1,1
VA|762|Prunus serotina,VA,762,Prunus serotina,late,76_-154,116,4
VA|762|Prunus serotina,VA,762,Prunus serotina,late,76_-155,885,15
VA|762|Prunus serotina,VA,762,Prunus serotina,late,76_-156,742,15
VA|762|Prunus serotina,VA,762,Prunus serotina,late,76_-157,1178,31
VA|762|Prunus serotina,VA,762,Prunus serotina,late,76_-158,1314,28
VA|762|Prunus serotina,VA,762,Prunus serotina,late,76_-159,221,5
VA|762|Prunus serotina,VA,762,Prunus serotina,late,76_-160,343,12
VA|762|Prunus serotina,VA,762,Prunus serotina,late,77_-155,11212,694
VA|762|Prunus serotina,VA,762,Prunus serotina,late,77_-156,1705,64
VA|762|Prunus serotina,VA,762,Prunus serotina,late,77_-157,1940,24
VA|762|Prunus serotina,VA,762,Prunus serotina,late,77_-158,221,5
VA|762|Prunus serotina,VA,762,Prunus serotina,late,77_-159,33,0
VA|762|Prunus serotina,VA,762,Prunus serotina,late,77_-160,118,11
VA|762|Prunus serotina,VA,762,Prunus serotina,late,78_-155,878,31
VA|762|Prunus serotina,VA,762,Prunus serotina,late,78_-156,1456,35
VA|762|Prunus serotina,VA,762,Prunus serotina,late,78_-157,398,3
VA|762|Prunus serotina,VA,762,Prunus serotina,late,78_-158,12,0
VA|802|Quercus alba,VA,802,Quercus alba,early,73_-152,6,0
VA|802|Quercus alba,VA,802,Quercus alba,early,73_-153,12,1
VA|802|Quercus alba,VA,802,Quercus alba,early,73_-154,11,0
VA|802|Quercus alba,VA,802,Quercus alba,early,73_-156,2,0
VA|802|Quercus alba,VA,802,Quercus alba,early,73_-157,4,0
VA|802|Quercus alba,VA,802,Quercus alba,early,73_-158,12,2
VA|802|Quercus alba,VA,802,Quercus alba,early,73_-159,7,1
VA|802|Quercus alba,VA,802,Quercus alba,early,73_-160,1,1
VA|802|Quercus alba,VA,802,Quercus alba,early,73_-161,18,1
VA|802|Quercus alba,VA,802,Quercus alba,early,73_-162,6,0
VA|802|Quercus alba,VA,802,Quercus alba,early,73_-163,5,1
VA|802|Quercus alba,VA,802,Quercus alba,early,73_-164,12,0
VA|802|Quercus alba,VA,802,Quercus alba,early,73_-165,17,0
VA|802|Quercus alba,VA,802,Quercus alba,early,73_-166,53,2
VA|802|Quercus alba,VA,802,Quercus alba,early,73_-167,1,0
VA|802|Quercus alba,VA,802,Quercus alba,early,73_-168,2,0
VA|802|Quercus alba,VA,802,Quercus alba,early,74_-152,9,0
VA|802|Quercus alba,VA,802,Quercus alba,early,74_-153,16,1
VA|802|Quercus alba,VA,802,Quercus alba,early,74_-154,66,3
VA|802|Quercus alba,VA,802,Quercus alba,early,74_-155,22,2
VA|802|Quercus alba,VA,802,Quercus alba,early,74_-156,29,4
VA|802|Quercus alba,VA,802,Quercus alba,early,74_-157,66,3
VA|802|Quercus alba,VA,802,Quercus alba,early,74_-158,10,0
VA|802|Quercus alba,VA,802,Quercus alba,early,74_-159,10,0
VA|802|Quercus alba,VA,802,Quercus alba,early,74_-160,15,0
VA|802|Quercus alba,VA,802,Quercus alba,early,74_-161,55,5
VA|802|Quercus alba,VA,802,Quercus alba,early,74_-162,30,1
VA|802|Quercus alba,VA,802,Quercus alba,early,74_-163,2,1
VA|802|Quercus alba,VA,802,Quercus alba,early,74_-165,20,0
VA|802|Quercus alba,VA,802,Quercus alba,early,74_-166,15,0
VA|802|Quercus alba,VA,802,Quercus alba,early,75_-151,8,0
VA|802|Quercus alba,VA,802,Quercus alba,early,75_-152,4,0
VA|802|Quercus alba,VA,802,Quercus alba,early,75_-153,1,0
VA|802|Quercus alba,VA,802,Quercus alba,early,75_-154,4,0
VA|802|Quercus alba,VA,802,Quercus alba,early,75_-155,194,14
VA|802|Quercus alba,VA,802,Quercus alba,early,75_-156,119,12
VA|802|Quercus alba,VA,802,Quercus alba,early,75_-157,10,1
VA|802|Quercus alba,VA,802,Quercus alba,early,75_-158,16,0
VA|802|Quercus alba,VA,802,Quercus alba,early,75_-159,16,1
VA|802|Quercus alba,VA,802,Quercus alba,early,75_-160,20,1
VA|802|Quercus alba,VA,802,Quercus alba,early,76_-154,30,2
VA|802|Quercus alba,VA,802,Quercus alba,early,76_-155,17,1
VA|802|Quercus alba,VA,802,Quercus alba,early,76_-156,86,7
VA|802|Quercus alba,VA,802,Quercus alba,early,76_-157,44,2
VA|802|Quercus alba,VA,802,Quercus alba,early,76_-158,91,1
VA|802|Quercus alba,VA,802,Quercus alba,early,76_-159,6,1
VA|802|Quercus alba,VA,802,Quercus alba,early,76_-160,9,0
VA|802|Quercus alba,VA,802,Quercus alba,early,77_-155,1101,61
VA|802|Quercus alba,VA,802,Quercus alba,early,77_-156,140,7
VA|802|Quercus alba,VA,802,Quercus alba,early,77_-157,243,3
VA|802|Quercus alba,VA,802,Quercus alba,early,77_-158,20,1
VA|802|Quercus alba,VA,802,Quercus alba,early,78_-155,38,0
VA|802|Quercus alba,VA,802,Quercus alba,early,78_-156,69,1
VA|802|Quercus alba,VA,802,Quercus alba,early,78_-157,48,0
VA|802|Quercus alba,VA,802,Quercus alba,early,78_-158,3,0
VA|802|Quercus alba,VA,802,Quercus alba,late,73_-152,62,8
VA|802|Quercus alba,VA,802,Quercus alba,late,73_-153,710,25
VA|802|Quercus alba,VA,802,Quercus alba,late,73_-154,113,5
VA|802|Quercus alba,VA,802,Quercus alba,late,73_-155,45,5
VA|802|Quercus alba,VA,802,Quercus alba,late,73_-156,47,6
VA|802|Quercus alba,VA,802,Quercus alba,late,73_-157,62,4
VA|802|Quercus alba,VA,802,Quercus alba,late,73_-158,124,13
VA|802|Quercus alba,VA,802,Quercus alba,late,73_-159,78,3
VA|802|Quercus alba,VA,802,Quercus alba,late,73_-160,168,9
VA|802|Quercus alba,VA,802,Quercus alba,late,73_-161,247,16
VA|802|Quercus alba,VA,802,Quercus alba,late,73_-162,125,7
VA|802|Quercus alba,VA,802,Quercus alba,late,73_-163,136,6
VA|802|Quercus alba,VA,802,Quercus alba,late,73_-164,433,12
VA|802|Quercus alba,VA,802,Quercus alba,late,73_-165,151,2
VA|802|Quercus alba,VA,802,Quercus alba,late,73_-166,134,3
VA|802|Quercus alba,VA,802,Quercus alba,late,73_-167,33,2
VA|802|Quercus alba,VA,802,Quercus alba,late,73_-168,49,2
VA|802|Quercus alba,VA,802,Quercus alba,late,74_-152,142,6
VA|802|Quercus alba,VA,802,Quercus alba,late,74_-153,328,13
VA|802|Quercus alba,VA,802,Quercus alba,late,74_-154,846,71
VA|802|Quercus alba,VA,802,Quercus alba,late,74_-155,437,30
VA|802|Quercus alba,VA,802,Quercus alba,late,74_-156,487,45
VA|802|Quercus alba,VA,802,Quercus alba,late,74_-157,414,33
VA|802|Quercus alba,VA,802,Quercus alba,late,74_-158,104,3
VA|802|Quercus alba,VA,802,Quercus alba,late,74_-159,266,16
VA|802|Quercus alba,VA,802,Quercus alba,late,74_-160,594,21
VA|802|Quercus alba,VA,802,Quercus alba,late,74_-161,1316,39
VA|802|Quercus alba,VA,802,Quercus alba,late,74_-162,458,18
VA|802|Quercus alba,VA,802,Quercus alba,late,74_-163,69,2
VA|802|Quercus alba,VA,802,Quercus alba,late,74_-164,14,1
VA|802|Quercus alba,VA,802,Quercus alba,late,74_-165,59,1
VA|802|Quercus alba,VA,802,Quercus alba,late,74_-166,6,1
VA|802|Quercus alba,VA,802,Quercus alba,late,75_-151,138,0
VA|802|Quercus alba,VA,802,Quercus alba,late,75_-152,70,6
VA|802|Quercus alba,VA,802,Quercus alba,late,75_-153,142,13
VA|802|Quercus alba,VA,802,Quercus alba,late,75_-154,461,37
VA|802|Quercus alba,VA,802,Quercus alba,late,75_-155,1030,46
VA|802|Quercus alba,VA,802,Quercus alba,late,75_-156,1368,119
VA|802|Quercus alba,VA,802,Quercus alba,late,75_-157,247,23
VA|802|Quercus alba,VA,802,Quercus alba,late,75_-158,512,16
VA|802|Quercus alba,VA,802,Quercus alba,late,75_-159,506,14
VA|802|Quercus alba,VA,802,Quercus alba,late,75_-160,302,6
VA|802|Quercus alba,VA,802,Quercus alba,late,75_-161,28,1
VA|802|Quercus alba,VA,802,Quercus alba,late,76_-151,1,0
VA|802|Quercus alba,VA,802,Quercus alba,late,76_-152,1,0
VA|802|Quercus alba,VA,802,Quercus alba,late,76_-154,116,9
VA|802|Quercus alba,VA,802,Quercus alba,late,76_-155,885,39
VA|802|Quercus alba,VA,802,Quercus alba,late,76_-156,742,52
VA|802|Quercus alba,VA,802,Quercus alba,late,76_-157,1178,67
VA|802|Quercus alba,VA,802,Quercus alba,late,76_-158,1314,38
VA|802|Quercus alba,VA,802,Quercus alba,late,76_-159,221,9
VA|802|Quercus alba,VA,802,Quercus alba,late,76_-160,343,23
VA|802|Quercus alba,VA,802,Quercus alba,late,77_-155,11212,597
VA|802|Quercus alba,VA,802,Quercus alba,late,77_-156,1705,107
VA|802|Quercus alba,VA,802,Quercus alba,late,77_-157,1940,56
VA|802|Quercus alba,VA,802,Quercus alba,late,77_-158,221,13
VA|802|Quercus alba,VA,802,Quercus alba,late,77_-159,33,0
VA|802|Quercus alba,VA,802,Quercus alba,late,77_-160,118,8
VA|802|Quercus alba,VA,802,Quercus alba,late,78_-155,878,28
VA|802|Quercus alba,VA,802,Quercus alba,late,78_-156,1456,62
VA|802|Quercus alba,VA,802,Quercus alba,late,78_-157,398,14
VA|802|Quercus alba,VA,802,Quercus alba,late,78_-158,12,1
VA|832|Quercus prinus,VA,832,Quercus prinus,early,73_-152,6,0
VA|832|Quercus prinus,VA,832,Quercus prinus,early,73_-153,12,0
VA|832|Quercus prinus,VA,832,Quercus prinus,early,73_-154,11,0
VA|832|Quercus prinus,VA,832,Quercus prinus,early,73_-156,2,0
VA|832|Quercus prinus,VA,832,Quercus prinus,early,73_-157,4,0
VA|832|Quercus prinus,VA,832,Quercus prinus,early,73_-158,12,0
VA|832|Quercus prinus,VA,832,Quercus prinus,early,73_-159,7,1
VA|832|Quercus prinus,VA,832,Quercus prinus,early,73_-160,1,0
VA|832|Quercus prinus,VA,832,Quercus prinus,early,73_-161,18,1
VA|832|Quercus prinus,VA,832,Quercus prinus,early,73_-162,6,0
VA|832|Quercus prinus,VA,832,Quercus prinus,early,73_-163,5,0
VA|832|Quercus prinus,VA,832,Quercus prinus,early,73_-164,12,1
VA|832|Quercus prinus,VA,832,Quercus prinus,early,73_-165,17,0
VA|832|Quercus prinus,VA,832,Quercus prinus,early,73_-166,53,1
VA|832|Quercus prinus,VA,832,Quercus prinus,early,73_-167,1,0
VA|832|Quercus prinus,VA,832,Quercus prinus,early,73_-168,2,0
VA|832|Quercus prinus,VA,832,Quercus prinus,early,74_-152,9,0
VA|832|Quercus prinus,VA,832,Quercus prinus,early,74_-153,16,0
VA|832|Quercus prinus,VA,832,Quercus prinus,early,74_-154,66,0
VA|832|Quercus prinus,VA,832,Quercus prinus,early,74_-155,22,0
VA|832|Quercus prinus,VA,832,Quercus prinus,early,74_-156,29,0
VA|832|Quercus prinus,VA,832,Quercus prinus,early,74_-157,66,1
VA|832|Quercus prinus,VA,832,Quercus prinus,early,74_-158,10,0
VA|832|Quercus prinus,VA,832,Quercus prinus,early,74_-159,10,0
VA|832|Quercus prinus,VA,832,Quercus prinus,early,74_-160,15,2
VA|832|Quercus prinus,VA,832,Quercus prinus,early,74_-161,55,3
VA|832|Quercus prinus,VA,832,Quercus prinus,early,74_-162,30,0
VA|832|Quercus prinus,VA,832,Quercus prinus,early,74_-163,2,0
VA|832|Quercus prinus,VA,832,Quercus prinus,early,74_-165,20,0
VA|832|Quercus prinus,VA,832,Quercus prinus,early,74_-166,15,0
VA|832|Quercus prinus,VA,832,Quercus prinus,early,75_-151,8,0
VA|832|Quercus prinus,VA,832,Quercus prinus,early,75_-152,4,0
VA|832|Quercus prinus,VA,832,Quercus prinus,early,75_-153,1,0
VA|832|Quercus prinus,VA,832,Quercus prinus,early,75_-154,4,0
VA|832|Quercus prinus,VA,832,Quercus prinus,early,75_-155,194,3
VA|832|Quercus prinus,VA,832,Quercus prinus,early,75_-156,119,5
VA|832|Quercus prinus,VA,832,Quercus prinus,early,75_-157,10,0
VA|832|Quercus prinus,VA,832,Quercus prinus,early,75_-158,16,1
VA|832|Quercus prinus,VA,832,Quercus prinus,early,75_-159,16,0
VA|832|Quercus prinus,VA,832,Quercus prinus,early,75_-160,20,1
VA|832|Quercus prinus,VA,832,Quercus prinus,early,76_-154,30,1
VA|832|Quercus prinus,VA,832,Quercus prinus,early,76_-155,17,3
VA|832|Quercus prinus,VA,832,Quercus prinus,early,76_-156,86,4
VA|832|Quercus prinus,VA,832,Quercus prinus,early,76_-157,44,0
VA|832|Quercus prinus,VA,832,Quercus prinus,early,76_-158,91,5
VA|832|Quercus prinus,VA,832,Quercus prinus,early,76_-159,6,1
VA|832|Quercus prinus,VA,832,Quercus prinus,early,76_-160,9,1
VA|832|Quercus prinus,VA,832,Quercus prinus,early,77_-155,1101,35
VA|832|Quercus prinus,VA,832,Quercus prinus,early,77_-156,140,2
VA|832|Quercus prinus,VA,832,Quercus prinus,early,77_-157,243,6
VA|832|Quercus prinus,VA,832,Quercus prinus,early,77_-158,20,0
VA|832|Quercus prinus,VA,832,Quercus prinus,early,78_-155,38,2
VA|832|Quercus prinus,VA,832,Quercus prinus,early,78_-156,69,1
VA|832|Quercus prinus,VA,832,Quercus prinus,early,78_-157,48,1
VA|832|Quercus prinus,VA,832,Quercus prinus,early,78_-158,3,0
VA|832|Quercus prinus,VA,832,Quercus prinus,late,73_-152,62,0
VA|832|Quercus prinus,VA,832,Quercus prinus,late,73_-153,710,0
VA|832|Quercus prinus,VA,832,Quercus prinus,late,73_-154,113,0
VA|832|Quercus prinus,VA,832,Quercus prinus,late,73_-155,45,0
VA|832|Quercus prinus,VA,832,Quercus prinus,late,73_-156,47,1
VA|832|Quercus prinus,VA,832,Quercus prinus,late,73_-157,62,1
VA|832|Quercus prinus,VA,832,Quercus prinus,late,73_-158,124,0
VA|832|Quercus prinus,VA,832,Quercus prinus,late,73_-159,78,0
VA|832|Quercus prinus,VA,832,Quercus prinus,late,73_-160,168,4
VA|832|Quercus prinus,VA,832,Quercus prinus,late,73_-161,247,5
VA|832|Quercus prinus,VA,832,Quercus prinus,late,73_-162,125,2
VA|832|Quercus prinus,VA,832,Quercus prinus,late,73_-163,136,5
VA|832|Quercus prinus,VA,832,Quercus prinus,late,73_-164,433,4
VA|832|Quercus prinus,VA,832,Quercus prinus,late,73_-165,151,0
VA|832|Quercus prinus,VA,832,Quercus prinus,late,73_-166,134,1
VA|832|Quercus prinus,VA,832,Quercus prinus,late,73_-167,33,0
VA|832|Quercus prinus,VA,832,Quercus prinus,late,73_-168,49,4
VA|832|Quercus prinus,VA,832,Quercus prinus,late,74_-152,142,0
VA|832|Quercus prinus,VA,832,Quercus prinus,late,74_-153,328,1
VA|832|Quercus prinus,VA,832,Quercus prinus,late,74_-154,846,9
VA|832|Quercus prinus,VA,832,Quercus prinus,late,74_-155,437,4
VA|832|Quercus prinus,VA,832,Quercus prinus,late,74_-156,487,4
VA|832|Quercus prinus,VA,832,Quercus prinus,late,74_-157,414,2
VA|832|Quercus prinus,VA,832,Quercus prinus,late,74_-158,104,3
VA|832|Quercus prinus,VA,832,Quercus prinus,late,74_-159,266,9
VA|832|Quercus prinus,VA,832,Quercus prinus,late,74_-160,594,18
VA|832|Quercus prinus,VA,832,Quercus prinus,late,74_-161,1316,24
VA|832|Quercus prinus,VA,832,Quercus prinus,late,74_-162,458,8
VA|832|Quercus prinus,VA,832,Quercus prinus,late,74_-163,69,3
VA|832|Quercus prinus,VA,832,Quercus prinus,late,74_-164,14,0
VA|832|Quercus prinus,VA,832,Quercus prinus,late,74_-165,59,2
VA|832|Quercus prinus,VA,832,Quercus prinus,late,74_-166,6,0
VA|832|Quercus prinus,VA,832,Quercus prinus,late,75_-151,138,0
VA|832|Quercus prinus,VA,832,Quercus prinus,late,75_-152,70,0
VA|832|Quercus prinus,VA,832,Quercus prinus,late,75_-153,142,9
VA|832|Quercus prinus,VA,832,Quercus prinus,late,75_-154,461,8
VA|832|Quercus prinus,VA,832,Quercus prinus,late,75_-155,1030,13
VA|832|Quercus prinus,VA,832,Quercus prinus,late,75_-156,1368,30
VA|832|Quercus prinus,VA,832,Quercus prinus,late,75_-157,247,2
VA|832|Quercus prinus,VA,832,Quercus prinus,late,75_-158,512,16
VA|832|Quercus prinus,VA,832,Quercus prinus,late,75_-159,506,25
VA|832|Quercus prinus,VA,832,Quercus prinus,late,75_-160,302,11
VA|832|Quercus prinus,VA,832,Quercus prinus,late,75_-161,28,2
VA|832|Quercus prinus,VA,832,Quercus prinus,late,76_-151,1,0
VA|832|Quercus prinus,VA,832,Quercus prinus,late,76_-152,1,0
VA|832|Quercus prinus,VA,832,Quercus prinus,late,76_-154,116,8
VA|832|Quercus prinus,VA,832,Quercus prinus,late,76_-155,885,23
VA|832|Quercus prinus,VA,832,Quercus prinus,late,76_-156,742,14
VA|832|Quercus prinus,VA,832,Quercus prinus,late,76_-157,1178,15
VA|832|Quercus prinus,VA,832,Quercus prinus,late,76_-158,1314,40
VA|832|Quercus prinus,VA,832,Quercus prinus,late,76_-159,221,6
VA|832|Quercus prinus,VA,832,Quercus prinus,late,76_-160,343,10
VA|832|Quercus prinus,VA,832,Quercus prinus,late,77_-155,11212,216
VA|832|Quercus prinus,VA,832,Quercus prinus,late,77_-156,1705,30
VA|832|Quercus prinus,VA,832,Quercus prinus,late,77_-157,1940,52
VA|832|Quercus prinus,VA,832,Quercus prinus,late,77_-158,221,11
VA|832|Quercus prinus,VA,832,Quercus prinus,late,77_-159,33,1
VA|832|Quercus prinus,VA,832,Quercus prinus,late,77_-160,118,0
VA|832|Quercus prinus,VA,832,Quercus prinus,late,78_-155,878,3
VA|832|Quercus prinus,VA,832,Quercus prinus,late,78_-156,1456,29
VA|832|Quercus prinus,VA,832,Quercus prinus,late,78_-157,398,12
VA|832|Quercus prinus,VA,832,Quercus prinus,late,78_-158,12,1
VA|833|Quercus rubra,VA,833,Quercus rubra,early,73_-152,6,0
VA|833|Quercus rubra,VA,833,Quercus rubra,early,73_-153,12,0
VA|833|Quercus rubra,VA,833,Quercus rubra,early,73_-154,11,0
VA|833|Quercus rubra,VA,833,Quercus rubra,early,73_-156,2,0
VA|833|Quercus rubra,VA,833,Quercus rubra,early,73_-157,4,0
VA|833|Quercus rubra,VA,833,Quercus rubra,early,73_-158,12,1
VA|833|Quercus rubra,VA,833,Quercus rubra,early,73_-159,7,1
VA|833|Quercus rubra,VA,833,Quercus rubra,early,73_-160,1,0
VA|833|Quercus rubra,VA,833,Quercus rubra,early,73_-161,18,0
VA|833|Quercus rubra,VA,833,Quercus rubra,early,73_-162,6,0
VA|833|Quercus rubra,VA,833,Quercus rubra,early,73_-163,5,0
VA|833|Quercus rubra,VA,833,Quercus rubra,early,73_-164,12,0
VA|833|Quercus rubra,VA,833,Quercus rubra,early,73_-165,17,0
VA|833|Quercus rubra,VA,833,Quercus rubra,early,73_-166,53,3
VA|833|Quercus rubra,VA,833,Quercus rubra,early,73_-167,1,0
VA|833|Quercus rubra,VA,833,Quercus rubra,early,73_-168,2,0
VA|833|Quercus rubra,VA,833,Quercus rubra,early,74_-152,9,0
VA|833|Quercus rubra,VA,833,Quercus rubra,early,74_-153,16,1
VA|833|Quercus rubra,VA,833,Quercus rubra,early,74_-154,66,0
VA|833|Quercus rubra,VA,833,Quercus rubra,early,74_-155,22,0
VA|833|Quercus rubra,VA,833,Quercus rubra,early,74_-156,29,1
VA|833|Quercus rubra,VA,833,Quercus rubra,early,74_-157,66,0
VA|833|Quercus rubra,VA,833,Quercus rubra,early,74_-158,10,0
VA|833|Quercus rubra,VA,833,Quercus rubra,early,74_-159,10,0
VA|833|Quercus rubra,VA,833,Quercus rubra,early,74_-160,15,0
VA|833|Quercus rubra,VA,833,Quercus rubra,early,74_-161,55,1
VA|833|Quercus rubra,VA,833,Quercus rubra,early,74_-162,30,1
VA|833|Quercus rubra,VA,833,Quercus rubra,early,74_-163,2,0
VA|833|Quercus rubra,VA,833,Quercus rubra,early,74_-165,20,0
VA|833|Quercus rubra,VA,833,Quercus rubra,early,74_-166,15,0
VA|833|Quercus rubra,VA,833,Quercus rubra,early,75_-151,8,0
VA|833|Quercus rubra,VA,833,Quercus rubra,early,75_-152,4,0
VA|833|Quercus rubra,VA,833,Quercus rubra,early,75_-153,1,0
VA|833|Quercus rubra,VA,833,Quercus rubra,early,75_-154,4,0
VA|833|Quercus rubra,VA,833,Quercus rubra,early,75_-155,194,4
VA|833|Quercus rubra,VA,833,Quercus rubra,early,75_-156,119,2
VA|833|Quercus rubra,VA,833,Quercus rubra,early,75_-157,10,0
VA|833|Quercus rubra,VA,833,Quercus rubra,early,75_-158,16,0
VA|833|Quercus rubra,VA,833,Quercus rubra,early,75_-159,16,1
VA|833|Quercus rubra,VA,833,Quercus rubra,early,75_-160,20,0
VA|833|Quercus rubra,VA,833,Quercus rubra,early,76_-154,30,0
VA|833|Quercus rubra,VA,833,Quercus rubra,early,76_-155,17,0
VA|833|Quercus rubra,VA,833,Quercus rubra,early,76_-156,86,0
VA|833|Quercus rubra,VA,833,Quercus rubra,early,76_-157,44,0
VA|833|Quercus rubra,VA,833,Quercus rubra,early,76_-158,91,1
VA|833|Quercus rubra,VA,833,Quercus rubra,early,76_-159,6,0
VA|833|Quercus rubra,VA,833,Quercus rubra,early,76_-160,9,1
VA|833|Quercus rubra,VA,833,Quercus rubra,early,77_-155,1101,23
VA|833|Quercus rubra,VA,833,Quercus rubra,early,77_-156,140,2
VA|833|Quercus rubra,VA,833,Quercus rubra,early,77_-157,243,11
VA|833|Quercus rubra,VA,833,Quercus rubra,early,77_-158,20,1
VA|833|Quercus rubra,VA,833,Quercus rubra,early,78_-155,38,1
VA|833|Quercus rubra,VA,833,Quercus rubra,early,78_-156,69,1
VA|833|Quercus rubra,VA,833,Quercus rubra,early,78_-157,48,0
VA|833|Quercus rubra,VA,833,Quercus rubra,early,78_-158,3,1
VA|833|Quercus rubra,VA,833,Quercus rubra,late,73_-152,62,0
VA|833|Quercus rubra,VA,833,Quercus rubra,late,73_-153,710,1
VA|833|Quercus rubra,VA,833,Quercus rubra,late,73_-154,113,1
VA|833|Quercus rubra,VA,833,Quercus rubra,late,73_-155,45,0
VA|833|Quercus rubra,VA,833,Quercus rubra,late,73_-156,47,0
VA|833|Quercus rubra,VA,833,Quercus rubra,late,73_-157,62,2
VA|833|Quercus rubra,VA,833,Quercus rubra,late,73_-158,124,1
VA|833|Quercus rubra,VA,833,Quercus rubra,late,73_-159,78,0
VA|833|Quercus rubra,VA,833,Quercus rubra,late,73_-160,168,2
VA|833|Quercus rubra,VA,833,Quercus rubra,late,73_-161,247,3
VA|833|Quercus rubra,VA,833,Quercus rubra,late,73_-162,125,2
VA|833|Quercus rubra,VA,833,Quercus rubra,late,73_-163,136,5
VA|833|Quercus rubra,VA,833,Quercus rubra,late,73_-164,433,7
VA|833|Quercus rubra,VA,833,Quercus rubra,late,73_-165,151,0
VA|833|Quercus rubra,VA,833,Quercus rubra,late,73_-166,134,1
VA|833|Quercus rubra,VA,833,Quercus rubra,late,73_-167,33,1
VA|833|Quercus rubra,VA,833,Quercus rubra,late,73_-168,49,0
VA|833|Quercus rubra,VA,833,Quercus rubra,late,74_-152,142,0
VA|833|Quercus rubra,VA,833,Quercus rubra,late,74_-153,328,4
VA|833|Quercus rubra,VA,833,Quercus rubra,late,74_-154,846,10
VA|833|Quercus rubra,VA,833,Quercus rubra,late,74_-155,437,5
VA|833|Quercus rubra,VA,833,Quercus rubra,late,74_-156,487,8
VA|833|Quercus rubra,VA,833,Quercus rubra,late,74_-157,414,3
VA|833|Quercus rubra,VA,833,Quercus rubra,late,74_-158,104,1
VA|833|Quercus rubra,VA,833,Quercus rubra,late,74_-159,266,4
VA|833|Quercus rubra,VA,833,Quercus rubra,late,74_-160,594,8
VA|833|Quercus rubra,VA,833,Quercus rubra,late,74_-161,1316,14
VA|833|Quercus rubra,VA,833,Quercus rubra,late,74_-162,458,14
VA|833|Quercus rubra,VA,833,Quercus rubra,late,74_-163,69,2
VA|833|Quercus rubra,VA,833,Quercus rubra,late,74_-164,14,0
VA|833|Quercus rubra,VA,833,Quercus rubra,late,74_-165,59,1
VA|833|Quercus rubra,VA,833,Quercus rubra,late,74_-166,6,0
VA|833|Quercus rubra,VA,833,Quercus rubra,late,75_-151,138,0
VA|833|Quercus rubra,VA,833,Quercus rubra,late,75_-152,70,0
VA|833|Quercus rubra,VA,833,Quercus rubra,late,75_-153,142,3
VA|833|Quercus rubra,VA,833,Quercus rubra,late,75_-154,461,19
VA|833|Quercus rubra,VA,833,Quercus rubra,late,75_-155,1030,14
VA|833|Quercus rubra,VA,833,Quercus rubra,late,75_-156,1368,27
VA|833|Quercus rubra,VA,833,Quercus rubra,late,75_-157,247,2
VA|833|Quercus rubra,VA,833,Quercus rubra,late,75_-158,512,7
VA|833|Quercus rubra,VA,833,Quercus rubra,late,75_-159,506,11
VA|833|Quercus rubra,VA,833,Quercus rubra,late,75_-160,302,3
VA|833|Quercus rubra,VA,833,Quercus rubra,late,75_-161,28,1
VA|833|Quercus rubra,VA,833,Quercus rubra,late,76_-151,1,0
VA|833|Quercus rubra,VA,833,Quercus rubra,late,76_-152,1,0
VA|833|Quercus rubra,VA,833,Quercus rubra,late,76_-154,116,3
VA|833|Quercus rubra,VA,833,Quercus rubra,late,76_-155,885,13
VA|833|Quercus rubra,VA,833,Quercus rubra,late,76_-156,742,10
VA|833|Quercus rubra,VA,833,Quercus rubra,late,76_-157,1178,7
VA|833|Quercus rubra,VA,833,Quercus rubra,late,76_-158,1314,33
VA|833|Quercus rubra,VA,833,Quercus rubra,late,76_-159,221,7
VA|833|Quercus rubra,VA,833,Quercus rubra,late,76_-160,343,21
VA|833|Quercus rubra,VA,833,Quercus rubra,late,77_-155,11212,224
VA|833|Quercus rubra,VA,833,Quercus rubra,late,77_-156,1705,24
VA|833|Quercus rubra,VA,833,Quercus rubra,late,77_-157,1940,43
VA|833|Quercus rubra,VA,833,Quercus rubra,late,77_-158,221,1
VA|833|Quercus rubra,VA,833,Quercus rubra,late,77_-159,33,1
VA|833|Quercus rubra,VA,833,Quercus rubra,late,77_-160,118,2
VA|833|Quercus rubra,VA,833,Quercus rubra,late,78_-155,878,9
VA|833|Quercus rubra,VA,833,Quercus rubra,late,78_-156,1456,13
VA|833|Quercus rubra,VA,833,Quercus rubra,late,78_-157,398,7
VA|833|Quercus rubra,VA,833,Quercus rubra,late,78_-158,12,1
VA|901|Robinia pseudoacacia,VA,901,Robinia pseudoacacia,early,73_-152,6,0
VA|901|Robinia pseudoacacia,VA,901,Robinia pseudoacacia,early,73_-153,12,0
VA|901|Robinia pseudoacacia,VA,901,Robinia pseudoacacia,early,73_-154,11,0
VA|901|Robinia pseudoacacia,VA,901,Robinia pseudoacacia,early,73_-156,2,0
VA|901|Robinia pseudoacacia,VA,901,Robinia pseudoacacia,early,73_-157,4,0
VA|901|Robinia pseudoacacia,VA,901,Robinia pseudoacacia,early,73_-158,12,0
VA|901|Robinia pseudoacacia,VA,901,Robinia pseudoacacia,early,73_-159,7,0
VA|901|Robinia pseudoacacia,VA,901,Robinia pseudoacacia,early,73_-160,1,0
VA|901|Robinia pseudoacacia,VA,901,Robinia pseudoacacia,early,73_-161,18,2
VA|901|Robinia pseudoacacia,VA,901,Robinia pseudoacacia,early,73_-162,6,0
VA|901|Robinia pseudoacacia,VA,901,Robinia pseudoacacia,early,73_-163,5,0
VA|901|Robinia pseudoacacia,VA,901,Robinia pseudoacacia,early,73_-164,12,1
VA|901|Robinia pseudoacacia,VA,901,Robinia pseudoacacia,early,73_-165,17,2
VA|901|Robinia pseudoacacia,VA,901,Robinia pseudoacacia,early,73_-166,53,0
VA|901|Robinia pseudoacacia,VA,901,Robinia pseudoacacia,early,73_-167,1,0
VA|901|Robinia pseudoacacia,VA,901,Robinia pseudoacacia,early,73_-168,2,0
VA|901|Robinia pseudoacacia,VA,901,Robinia pseudoacacia,early,74_-152,9,0
VA|901|Robinia pseudoacacia,VA,901,Robinia pseudoacacia,early,74_-153,16,0
VA|901|Robinia pseudoacacia,VA,901,Robinia pseudoacacia,early,74_-154,66,3
VA|901|Robinia pseudoacacia,VA,901,Robinia pseudoacacia,early,74_-155,22,1
VA|901|Robinia pseudoacacia,VA,901,Robinia pseudoacacia,early,74_-156,29,0
VA|901|Robinia pseudoacacia,VA,901,Robinia pseudoacacia,early,74_-157,66,1
VA|901|Robinia pseudoacacia,VA,901,Robinia pseudoacacia,early,74_-158,10,0
VA|901|Robinia pseudoacacia,VA,901,Robinia pseudoacacia,early,74_-159,10,0
VA|901|Robinia pseudoacacia,VA,901,Robinia pseudoacacia,early,74_-160,15,1
VA|901|Robinia pseudoacacia,VA,901,Robinia pseudoacacia,early,74_-161,55,1
VA|901|Robinia pseudoacacia,VA,901,Robinia pseudoacacia,early,74_-162,30,2
VA|901|Robinia pseudoacacia,VA,901,Robinia pseudoacacia,early,74_-163,2,0
VA|901|Robinia pseudoacacia,VA,901,Robinia pseudoacacia,early,74_-165,20,1
VA|901|Robinia pseudoacacia,VA,901,Robinia pseudoacacia,early,74_-166,15,1
VA|901|Robinia pseudoacacia,VA,901,Robinia pseudoacacia,early,75_-151,8,0
VA|901|Robinia pseudoacacia,VA,901,Robinia pseudoacacia,early,75_-152,4,0
VA|901|Robinia pseudoacacia,VA,901,Robinia pseudoacacia,early,75_-153,1,0
VA|901|Robinia pseudoacacia,VA,901,Robinia pseudoacacia,early,75_-154,4,0
VA|901|Robinia pseudoacacia,VA,901,Robinia pseudoacacia,early,75_-155,194,5
VA|901|Robinia pseudoacacia,VA,901,Robinia pseudoacacia,early,75_-156,119,4
VA|901|Robinia pseudoacacia,VA,901,Robinia pseudoacacia,early,75_-157,10,0
VA|901|Robinia pseudoacacia,VA,901,Robinia pseudoacacia,early,75_-158,16,0
VA|901|Robinia pseudoacacia,VA,901,Robinia pseudoacacia,early,75_-159,16,0
VA|901|Robinia pseudoacacia,VA,901,Robinia pseudoacacia,early,75_-160,20,1
VA|901|Robinia pseudoacacia,VA,901,Robinia pseudoacacia,early,76_-154,30,1
VA|901|Robinia pseudoacacia,VA,901,Robinia pseudoacacia,early,76_-155,17,0
VA|901|Robinia pseudoacacia,VA,901,Robinia pseudoacacia,early,76_-156,86,5
VA|901|Robinia pseudoacacia,VA,901,Robinia pseudoacacia,early,76_-157,44,0
VA|901|Robinia pseudoacacia,VA,901,Robinia pseudoacacia,early,76_-158,91,3
VA|901|Robinia pseudoacacia,VA,901,Robinia pseudoacacia,early,76_-159,6,1
VA|901|Robinia pseudoacacia,VA,901,Robinia pseudoacacia,early,76_-160,9,1
VA|901|Robinia pseudoacacia,VA,901,Robinia pseudoacacia,early,77_-155,1101,75
VA|901|Robinia pseudoacacia,VA,901,Robinia pseudoacacia,early,77_-156,140,3
VA|901|Robinia pseudoacacia,VA,901,Robinia pseudoacacia,early,77_-157,243,8
VA|901|Robinia pseudoacacia,VA,901,Robinia pseudoacacia,early,77_-158,20,0
VA|901|Robinia pseudoacacia,VA,901,Robinia pseudoacacia,early,78_-155,38,2
VA|901|Robinia pseudoacacia,VA,901,Robinia pseudoacacia,early,78_-156,69,4
VA|901|Robinia pseudoacacia,VA,901,Robinia pseudoacacia,early,78_-157,48,1
VA|901|Robinia pseudoacacia,VA,901,Robinia pseudoacacia,early,78_-158,3,0
VA|901|Robinia pseudoacacia,VA,901,Robinia pseudoacacia,late,73_-152,62,1
VA|901|Robinia pseudoacacia,VA,901,Robinia pseudoacacia,late,73_-153,710,11
VA|901|Robinia pseudoacacia,VA,901,Robinia pseudoacacia,late,73_-154,113,0
VA|901|Robinia pseudoacacia,VA,901,Robinia pseudoacacia,late,73_-155,45,0
VA|901|Robinia pseudoacacia,VA,901,Robinia pseudoacacia,late,73_-156,47,0
VA|901|Robinia pseudoacacia,VA,901,Robinia pseudoacacia,late,73_-157,62,2
VA|901|Robinia pseudoacacia,VA,901,Robinia pseudoacacia,late,73_-158,124,10
VA|901|Robinia pseudoacacia,VA,901,Robinia pseudoacacia,late,73_-159,78,0
VA|901|Robinia pseudoacacia,VA,901,Robinia pseudoacacia,late,73_-160,168,5
VA|901|Robinia pseudoacacia,VA,901,Robinia pseudoacacia,late,73_-161,247,7
VA|901|Robinia pseudoacacia,VA,901,Robinia pseudoacacia,late,73_-162,125,3
VA|901|Robinia pseudoacacia,VA,901,Robinia pseudoacacia,late,73_-163,136,2
VA|901|Robinia pseudoacacia,VA,901,Robinia pseudoacacia,late,73_-164,433,4
VA|901|Robinia pseudoacacia,VA,901,Robinia pseudoacacia,late,73_-165,151,2
VA|901|Robinia pseudoacacia,VA,901,Robinia pseudoacacia,late,73_-166,134,2
VA|901|Robinia pseudoacacia,VA,901,Robinia pseudoacacia,late,73_-167,33,1
VA|901|Robinia pseudoacacia,VA,901,Robinia pseudoacacia,late,73_-168,49,0
VA|901|Robinia pseudoacacia,VA,901,Robinia pseudoacacia,late,74_-152,142,10
VA|901|Robinia pseudoacacia,VA,901,Robinia pseudoacacia,late,74_-153,328,9
VA|901|Robinia pseudoacacia,VA,901,Robinia pseudoacacia,late,74_-154,846,23
VA|901|Robinia pseudoacacia,VA,901,Robinia pseudoacacia,late,74_-155,437,11
VA|901|Robinia pseudoacacia,VA,901,Robinia pseudoacacia,late,74_-156,487,6
VA|901|Robinia pseudoacacia,VA,901,Robinia pseudoacacia,late,74_-157,414,2
VA|901|Robinia pseudoacacia,VA,901,Robinia pseudoacacia,late,74_-158,104,3
VA|901|Robinia pseudoacacia,VA,901,Robinia pseudoacacia,late,74_-159,266,8
VA|901|Robinia pseudoacacia,VA,901,Robinia pseudoacacia,late,74_-160,594,12
VA|901|Robinia pseudoacacia,VA,901,Robinia pseudoacacia,late,74_-161,1316,43
VA|901|Robinia pseudoacacia,VA,901,Robinia pseudoacacia,late,74_-162,458,13
VA|901|Robinia pseudoacacia,VA,901,Robinia pseudoacacia,late,74_-163,69,1
VA|901|Robinia pseudoacacia,VA,901,Robinia pseudoacacia,late,74_-164,14,0
VA|901|Robinia pseudoacacia,VA,901,Robinia pseudoacacia,late,74_-165,59,2
VA|901|Robinia pseudoacacia,VA,901,Robinia pseudoacacia,late,74_-166,6,0
VA|901|Robinia pseudoacacia,VA,901,Robinia pseudoacacia,late,75_-151,138,1
VA|901|Robinia pseudoacacia,VA,901,Robinia pseudoacacia,late,75_-152,70,1
VA|901|Robinia pseudoacacia,VA,901,Robinia pseudoacacia,late,75_-153,142,4
VA|901|Robinia pseudoacacia,VA,901,Robinia pseudoacacia,late,75_-154,461,6
VA|901|Robinia pseudoacacia,VA,901,Robinia pseudoacacia,late,75_-155,1030,23
VA|901|Robinia pseudoacacia,VA,901,Robinia pseudoacacia,late,75_-156,1368,26
VA|901|Robinia pseudoacacia,VA,901,Robinia pseudoacacia,late,75_-157,247,2
VA|901|Robinia pseudoacacia,VA,901,Robinia pseudoacacia,late,75_-158,512,17
VA|901|Robinia pseudoacacia,VA,901,Robinia pseudoacacia,late,75_-159,506,14
VA|901|Robinia pseudoacacia,VA,901,Robinia pseudoacacia,late,75_-160,302,11
VA|901|Robinia pseudoacacia,VA,901,Robinia pseudoacacia,late,75_-161,28,0
VA|901|Robinia pseudoacacia,VA,901,Robinia pseudoacacia,late,76_-151,1,0
VA|901|Robinia pseudoacacia,VA,901,Robinia pseudoacacia,late,76_-152,1,0
VA|901|Robinia pseudoacacia,VA,901,Robinia pseudoacacia,late,76_-154,116,0
VA|901|Robinia pseudoacacia,VA,901,Robinia pseudoacacia,late,76_-155,885,43
VA|901|Robinia pseudoacacia,VA,901,Robinia pseudoacacia,late,76_-156,742,20
VA|901|Robinia pseudoacacia,VA,901,Robinia pseudoacacia,late,76_-157,1178,30
VA|901|Robinia pseudoacacia,VA,901,Robinia pseudoacacia,late,76_-158,1314,61
VA|901|Robinia pseudoacacia,VA,901,Robinia pseudoacacia,late,76_-159,221,8
VA|901|Robinia pseudoacacia,VA,901,Robinia pseudoacacia,late,76_-160,343,20
VA|901|Robinia pseudoacacia,VA,901,Robinia pseudoacacia,late,77_-155,11212,572
VA|901|Robinia pseudoacacia,VA,901,Robinia pseudoacacia,late,77_-156,1705,68
VA|901|Robinia pseudoacacia,VA,901,Robinia pseudoacacia,late,77_-157,1940,135
VA|901|Robinia pseudoacacia,VA,901,Robinia pseudoacacia,late,77_-158,221,12
VA|901|Robinia pseudoacacia,VA,901,Robinia pseudoacacia,late,77_-159,33,3
VA|901|Robinia pseudoacacia,VA,901,Robinia pseudoacacia,late,77_-160,118,23
VA|901|Robinia pseudoacacia,VA,901,Robinia pseudoacacia,late,78_-155,878,22
VA|901|Robinia pseudoacacia,VA,901,Robinia pseudoacacia,late,78_-156,1456,57
VA|901|Robinia pseudoacacia,VA,901,Robinia pseudoacacia,late,78_-157,398,21
VA|901|Robinia pseudoacacia,VA,901,Robinia pseudoacacia,late,78_-158,12,1
VA|931|Sassafras albidum,VA,931,Sassafras albidum,early,73_-152,6,0
VA|931|Sassafras albidum,VA,931,Sassafras albidum,early,73_-153,12,1
VA|931|Sassafras albidum,VA,931,Sassafras albidum,early,73_-154,11,4
VA|931|Sassafras albidum,VA,931,Sassafras albidum,early,73_-156,2,0
VA|931|Sassafras albidum,VA,931,Sassafras albidum,early,73_-157,4,0
VA|931|Sassafras albidum,VA,931,Sassafras albidum,early,73_-158,12,0
VA|931|Sassafras albidum,VA,931,Sassafras albidum,early,73_-159,7,1
VA|931|Sassafras albidum,VA,931,Sassafras albidum,early,73_-160,1,0
VA|931|Sassafras albidum,VA,931,Sassafras albidum,early,73_-161,18,0
VA|931|Sassafras albidum,VA,931,Sassafras albidum,early,73_-162,6,1
VA|931|Sassafras albidum,VA,931,Sassafras albidum,early,73_-163,5,0
VA|931|Sassafras albidum,VA,931,Sassafras albidum,early,73_-164,12,1
VA|931|Sassafras albidum,VA,931,Sassafras albidum,early,73_-165,17,0
VA|931|Sassafras albidum,VA,931,Sassafras albidum,early,73_-166,53,4
VA|931|Sassafras albidum,VA,931,Sassafras albidum,early,73_-167,1,0
VA|931|Sassafras albidum,VA,931,Sassafras albidum,early,73_-168,2,2
VA|931|Sassafras albidum,VA,931,Sassafras albidum,early,74_-152,9,4
VA|931|Sassafras albidum,VA,931,Sassafras albidum,early,74_-153,16,1
VA|931|Sassafras albidum,VA,931,Sassafras albidum,early,74_-154,66,6
VA|931|Sassafras albidum,VA,931,Sassafras albidum,early,74_-155,22,2
VA|931|Sassafras albidum,VA,931,Sassafras albidum,early,74_-156,29,1
VA|931|Sassafras albidum,VA,931,Sassafras albidum,early,74_-157,66,3
VA|931|Sassafras albidum,VA,931,Sassafras albidum,early,74_-158,10,0
VA|931|Sassafras albidum,VA,931,Sassafras albidum,early,74_-159,10,0
VA|931|Sassafras albidum,VA,931,Sassafras albidum,early,74_-160,15,2
VA|931|Sassafras albidum,VA,931,Sassafras albidum,early,74_-161,55,4
VA|931|Sassafras albidum,VA,931,Sassafras albidum,early,74_-162,30,2
VA|931|Sassafras albidum,VA,931,Sassafras albidum,early,74_-163,2,0
VA|931|Sassafras albidum,VA,931,Sassafras albidum,early,74_-165,20,5
VA|931|Sassafras albidum,VA,931,Sassafras albidum,early,74_-166,15,0
VA|931|Sassafras albidum,VA,931,Sassafras albidum,early,75_-151,8,6
VA|931|Sassafras albidum,VA,931,Sassafras albidum,early,75_-152,4,2
VA|931|Sassafras albidum,VA,931,Sassafras albidum,early,75_-153,1,0
VA|931|Sassafras albidum,VA,931,Sassafras albidum,early,75_-154,4,1
VA|931|Sassafras albidum,VA,931,Sassafras albidum,early,75_-155,194,17
VA|931|Sassafras albidum,VA,931,Sassafras albidum,early,75_-156,119,13
VA|931|Sassafras albidum,VA,931,Sassafras albidum,early,75_-157,10,1
VA|931|Sassafras albidum,VA,931,Sassafras albidum,early,75_-158,16,3
VA|931|Sassafras albidum,VA,931,Sassafras albidum,early,75_-159,16,1
VA|931|Sassafras albidum,VA,931,Sassafras albidum,early,75_-160,20,2
VA|931|Sassafras albidum,VA,931,Sassafras albidum,early,76_-154,30,1
VA|931|Sassafras albidum,VA,931,Sassafras albidum,early,76_-155,17,1
VA|931|Sassafras albidum,VA,931,Sassafras albidum,early,76_-156,86,10
VA|931|Sassafras albidum,VA,931,Sassafras albidum,early,76_-157,44,4
VA|931|Sassafras albidum,VA,931,Sassafras albidum,early,76_-158,91,19
VA|931|Sassafras albidum,VA,931,Sassafras albidum,early,76_-159,6,0
VA|931|Sassafras albidum,VA,931,Sassafras albidum,early,76_-160,9,1
VA|931|Sassafras albidum,VA,931,Sassafras albidum,early,77_-155,1101,66
VA|931|Sassafras albidum,VA,931,Sassafras albidum,early,77_-156,140,3
VA|931|Sassafras albidum,VA,931,Sassafras albidum,early,77_-157,243,30
VA|931|Sassafras albidum,VA,931,Sassafras albidum,early,77_-158,20,5
VA|931|Sassafras albidum,VA,931,Sassafras albidum,early,78_-155,38,1
VA|931|Sassafras albidum,VA,931,Sassafras albidum,early,78_-156,69,6
VA|931|Sassafras albidum,VA,931,Sassafras albidum,early,78_-157,48,1
VA|931|Sassafras albidum,VA,931,Sassafras albidum,early,78_-158,3,0
VA|931|Sassafras albidum,VA,931,Sassafras albidum,late,73_-152,62,15
VA|931|Sassafras albidum,VA,931,Sassafras albidum,late,73_-153,710,95
VA|931|Sassafras albidum,VA,931,Sassafras albidum,late,73_-154,113,16
VA|931|Sassafras albidum,VA,931,Sassafras albidum,late,73_-155,45,14
VA|931|Sassafras albidum,VA,931,Sassafras albidum,late,73_-156,47,7
VA|931|Sassafras albidum,VA,931,Sassafras albidum,late,73_-157,62,5
VA|931|Sassafras albidum,VA,931,Sassafras albidum,late,73_-158,124,6
VA|931|Sassafras albidum,VA,931,Sassafras albidum,late,73_-159,78,5
VA|931|Sassafras albidum,VA,931,Sassafras albidum,late,73_-160,168,4
VA|931|Sassafras albidum,VA,931,Sassafras albidum,late,73_-161,247,17
VA|931|Sassafras albidum,VA,931,Sassafras albidum,late,73_-162,125,7
VA|931|Sassafras albidum,VA,931,Sassafras albidum,late,73_-163,136,9
VA|931|Sassafras albidum,VA,931,Sassafras albidum,late,73_-164,433,24
VA|931|Sassafras albidum,VA,931,Sassafras albidum,late,73_-165,151,13
VA|931|Sassafras albidum,VA,931,Sassafras albidum,late,73_-166,134,11
VA|931|Sassafras albidum,VA,931,Sassafras albidum,late,73_-167,33,4
VA|931|Sassafras albidum,VA,931,Sassafras albidum,late,73_-168,49,9
VA|931|Sassafras albidum,VA,931,Sassafras albidum,late,74_-152,142,35
VA|931|Sassafras albidum,VA,931,Sassafras albidum,late,74_-153,328,31
VA|931|Sassafras albidum,VA,931,Sassafras albidum,late,74_-154,846,83
VA|931|Sassafras albidum,VA,931,Sassafras albidum,late,74_-155,437,43
VA|931|Sassafras albidum,VA,931,Sassafras albidum,late,74_-156,487,28
VA|931|Sassafras albidum,VA,931,Sassafras albidum,late,74_-157,414,20
VA|931|Sassafras albidum,VA,931,Sassafras albidum,late,74_-158,104,7
VA|931|Sassafras albidum,VA,931,Sassafras albidum,late,74_-159,266,11
VA|931|Sassafras albidum,VA,931,Sassafras albidum,late,74_-160,594,38
VA|931|Sassafras albidum,VA,931,Sassafras albidum,late,74_-161,1316,69
VA|931|Sassafras albidum,VA,931,Sassafras albidum,late,74_-162,458,22
VA|931|Sassafras albidum,VA,931,Sassafras albidum,late,74_-163,69,6
VA|931|Sassafras albidum,VA,931,Sassafras albidum,late,74_-164,14,0
VA|931|Sassafras albidum,VA,931,Sassafras albidum,late,74_-165,59,0
VA|931|Sassafras albidum,VA,931,Sassafras albidum,late,74_-166,6,1
VA|931|Sassafras albidum,VA,931,Sassafras albidum,late,75_-151,138,51
VA|931|Sassafras albidum,VA,931,Sassafras albidum,late,75_-152,70,12
VA|931|Sassafras albidum,VA,931,Sassafras albidum,late,75_-153,142,20
VA|931|Sassafras albidum,VA,931,Sassafras albidum,late,75_-154,461,44
VA|931|Sassafras albidum,VA,931,Sassafras albidum,late,75_-155,1030,106
VA|931|Sassafras albidum,VA,931,Sassafras albidum,late,75_-156,1368,97
VA|931|Sassafras albidum,VA,931,Sassafras albidum,late,75_-157,247,9
VA|931|Sassafras albidum,VA,931,Sassafras albidum,late,75_-158,512,87
VA|931|Sassafras albidum,VA,931,Sassafras albidum,late,75_-159,506,48
VA|931|Sassafras albidum,VA,931,Sassafras albidum,late,75_-160,302,29
VA|931|Sassafras albidum,VA,931,Sassafras albidum,late,75_-161,28,2
VA|931|Sassafras albidum,VA,931,Sassafras albidum,late,76_-151,1,0
VA|931|Sassafras albidum,VA,931,Sassafras albidum,late,76_-152,1,0
VA|931|Sassafras albidum,VA,931,Sassafras albidum,late,76_-154,116,17
VA|931|Sassafras albidum,VA,931,Sassafras albidum,late,76_-155,885,74
VA|931|Sassafras albidum,VA,931,Sassafras albidum,late,76_-156,742,69
VA|931|Sassafras albidum,VA,931,Sassafras albidum,late,76_-157,1178,100
VA|931|Sassafras albidum,VA,931,Sassafras albidum,late,76_-158,1314,177
VA|931|Sassafras albidum,VA,931,Sassafras albidum,late,76_-159,221,24
VA|931|Sassafras albidum,VA,931,Sassafras albidum,late,76_-160,343,8
VA|931|Sassafras albidum,VA,931,Sassafras albidum,late,77_-155,11212,700
VA|931|Sassafras albidum,VA,931,Sassafras albidum,late,77_-156,1705,121
VA|931|Sassafras albidum,VA,931,Sassafras albidum,late,77_-157,1940,217
VA|931|Sassafras albidum,VA,931,Sassafras albidum,late,77_-158,221,21
VA|931|Sassafras albidum,VA,931,Sassafras albidum,late,77_-159,33,3
VA|931|Sassafras albidum,VA,931,Sassafras albidum,late,77_-160,118,0
VA|931|Sassafras albidum,VA,931,Sassafras albidum,late,78_-155,878,16
VA|931|Sassafras albidum,VA,931,Sassafras albidum,late,78_-156,1456,86
VA|931|Sassafras albidum,VA,931,Sassafras albidum,late,78_-157,398,35
VA|931|Sassafras albidum,VA,931,Sassafras albidum,late,78_-158,12,1
NC|261|Tsuga canadensis,NC,261,Tsuga canadensis,early,67_-156,3,0
NC|261|Tsuga canadensis,NC,261,Tsuga canadensis,early,67_-157,2,0
NC|261|Tsuga canadensis,NC,261,Tsuga canadensis,early,68_-156,22,0
NC|261|Tsuga canadensis,NC,261,Tsuga canadensis,early,68_-157,3,0
NC|261|Tsuga canadensis,NC,261,Tsuga canadensis,early,68_-159,9,0
NC|261|Tsuga canadensis,NC,261,Tsuga canadensis,early,69_-154,10,0
NC|261|Tsuga canadensis,NC,261,Tsuga canadensis,early,69_-155,2,0
NC|261|Tsuga canadensis,NC,261,Tsuga canadensis,early,69_-156,2,0
NC|261|Tsuga canadensis,NC,261,Tsuga canadensis,early,69_-158,4,0
NC|261|Tsuga canadensis,NC,261,Tsuga canadensis,early,69_-159,3,0
NC|261|Tsuga canadensis,NC,261,Tsuga canadensis,early,69_-162,6,0
NC|261|Tsuga canadensis,NC,261,Tsuga canadensis,early,70_-151,2,0
NC|261|Tsuga canadensis,NC,261,Tsuga canadensis,early,70_-152,6,0
NC|261|Tsuga canadensis,NC,261,Tsuga canadensis,early,70_-153,1,0
NC|261|Tsuga canadensis,NC,261,Tsuga canadensis,early,70_-154,7,0
NC|261|Tsuga canadensis,NC,261,Tsuga canadensis,early,70_-155,3,0
NC|261|Tsuga canadensis,NC,261,Tsuga canadensis,early,70_-157,1,0
NC|261|Tsuga canadensis,NC,261,Tsuga canadensis,early,70_-158,85,0
NC|261|Tsuga canadensis,NC,261,Tsuga canadensis,early,70_-159,26,0
NC|261|Tsuga canadensis,NC,261,Tsuga canadensis,early,70_-160,9,0
NC|261|Tsuga canadensis,NC,261,Tsuga canadensis,early,70_-161,47,0
NC|261|Tsuga canadensis,NC,261,Tsuga canadensis,early,70_-162,139,1
NC|261|Tsuga canadensis,NC,261,Tsuga canadensis,early,70_-163,24,0
NC|261|Tsuga canadensis,NC,261,Tsuga canadensis,early,70_-164,22,0
NC|261|Tsuga canadensis,NC,261,Tsuga canadensis,early,70_-165,32,4
NC|261|Tsuga canadensis,NC,261,Tsuga canadensis,early,70_-166,174,17
NC|261|Tsuga canadensis,NC,261,Tsuga canadensis,early,70_-167,109,8
NC|261|Tsuga canadensis,NC,261,Tsuga canadensis,early,70_-168,56,2
NC|261|Tsuga canadensis,NC,261,Tsuga canadensis,early,70_-169,11,2
NC|261|Tsuga canadensis,NC,261,Tsuga canadensis,early,71_-152,13,0
NC|261|Tsuga canadensis,NC,261,Tsuga canadensis,early,71_-153,7,0
NC|261|Tsuga canadensis,NC,261,Tsuga canadensis,early,71_-154,19,0
NC|261|Tsuga canadensis,NC,261,Tsuga canadensis,early,71_-155,2,0
NC|261|Tsuga canadensis,NC,261,Tsuga canadensis,early,71_-156,2,0
NC|261|Tsuga canadensis,NC,261,Tsuga canadensis,early,71_-157,53,0
NC|261|Tsuga canadensis,NC,261,Tsuga canadensis,early,71_-158,779,9
NC|261|Tsuga canadensis,NC,261,Tsuga canadensis,early,71_-159,545,2
NC|261|Tsuga canadensis,NC,261,Tsuga canadensis,early,71_-160,27,0
NC|261|Tsuga canadensis,NC,261,Tsuga canadensis,early,71_-161,10,0
NC|261|Tsuga canadensis,NC,261,Tsuga canadensis,early,71_-162,35,1
NC|261|Tsuga canadensis,NC,261,Tsuga canadensis,early,71_-163,54,0
NC|261|Tsuga canadensis,NC,261,Tsuga canadensis,early,71_-164,40,3
NC|261|Tsuga canadensis,NC,261,Tsuga canadensis,early,71_-165,213,23
NC|261|Tsuga canadensis,NC,261,Tsuga canadensis,early,71_-166,156,12
NC|261|Tsuga canadensis,NC,261,Tsuga canadensis,early,71_-167,102,19
NC|261|Tsuga canadensis,NC,261,Tsuga canadensis,early,71_-168,1,0
NC|261|Tsuga canadensis,NC,261,Tsuga canadensis,early,72_-152,15,0
NC|261|Tsuga canadensis,NC,261,Tsuga canadensis,early,72_-153,26,0
NC|261|Tsuga canadensis,NC,261,Tsuga canadensis,early,72_-154,7,0
NC|261|Tsuga canadensis,NC,261,Tsuga canadensis,early,72_-155,2,0
NC|261|Tsuga canadensis,NC,261,Tsuga canadensis,early,72_-157,16,1
NC|261|Tsuga canadensis,NC,261,Tsuga canadensis,early,72_-158,195,0
NC|261|Tsuga canadensis,NC,261,Tsuga canadensis,early,72_-159,156,3
NC|261|Tsuga canadensis,NC,261,Tsuga canadensis,early,72_-160,59,0
NC|261|Tsuga canadensis,NC,261,Tsuga canadensis,early,72_-161,41,2
NC|261|Tsuga canadensis,NC,261,Tsuga canadensis,early,72_-162,15,1
NC|261|Tsuga canadensis,NC,261,Tsuga canadensis,early,72_-163,18,0
NC|261|Tsuga canadensis,NC,261,Tsuga canadensis,early,72_-164,77,9
NC|261|Tsuga canadensis,NC,261,Tsuga canadensis,early,72_-165,14,1
NC|261|Tsuga canadensis,NC,261,Tsuga canadensis,early,73_-152,5,0
NC|261|Tsuga canadensis,NC,261,Tsuga canadensis,early,73_-153,3,0
NC|261|Tsuga canadensis,NC,261,Tsuga canadensis,early,73_-157,3,0
NC|261|Tsuga canadensis,NC,261,Tsuga canadensis,early,73_-164,1,0
NC|261|Tsuga canadensis,NC,261,Tsuga canadensis,late,67_-156,35,0
NC|261|Tsuga canadensis,NC,261,Tsuga canadensis,late,67_-157,55,0
NC|261|Tsuga canadensis,NC,261,Tsuga canadensis,late,67_-158,9,0
NC|261|Tsuga canadensis,NC,261,Tsuga canadensis,late,68_-155,2,0
NC|261|Tsuga canadensis,NC,261,Tsuga canadensis,late,68_-156,424,0
NC|261|Tsuga canadensis,NC,261,Tsuga canadensis,late,68_-157,50,0
NC|261|Tsuga canadensis,NC,261,Tsuga canadensis,late,68_-158,26,0
NC|261|Tsuga canadensis,NC,261,Tsuga canadensis,late,68_-159,5,0
NC|261|Tsuga canadensis,NC,261,Tsuga canadensis,late,69_-153,2,0
NC|261|Tsuga canadensis,NC,261,Tsuga canadensis,late,69_-154,178,0
NC|261|Tsuga canadensis,NC,261,Tsuga canadensis,late,69_-155,107,0
NC|261|Tsuga canadensis,NC,261,Tsuga canadensis,late,69_-156,21,0
NC|261|Tsuga canadensis,NC,261,Tsuga canadensis,late,69_-157,13,0
NC|261|Tsuga canadensis,NC,261,Tsuga canadensis,late,69_-158,35,0
NC|261|Tsuga canadensis,NC,261,Tsuga canadensis,late,69_-159,80,0
NC|261|Tsuga canadensis,NC,261,Tsuga canadensis,late,69_-160,62,0
NC|261|Tsuga canadensis,NC,261,Tsuga canadensis,late,69_-161,188,0
NC|261|Tsuga canadensis,NC,261,Tsuga canadensis,late,69_-162,85,0
NC|261|Tsuga canadensis,NC,261,Tsuga canadensis,late,69_-167,1,0
NC|261|Tsuga canadensis,NC,261,Tsuga canadensis,late,69_-168,4,0
NC|261|Tsuga canadensis,NC,261,Tsuga canadensis,late,69_-169,2,0
NC|261|Tsuga canadensis,NC,261,Tsuga canadensis,late,70_-151,10,0
NC|261|Tsuga canadensis,NC,261,Tsuga canadensis,late,70_-152,88,0
NC|261|Tsuga canadensis,NC,261,Tsuga canadensis,late,70_-153,8,0
NC|261|Tsuga canadensis,NC,261,Tsuga canadensis,late,70_-154,32,0
NC|261|Tsuga canadensis,NC,261,Tsuga canadensis,late,70_-155,59,0
NC|261|Tsuga canadensis,NC,261,Tsuga canadensis,late,70_-156,54,0
NC|261|Tsuga canadensis,NC,261,Tsuga canadensis,late,70_-157,22,0
NC|261|Tsuga canadensis,NC,261,Tsuga canadensis,late,70_-158,244,0
NC|261|Tsuga canadensis,NC,261,Tsuga canadensis,late,70_-159,307,0
NC|261|Tsuga canadensis,NC,261,Tsuga canadensis,late,70_-160,108,2
NC|261|Tsuga canadensis,NC,261,Tsuga canadensis,late,70_-161,287,1
NC|261|Tsuga canadensis,NC,261,Tsuga canadensis,late,70_-162,1286,25
NC|261|Tsuga canadensis,NC,261,Tsuga canadensis,late,70_-163,382,2
NC|261|Tsuga canadensis,NC,261,Tsuga canadensis,late,70_-164,101,0
NC|261|Tsuga canadensis,NC,261,Tsuga canadensis,late,70_-165,586,62
NC|261|Tsuga canadensis,NC,261,Tsuga canadensis,late,70_-166,1560,208
NC|261|Tsuga canadensis,NC,261,Tsuga canadensis,late,70_-167,1231,159
NC|261|Tsuga canadensis,NC,261,Tsuga canadensis,late,70_-168,684,73
NC|261|Tsuga canadensis,NC,261,Tsuga canadensis,late,70_-169,68,6
NC|261|Tsuga canadensis,NC,261,Tsuga canadensis,late,71_-151,20,0
NC|261|Tsuga canadensis,NC,261,Tsuga canadensis,late,71_-152,119,0
NC|261|Tsuga canadensis,NC,261,Tsuga canadensis,late,71_-153,23,0
NC|261|Tsuga canadensis,NC,261,Tsuga canadensis,late,71_-154,46,0
NC|261|Tsuga canadensis,NC,261,Tsuga canadensis,late,71_-155,131,0
NC|261|Tsuga canadensis,NC,261,Tsuga canadensis,late,71_-156,62,1
NC|261|Tsuga canadensis,NC,261,Tsuga canadensis,late,71_-157,563,2
NC|261|Tsuga canadensis,NC,261,Tsuga canadensis,late,71_-158,5141,88
NC|261|Tsuga canadensis,NC,261,Tsuga canadensis,late,71_-159,3247,42
NC|261|Tsuga canadensis,NC,261,Tsuga canadensis,late,71_-160,228,3
NC|261|Tsuga canadensis,NC,261,Tsuga canadensis,late,71_-161,299,2
NC|261|Tsuga canadensis,NC,261,Tsuga canadensis,late,71_-162,370,3
NC|261|Tsuga canadensis,NC,261,Tsuga canadensis,late,71_-163,844,23
NC|261|Tsuga canadensis,NC,261,Tsuga canadensis,late,71_-164,573,66
NC|261|Tsuga canadensis,NC,261,Tsuga canadensis,late,71_-165,1518,191
NC|261|Tsuga canadensis,NC,261,Tsuga canadensis,late,71_-166,1830,136
NC|261|Tsuga canadensis,NC,261,Tsuga canadensis,late,71_-167,520,68
NC|261|Tsuga canadensis,NC,261,Tsuga canadensis,late,71_-168,18,1
NC|261|Tsuga canadensis,NC,261,Tsuga canadensis,late,72_-152,405,0
NC|261|Tsuga canadensis,NC,261,Tsuga canadensis,late,72_-153,42,0
NC|261|Tsuga canadensis,NC,261,Tsuga canadensis,late,72_-154,43,0
NC|261|Tsuga canadensis,NC,261,Tsuga canadensis,late,72_-155,22,1
NC|261|Tsuga canadensis,NC,261,Tsuga canadensis,late,72_-156,61,0
NC|261|Tsuga canadensis,NC,261,Tsuga canadensis,late,72_-157,110,3
NC|261|Tsuga canadensis,NC,261,Tsuga canadensis,late,72_-158,1421,12
NC|261|Tsuga canadensis,NC,261,Tsuga canadensis,late,72_-159,1353,21
NC|261|Tsuga canadensis,NC,261,Tsuga canadensis,late,72_-160,1118,23
NC|261|Tsuga canadensis,NC,261,Tsuga canadensis,late,72_-161,788,24
NC|261|Tsuga canadensis,NC,261,Tsuga canadensis,late,72_-162,165,3
NC|261|Tsuga canadensis,NC,261,Tsuga canadensis,late,72_-163,489,46
NC|261|Tsuga canadensis,NC,261,Tsuga canadensis,late,72_-164,1835,238
NC|261|Tsuga canadensis,NC,261,Tsuga canadensis,late,72_-165,73,10
NC|261|Tsuga canadensis,NC,261,Tsuga canadensis,late,72_-166,12,0
NC|261|Tsuga canadensis,NC,261,Tsuga canadensis,late,73_-152,6,0
NC|261|Tsuga canadensis,NC,261,Tsuga canadensis,late,73_-153,15,0
NC|261|Tsuga canadensis,NC,261,Tsuga canadensis,late,73_-154,3,0
NC|261|Tsuga canadensis,NC,261,Tsuga canadensis,late,73_-155,2,0
NC|261|Tsuga canadensis,NC,261,Tsuga canadensis,late,73_-156,8,0
NC|261|Tsuga canadensis,NC,261,Tsuga canadensis,late,73_-157,3,0
NC|261|Tsuga canadensis,NC,261,Tsuga canadensis,late,73_-158,1,0
NC|261|Tsuga canadensis,NC,261,Tsuga canadensis,late,73_-159,5,0
NC|261|Tsuga canadensis,NC,261,Tsuga canadensis,late,73_-160,12,0
NC|261|Tsuga canadensis,NC,261,Tsuga canadensis,late,73_-161,2,0
NC|261|Tsuga canadensis,NC,261,Tsuga canadensis,late,73_-162,23,0
NC|261|Tsuga canadensis,NC,261,Tsuga canadensis,late,73_-163,21,1
NC|261|Tsuga canadensis,NC,261,Tsuga canadensis,late,73_-164,22,2
NC|316|Acer rubrum,NC,316,Acer rubrum,early,67_-156,3,0
NC|316|Acer rubrum,NC,316,Acer rubrum,early,67_-157,2,0
NC|316|Acer rubrum,NC,316,Acer rubrum,early,68_-156,22,2
NC|316|Acer rubrum,NC,316,Acer rubrum,early,68_-157,3,0
NC|316|Acer rubrum,NC,316,Acer rubrum,early,68_-159,9,0
NC|316|Acer rubrum,NC,316,Acer rubrum,early,69_-154,10,1
NC|316|Acer rubrum,NC,316,Acer rubrum,early,69_-155,2,0
NC|316|Acer rubrum,NC,316,Acer rubrum,early,69_-156,2,1
NC|316|Acer rubrum,NC,316,Acer rubrum,early,69_-158,4,1
NC|316|Acer rubrum,NC,316,Acer rubrum,early,69_-159,3,1
NC|316|Acer rubrum,NC,316,Acer rubrum,early,69_-162,6,2
NC|316|Acer rubrum,NC,316,Acer rubrum,early,70_-151,2,0
NC|316|Acer rubrum,NC,316,Acer rubrum,early,70_-152,6,0
NC|316|Acer rubrum,NC,316,Acer rubrum,early,70_-153,1,0
NC|316|Acer rubrum,NC,316,Acer rubrum,early,70_-154,7,0
NC|316|Acer rubrum,NC,316,Acer rubrum,early,70_-155,3,0
NC|316|Acer rubrum,NC,316,Acer rubrum,early,70_-157,1,0
NC|316|Acer rubrum,NC,316,Acer rubrum,early,70_-158,85,8
NC|316|Acer rubrum,NC,316,Acer rubrum,early,70_-159,26,1
NC|316|Acer rubrum,NC,316,Acer rubrum,early,70_-160,9,1
NC|316|Acer rubrum,NC,316,Acer rubrum,early,70_-161,47,3
NC|316|Acer rubrum,NC,316,Acer rubrum,early,70_-162,139,8
NC|316|Acer rubrum,NC,316,Acer rubrum,early,70_-163,24,1
NC|316|Acer rubrum,NC,316,Acer rubrum,early,70_-164,22,3
NC|316|Acer rubrum,NC,316,Acer rubrum,early,70_-165,32,1
NC|316|Acer rubrum,NC,316,Acer rubrum,early,70_-166,174,14
NC|316|Acer rubrum,NC,316,Acer rubrum,early,70_-167,109,12
NC|316|Acer rubrum,NC,316,Acer rubrum,early,70_-168,56,4
NC|316|Acer rubrum,NC,316,Acer rubrum,early,70_-169,11,1
NC|316|Acer rubrum,NC,316,Acer rubrum,early,71_-152,13,2
NC|316|Acer rubrum,NC,316,Acer rubrum,early,71_-153,7,0
NC|316|Acer rubrum,NC,316,Acer rubrum,early,71_-154,19,0
NC|316|Acer rubrum,NC,316,Acer rubrum,early,71_-155,2,0
NC|316|Acer rubrum,NC,316,Acer rubrum,early,71_-156,2,1
NC|316|Acer rubrum,NC,316,Acer rubrum,early,71_-157,53,5
NC|316|Acer rubrum,NC,316,Acer rubrum,early,71_-158,779,61
NC|316|Acer rubrum,NC,316,Acer rubrum,early,71_-159,545,31
NC|316|Acer rubrum,NC,316,Acer rubrum,early,71_-160,27,2
NC|316|Acer rubrum,NC,316,Acer rubrum,early,71_-161,10,1
NC|316|Acer rubrum,NC,316,Acer rubrum,early,71_-162,35,2
NC|316|Acer rubrum,NC,316,Acer rubrum,early,71_-163,54,10
NC|316|Acer rubrum,NC,316,Acer rubrum,early,71_-164,40,2
NC|316|Acer rubrum,NC,316,Acer rubrum,early,71_-165,213,16
NC|316|Acer rubrum,NC,316,Acer rubrum,early,71_-166,156,8
NC|316|Acer rubrum,NC,316,Acer rubrum,early,71_-167,102,9
NC|316|Acer rubrum,NC,316,Acer rubrum,early,71_-168,1,0
NC|316|Acer rubrum,NC,316,Acer rubrum,early,72_-152,15,4
NC|316|Acer rubrum,NC,316,Acer rubrum,early,72_-153,26,8
NC|316|Acer rubrum,NC,316,Acer rubrum,early,72_-154,7,4
NC|316|Acer rubrum,NC,316,Acer rubrum,early,72_-155,2,0
NC|316|Acer rubrum,NC,316,Acer rubrum,early,72_-157,16,0
NC|316|Acer rubrum,NC,316,Acer rubrum,early,72_-158,195,15
NC|316|Acer rubrum,NC,316,Acer rubrum,early,72_-159,156,6
NC|316|Acer rubrum,NC,316,Acer rubrum,early,72_-160,59,3
NC|316|Acer rubrum,NC,316,Acer rubrum,early,72_-161,41,0
NC|316|Acer rubrum,NC,316,Acer rubrum,early,72_-162,15,2
NC|316|Acer rubrum,NC,316,Acer rubrum,early,72_-163,18,4
NC|316|Acer rubrum,NC,316,Acer rubrum,early,72_-164,77,10
NC|316|Acer rubrum,NC,316,Acer rubrum,early,72_-165,14,0
NC|316|Acer rubrum,NC,316,Acer rubrum,early,73_-152,5,3
NC|316|Acer rubrum,NC,316,Acer rubrum,early,73_-153,3,0
NC|316|Acer rubrum,NC,316,Acer rubrum,early,73_-157,3,0
NC|316|Acer rubrum,NC,316,Acer rubrum,early,73_-164,1,0
NC|316|Acer rubrum,NC,316,Acer rubrum,late,67_-156,35,0
NC|316|Acer rubrum,NC,316,Acer rubrum,late,67_-157,55,6
NC|316|Acer rubrum,NC,316,Acer rubrum,late,67_-158,9,1
NC|316|Acer rubrum,NC,316,Acer rubrum,late,68_-155,2,0
NC|316|Acer rubrum,NC,316,Acer rubrum,late,68_-156,424,69
NC|316|Acer rubrum,NC,316,Acer rubrum,late,68_-157,50,14
NC|316|Acer rubrum,NC,316,Acer rubrum,late,68_-158,26,5
NC|316|Acer rubrum,NC,316,Acer rubrum,late,68_-159,5,1
NC|316|Acer rubrum,NC,316,Acer rubrum,late,69_-153,2,0
NC|316|Acer rubrum,NC,316,Acer rubrum,late,69_-154,178,17
NC|316|Acer rubrum,NC,316,Acer rubrum,late,69_-155,107,12
NC|316|Acer rubrum,NC,316,Acer rubrum,late,69_-156,21,2
NC|316|Acer rubrum,NC,316,Acer rubrum,late,69_-157,13,1
NC|316|Acer rubrum,NC,316,Acer rubrum,late,69_-158,35,5
NC|316|Acer rubrum,NC,316,Acer rubrum,late,69_-159,80,16
NC|316|Acer rubrum,NC,316,Acer rubrum,late,69_-160,62,7
NC|316|Acer rubrum,NC,316,Acer rubrum,late,69_-161,188,19
NC|316|Acer rubrum,NC,316,Acer rubrum,late,69_-162,85,5
NC|316|Acer rubrum,NC,316,Acer rubrum,late,69_-167,1,0
NC|316|Acer rubrum,NC,316,Acer rubrum,late,69_-168,4,0
NC|316|Acer rubrum,NC,316,Acer rubrum,late,69_-169,2,0
NC|316|Acer rubrum,NC,316,Acer rubrum,late,70_-151,10,0
NC|316|Acer rubrum,NC,316,Acer rubrum,late,70_-152,88,2
NC|316|Acer rubrum,NC,316,Acer rubrum,late,70_-153,8,1
NC|316|Acer rubrum,NC,316,Acer rubrum,late,70_-154,32,2
NC|316|Acer rubrum,NC,316,Acer rubrum,late,70_-155,59,5
NC|316|Acer rubrum,NC,316,Acer rubrum,late,70_-156,54,5
NC|316|Acer rubrum,NC,316,Acer rubrum,late,70_-157,22,3
NC|316|Acer rubrum,NC,316,Acer rubrum,late,70_-158,244,18
NC|316|Acer rubrum,NC,316,Acer rubrum,late,70_-159,307,17
NC|316|Acer rubrum,NC,316,Acer rubrum,late,70_-160,108,5
NC|316|Acer rubrum,NC,316,Acer rubrum,late,70_-161,287,17
NC|316|Acer rubrum,NC,316,Acer rubrum,late,70_-162,1286,72
NC|316|Acer rubrum,NC,316,Acer rubrum,late,70_-163,382,22
NC|316|Acer rubrum,NC,316,Acer rubrum,late,70_-164,101,8
NC|316|Acer rubrum,NC,316,Acer rubrum,late,70_-165,586,26
NC|316|Acer rubrum,NC,316,Acer rubrum,late,70_-166,1560,106
NC|316|Acer rubrum,NC,316,Acer rubrum,late,70_-167,1231,65
NC|316|Acer rubrum,NC,316,Acer rubrum,late,70_-168,684,32
NC|316|Acer rubrum,NC,316,Acer rubrum,late,70_-169,68,7
NC|316|Acer rubrum,NC,316,Acer rubrum,late,71_-151,20,0
NC|316|Acer rubrum,NC,316,Acer rubrum,late,71_-152,119,25
NC|316|Acer rubrum,NC,316,Acer rubrum,late,71_-153,23,13
NC|316|Acer rubrum,NC,316,Acer rubrum,late,71_-154,46,9
NC|316|Acer rubrum,NC,316,Acer rubrum,late,71_-155,131,25
NC|316|Acer rubrum,NC,316,Acer rubrum,late,71_-156,62,5
NC|316|Acer rubrum,NC,316,Acer rubrum,late,71_-157,563,63
NC|316|Acer rubrum,NC,316,Acer rubrum,late,71_-158,5141,401
NC|316|Acer rubrum,NC,316,Acer rubrum,late,71_-159,3247,133
NC|316|Acer rubrum,NC,316,Acer rubrum,late,71_-160,228,24
NC|316|Acer rubrum,NC,316,Acer rubrum,late,71_-161,299,19
NC|316|Acer rubrum,NC,316,Acer rubrum,late,71_-162,370,24
NC|316|Acer rubrum,NC,316,Acer rubrum,late,71_-163,844,54
NC|316|Acer rubrum,NC,316,Acer rubrum,late,71_-164,573,51
NC|316|Acer rubrum,NC,316,Acer rubrum,late,71_-165,1518,67
NC|316|Acer rubrum,NC,316,Acer rubrum,late,71_-166,1830,84
NC|316|Acer rubrum,NC,316,Acer rubrum,late,71_-167,520,20
NC|316|Acer rubrum,NC,316,Acer rubrum,late,71_-168,18,0
NC|316|Acer rubrum,NC,316,Acer rubrum,late,72_-152,405,63
NC|316|Acer rubrum,NC,316,Acer rubrum,late,72_-153,42,5
NC|316|Acer rubrum,NC,316,Acer rubrum,late,72_-154,43,2
NC|316|Acer rubrum,NC,316,Acer rubrum,late,72_-155,22,2
NC|316|Acer rubrum,NC,316,Acer rubrum,late,72_-156,61,9
NC|316|Acer rubrum,NC,316,Acer rubrum,late,72_-157,110,5
NC|316|Acer rubrum,NC,316,Acer rubrum,late,72_-158,1421,74
NC|316|Acer rubrum,NC,316,Acer rubrum,late,72_-159,1353,54
NC|316|Acer rubrum,NC,316,Acer rubrum,late,72_-160,1118,58
NC|316|Acer rubrum,NC,316,Acer rubrum,late,72_-161,788,53
NC|316|Acer rubrum,NC,316,Acer rubrum,late,72_-162,165,5
NC|316|Acer rubrum,NC,316,Acer rubrum,late,72_-163,489,29
NC|316|Acer rubrum,NC,316,Acer rubrum,late,72_-164,1835,93
NC|316|Acer rubrum,NC,316,Acer rubrum,late,72_-165,73,1
NC|316|Acer rubrum,NC,316,Acer rubrum,late,72_-166,12,0
NC|316|Acer rubrum,NC,316,Acer rubrum,late,73_-152,6,0
NC|316|Acer rubrum,NC,316,Acer rubrum,late,73_-153,15,3
NC|316|Acer rubrum,NC,316,Acer rubrum,late,73_-154,3,0
NC|316|Acer rubrum,NC,316,Acer rubrum,late,73_-155,2,0
NC|316|Acer rubrum,NC,316,Acer rubrum,late,73_-156,8,0
NC|316|Acer rubrum,NC,316,Acer rubrum,late,73_-157,3,0
NC|316|Acer rubrum,NC,316,Acer rubrum,late,73_-158,1,0
NC|316|Acer rubrum,NC,316,Acer rubrum,late,73_-159,5,1
NC|316|Acer rubrum,NC,316,Acer rubrum,late,73_-160,12,0
NC|316|Acer rubrum,NC,316,Acer rubrum,late,73_-161,2,0
NC|316|Acer rubrum,NC,316,Acer rubrum,late,73_-162,23,2
NC|316|Acer rubrum,NC,316,Acer rubrum,late,73_-163,21,0
NC|316|Acer rubrum,NC,316,Acer rubrum,late,73_-164,22,0
NC|318|Acer saccharum,NC,318,Acer saccharum,early,67_-156,3,0
NC|318|Acer saccharum,NC,318,Acer saccharum,early,67_-157,2,0
NC|318|Acer saccharum,NC,318,Acer saccharum,early,68_-156,22,0
NC|318|Acer saccharum,NC,318,Acer saccharum,early,68_-157,3,0
NC|318|Acer saccharum,NC,318,Acer saccharum,early,68_-159,9,0
NC|318|Acer saccharum,NC,318,Acer saccharum,early,69_-154,10,0
NC|318|Acer saccharum,NC,318,Acer saccharum,early,69_-155,2,0
NC|318|Acer saccharum,NC,318,Acer saccharum,early,69_-156,2,0
NC|318|Acer saccharum,NC,318,Acer saccharum,early,69_-158,4,0
NC|318|Acer saccharum,NC,318,Acer saccharum,early,69_-159,3,0
NC|318|Acer saccharum,NC,318,Acer saccharum,early,69_-162,6,0
NC|318|Acer saccharum,NC,318,Acer saccharum,early,70_-151,2,0
NC|318|Acer saccharum,NC,318,Acer saccharum,early,70_-152,6,0
NC|318|Acer saccharum,NC,318,Acer saccharum,early,70_-153,1,0
NC|318|Acer saccharum,NC,318,Acer saccharum,early,70_-154,7,0
NC|318|Acer saccharum,NC,318,Acer saccharum,early,70_-155,3,0
NC|318|Acer saccharum,NC,318,Acer saccharum,early,70_-157,1,0
NC|318|Acer saccharum,NC,318,Acer saccharum,early,70_-158,85,0
NC|318|Acer saccharum,NC,318,Acer saccharum,early,70_-159,26,0
NC|318|Acer saccharum,NC,318,Acer saccharum,early,70_-160,9,0
NC|318|Acer saccharum,NC,318,Acer saccharum,early,70_-161,47,1
NC|318|Acer saccharum,NC,318,Acer saccharum,early,70_-162,139,3
NC|318|Acer saccharum,NC,318,Acer saccharum,early,70_-163,24,0
NC|318|Acer saccharum,NC,318,Acer saccharum,early,70_-164,22,0
NC|318|Acer saccharum,NC,318,Acer saccharum,early,70_-165,32,0
NC|318|Acer saccharum,NC,318,Acer saccharum,early,70_-166,174,5
NC|318|Acer saccharum,NC,318,Acer saccharum,early,70_-167,109,4
NC|318|Acer saccharum,NC,318,Acer saccharum,early,70_-168,56,2
NC|318|Acer saccharum,NC,318,Acer saccharum,early,70_-169,11,0
NC|318|Acer saccharum,NC,318,Acer saccharum,early,71_-152,13,0
NC|318|Acer saccharum,NC,318,Acer saccharum,early,71_-153,7,0
NC|318|Acer saccharum,NC,318,Acer saccharum,early,71_-154,19,0
NC|318|Acer saccharum,NC,318,Acer saccharum,early,71_-155,2,0
NC|318|Acer saccharum,NC,318,Acer saccharum,early,71_-156,2,0
NC|318|Acer saccharum,NC,318,Acer saccharum,early,71_-157,53,0
NC|318|Acer saccharum,NC,318,Acer saccharum,early,71_-158,779,1
NC|318|Acer saccharum,NC,318,Acer saccharum,early,71_-159,545,2
NC|318|Acer saccharum,NC,318,Acer saccharum,early,71_-160,27,0
NC|318|Acer saccharum,NC,318,Acer saccharum,early,71_-161,10,0
NC|318|Acer saccharum,NC,318,Acer saccharum,early,71_-162,35,0
NC|318|Acer saccharum,NC,318,Acer saccharum,early,71_-163,54,0
NC|318|Acer saccharum,NC,318,Acer saccharum,early,71_-164,40,0
NC|318|Acer saccharum,NC,318,Acer saccharum,early,71_-165,213,4
NC|318|Acer saccharum,NC,318,Acer saccharum,early,71_-166,156,2
NC|318|Acer saccharum,NC,318,Acer saccharum,early,71_-167,102,8
NC|318|Acer saccharum,NC,318,Acer saccharum,early,71_-168,1,0
NC|318|Acer saccharum,NC,318,Acer saccharum,early,72_-152,15,0
NC|318|Acer saccharum,NC,318,Acer saccharum,early,72_-153,26,0
NC|318|Acer saccharum,NC,318,Acer saccharum,early,72_-154,7,0
NC|318|Acer saccharum,NC,318,Acer saccharum,early,72_-155,2,0
NC|318|Acer saccharum,NC,318,Acer saccharum,early,72_-157,16,0
NC|318|Acer saccharum,NC,318,Acer saccharum,early,72_-158,195,1
NC|318|Acer saccharum,NC,318,Acer saccharum,early,72_-159,156,0
NC|318|Acer saccharum,NC,318,Acer saccharum,early,72_-160,59,0
NC|318|Acer saccharum,NC,318,Acer saccharum,early,72_-161,41,0
NC|318|Acer saccharum,NC,318,Acer saccharum,early,72_-162,15,0
NC|318|Acer saccharum,NC,318,Acer saccharum,early,72_-163,18,0
NC|318|Acer saccharum,NC,318,Acer saccharum,early,72_-164,77,6
NC|318|Acer saccharum,NC,318,Acer saccharum,early,72_-165,14,2
NC|318|Acer saccharum,NC,318,Acer saccharum,early,73_-152,5,0
NC|318|Acer saccharum,NC,318,Acer saccharum,early,73_-153,3,0
NC|318|Acer saccharum,NC,318,Acer saccharum,early,73_-157,3,0
NC|318|Acer saccharum,NC,318,Acer saccharum,early,73_-164,1,0
NC|318|Acer saccharum,NC,318,Acer saccharum,late,67_-156,35,0
NC|318|Acer saccharum,NC,318,Acer saccharum,late,67_-157,55,0
NC|318|Acer saccharum,NC,318,Acer saccharum,late,67_-158,9,0
NC|318|Acer saccharum,NC,318,Acer saccharum,late,68_-155,2,0
NC|318|Acer saccharum,NC,318,Acer saccharum,late,68_-156,424,0
NC|318|Acer saccharum,NC,318,Acer saccharum,late,68_-157,50,0
NC|318|Acer saccharum,NC,318,Acer saccharum,late,68_-158,26,0
NC|318|Acer saccharum,NC,318,Acer saccharum,late,68_-159,5,0
NC|318|Acer saccharum,NC,318,Acer saccharum,late,69_-153,2,0
NC|318|Acer saccharum,NC,318,Acer saccharum,late,69_-154,178,0
NC|318|Acer saccharum,NC,318,Acer saccharum,late,69_-155,107,0
NC|318|Acer saccharum,NC,318,Acer saccharum,late,69_-156,21,0
NC|318|Acer saccharum,NC,318,Acer saccharum,late,69_-157,13,0
NC|318|Acer saccharum,NC,318,Acer saccharum,late,69_-158,35,0
NC|318|Acer saccharum,NC,318,Acer saccharum,late,69_-159,80,0
NC|318|Acer saccharum,NC,318,Acer saccharum,late,69_-160,62,0
NC|318|Acer saccharum,NC,318,Acer saccharum,late,69_-161,188,0
NC|318|Acer saccharum,NC,318,Acer saccharum,late,69_-162,85,0
NC|318|Acer saccharum,NC,318,Acer saccharum,late,69_-167,1,0
NC|318|Acer saccharum,NC,318,Acer saccharum,late,69_-168,4,0
NC|318|Acer saccharum,NC,318,Acer saccharum,late,69_-169,2,0
NC|318|Acer saccharum,NC,318,Acer saccharum,late,70_-151,10,0
NC|318|Acer saccharum,NC,318,Acer saccharum,late,70_-152,88,0
NC|318|Acer saccharum,NC,318,Acer saccharum,late,70_-153,8,0
NC|318|Acer saccharum,NC,318,Acer saccharum,late,70_-154,32,0
NC|318|Acer saccharum,NC,318,Acer saccharum,late,70_-155,59,0
NC|318|Acer saccharum,NC,318,Acer saccharum,late,70_-156,54,0
NC|318|Acer saccharum,NC,318,Acer saccharum,late,70_-157,22,0
NC|318|Acer saccharum,NC,318,Acer saccharum,late,70_-158,244,0
NC|318|Acer saccharum,NC,318,Acer saccharum,late,70_-159,307,0
NC|318|Acer saccharum,NC,318,Acer saccharum,late,70_-160,108,0
NC|318|Acer saccharum,NC,318,Acer saccharum,late,70_-161,287,0
NC|318|Acer saccharum,NC,318,Acer saccharum,late,70_-162,1286,4
NC|318|Acer saccharum,NC,318,Acer saccharum,late,70_-163,382,1
NC|318|Acer saccharum,NC,318,Acer saccharum,late,70_-164,101,0
NC|318|Acer saccharum,NC,318,Acer saccharum,late,70_-165,586,4
NC|318|Acer saccharum,NC,318,Acer saccharum,late,70_-166,1560,8
NC|318|Acer saccharum,NC,318,Acer saccharum,late,70_-167,1231,12
NC|318|Acer saccharum,NC,318,Acer saccharum,late,70_-168,684,12
NC|318|Acer saccharum,NC,318,Acer saccharum,late,70_-169,68,1
NC|318|Acer saccharum,NC,318,Acer saccharum,late,71_-151,20,0
NC|318|Acer saccharum,NC,318,Acer saccharum,late,71_-152,119,0
NC|318|Acer saccharum,NC,318,Acer saccharum,late,71_-153,23,0
NC|318|Acer saccharum,NC,318,Acer saccharum,late,71_-154,46,0
NC|318|Acer saccharum,NC,318,Acer saccharum,late,71_-155,131,0
NC|318|Acer saccharum,NC,318,Acer saccharum,late,71_-156,62,0
NC|318|Acer saccharum,NC,318,Acer saccharum,late,71_-157,563,1
NC|318|Acer saccharum,NC,318,Acer saccharum,late,71_-158,5141,7
NC|318|Acer saccharum,NC,318,Acer saccharum,late,71_-159,3247,9
NC|318|Acer saccharum,NC,318,Acer saccharum,late,71_-160,228,0
NC|318|Acer saccharum,NC,318,Acer saccharum,late,71_-161,299,0
NC|318|Acer saccharum,NC,318,Acer saccharum,late,71_-162,370,2
NC|318|Acer saccharum,NC,318,Acer saccharum,late,71_-163,844,7
NC|318|Acer saccharum,NC,318,Acer saccharum,late,71_-164,573,3
NC|318|Acer saccharum,NC,318,Acer saccharum,late,71_-165,1518,13
NC|318|Acer saccharum,NC,318,Acer saccharum,late,71_-166,1830,26
NC|318|Acer saccharum,NC,318,Acer saccharum,late,71_-167,520,10
NC|318|Acer saccharum,NC,318,Acer saccharum,late,71_-168,18,0
NC|318|Acer saccharum,NC,318,Acer saccharum,late,72_-152,405,0
NC|318|Acer saccharum,NC,318,Acer saccharum,late,72_-153,42,0
NC|318|Acer saccharum,NC,318,Acer saccharum,late,72_-154,43,0
NC|318|Acer saccharum,NC,318,Acer saccharum,late,72_-155,22,0
NC|318|Acer saccharum,NC,318,Acer saccharum,late,72_-156,61,0
NC|318|Acer saccharum,NC,318,Acer saccharum,late,72_-157,110,1
NC|318|Acer saccharum,NC,318,Acer saccharum,late,72_-158,1421,1
NC|318|Acer saccharum,NC,318,Acer saccharum,late,72_-159,1353,0
NC|318|Acer saccharum,NC,318,Acer saccharum,late,72_-160,1118,5
NC|318|Acer saccharum,NC,318,Acer saccharum,late,72_-161,788,5
NC|318|Acer saccharum,NC,318,Acer saccharum,late,72_-162,165,0
NC|318|Acer saccharum,NC,318,Acer saccharum,late,72_-163,489,1
NC|318|Acer saccharum,NC,318,Acer saccharum,late,72_-164,1835,58
NC|318|Acer saccharum,NC,318,Acer saccharum,late,72_-165,73,2
NC|318|Acer saccharum,NC,318,Acer saccharum,late,72_-166,12,1
NC|318|Acer saccharum,NC,318,Acer saccharum,late,73_-152,6,0
NC|318|Acer saccharum,NC,318,Acer saccharum,late,73_-153,15,0
NC|318|Acer saccharum,NC,318,Acer saccharum,late,73_-154,3,0
NC|318|Acer saccharum,NC,318,Acer saccharum,late,73_-155,2,0
NC|318|Acer saccharum,NC,318,Acer saccharum,late,73_-156,8,0
NC|318|Acer saccharum,NC,318,Acer saccharum,late,73_-157,3,0
NC|318|Acer saccharum,NC,318,Acer saccharum,late,73_-158,1,0
NC|318|Acer saccharum,NC,318,Acer saccharum,late,73_-159,5,0
NC|318|Acer saccharum,NC,318,Acer saccharum,late,73_-160,12,0
NC|318|Acer saccharum,NC,318,Acer saccharum,late,73_-161,2,0
NC|318|Acer saccharum,NC,318,Acer saccharum,late,73_-162,23,0
NC|318|Acer saccharum,NC,318,Acer saccharum,late,73_-163,21,0
NC|318|Acer saccharum,NC,318,Acer saccharum,late,73_-164,22,1
NC|403|Carya glabra,NC,403,Carya glabra,early,67_-156,3,0
NC|403|Carya glabra,NC,403,Carya glabra,early,67_-157,2,0
NC|403|Carya glabra,NC,403,Carya glabra,early,68_-156,22,2
NC|403|Carya glabra,NC,403,Carya glabra,early,68_-157,3,0
NC|403|Carya glabra,NC,403,Carya glabra,early,68_-159,9,0
NC|403|Carya glabra,NC,403,Carya glabra,early,69_-154,10,0
NC|403|Carya glabra,NC,403,Carya glabra,early,69_-155,2,0
NC|403|Carya glabra,NC,403,Carya glabra,early,69_-156,2,0
NC|403|Carya glabra,NC,403,Carya glabra,early,69_-158,4,0
NC|403|Carya glabra,NC,403,Carya glabra,early,69_-159,3,0
NC|403|Carya glabra,NC,403,Carya glabra,early,69_-162,6,0
NC|403|Carya glabra,NC,403,Carya glabra,early,70_-151,2,0
NC|403|Carya glabra,NC,403,Carya glabra,early,70_-152,6,0
NC|403|Carya glabra,NC,403,Carya glabra,early,70_-153,1,0
NC|403|Carya glabra,NC,403,Carya glabra,early,70_-154,7,0
NC|403|Carya glabra,NC,403,Carya glabra,early,70_-155,3,0
NC|403|Carya glabra,NC,403,Carya glabra,early,70_-157,1,0
NC|403|Carya glabra,NC,403,Carya glabra,early,70_-158,85,1
NC|403|Carya glabra,NC,403,Carya glabra,early,70_-159,26,0
NC|403|Carya glabra,NC,403,Carya glabra,early,70_-160,9,0
NC|403|Carya glabra,NC,403,Carya glabra,early,70_-161,47,1
NC|403|Carya glabra,NC,403,Carya glabra,early,70_-162,139,0
NC|403|Carya glabra,NC,403,Carya glabra,early,70_-163,24,0
NC|403|Carya glabra,NC,403,Carya glabra,early,70_-164,22,0
NC|403|Carya glabra,NC,403,Carya glabra,early,70_-165,32,0
NC|403|Carya glabra,NC,403,Carya glabra,early,70_-166,174,0
NC|403|Carya glabra,NC,403,Carya glabra,early,70_-167,109,0
NC|403|Carya glabra,NC,403,Carya glabra,early,70_-168,56,0
NC|403|Carya glabra,NC,403,Carya glabra,early,70_-169,11,0
NC|403|Carya glabra,NC,403,Carya glabra,early,71_-152,13,0
NC|403|Carya glabra,NC,403,Carya glabra,early,71_-153,7,0
NC|403|Carya glabra,NC,403,Carya glabra,early,71_-154,19,1
NC|403|Carya glabra,NC,403,Carya glabra,early,71_-155,2,0
NC|403|Carya glabra,NC,403,Carya glabra,early,71_-156,2,0
NC|403|Carya glabra,NC,403,Carya glabra,early,71_-157,53,0
NC|403|Carya glabra,NC,403,Carya glabra,early,71_-158,779,9
NC|403|Carya glabra,NC,403,Carya glabra,early,71_-159,545,13
NC|403|Carya glabra,NC,403,Carya glabra,early,71_-160,27,1
NC|403|Carya glabra,NC,403,Carya glabra,early,71_-161,10,0
NC|403|Carya glabra,NC,403,Carya glabra,early,71_-162,35,1
NC|403|Carya glabra,NC,403,Carya glabra,early,71_-163,54,0
NC|403|Carya glabra,NC,403,Carya glabra,early,71_-164,40,0
NC|403|Carya glabra,NC,403,Carya glabra,early,71_-165,213,1
NC|403|Carya glabra,NC,403,Carya glabra,early,71_-166,156,0
NC|403|Carya glabra,NC,403,Carya glabra,early,71_-167,102,0
NC|403|Carya glabra,NC,403,Carya glabra,early,71_-168,1,0
NC|403|Carya glabra,NC,403,Carya glabra,early,72_-152,15,0
NC|403|Carya glabra,NC,403,Carya glabra,early,72_-153,26,0
NC|403|Carya glabra,NC,403,Carya glabra,early,72_-154,7,0
NC|403|Carya glabra,NC,403,Carya glabra,early,72_-155,2,0
NC|403|Carya glabra,NC,403,Carya glabra,early,72_-157,16,0
NC|403|Carya glabra,NC,403,Carya glabra,early,72_-158,195,2
NC|403|Carya glabra,NC,403,Carya glabra,early,72_-159,156,4
NC|403|Carya glabra,NC,403,Carya glabra,early,72_-160,59,4
NC|403|Carya glabra,NC,403,Carya glabra,early,72_-161,41,0
NC|403|Carya glabra,NC,403,Carya glabra,early,72_-162,15,0
NC|403|Carya glabra,NC,403,Carya glabra,early,72_-163,18,0
NC|403|Carya glabra,NC,403,Carya glabra,early,72_-164,77,0
NC|403|Carya glabra,NC,403,Carya glabra,early,72_-165,14,0
NC|403|Carya glabra,NC,403,Carya glabra,early,73_-152,5,0
NC|403|Carya glabra,NC,403,Carya glabra,early,73_-153,3,0
NC|403|Carya glabra,NC,403,Carya glabra,early,73_-157,3,0
NC|403|Carya glabra,NC,403,Carya glabra,early,73_-164,1,0
NC|403|Carya glabra,NC,403,Carya glabra,late,67_-156,35,0
NC|403|Carya glabra,NC,403,Carya glabra,late,67_-157,55,3
NC|403|Carya glabra,NC,403,Carya glabra,late,67_-158,9,0
NC|403|Carya glabra,NC,403,Carya glabra,late,68_-155,2,0
NC|403|Carya glabra,NC,403,Carya glabra,late,68_-156,424,1
NC|403|Carya glabra,NC,403,Carya glabra,late,68_-157,50,0
NC|403|Carya glabra,NC,403,Carya glabra,late,68_-158,26,0
NC|403|Carya glabra,NC,403,Carya glabra,late,68_-159,5,0
NC|403|Carya glabra,NC,403,Carya glabra,late,69_-153,2,0
NC|403|Carya glabra,NC,403,Carya glabra,late,69_-154,178,3
NC|403|Carya glabra,NC,403,Carya glabra,late,69_-155,107,3
NC|403|Carya glabra,NC,403,Carya glabra,late,69_-156,21,0
NC|403|Carya glabra,NC,403,Carya glabra,late,69_-157,13,0
NC|403|Carya glabra,NC,403,Carya glabra,late,69_-158,35,0
NC|403|Carya glabra,NC,403,Carya glabra,late,69_-159,80,0
NC|403|Carya glabra,NC,403,Carya glabra,late,69_-160,62,0
NC|403|Carya glabra,NC,403,Carya glabra,late,69_-161,188,3
NC|403|Carya glabra,NC,403,Carya glabra,late,69_-162,85,1
NC|403|Carya glabra,NC,403,Carya glabra,late,69_-167,1,0
NC|403|Carya glabra,NC,403,Carya glabra,late,69_-168,4,0
NC|403|Carya glabra,NC,403,Carya glabra,late,69_-169,2,0
NC|403|Carya glabra,NC,403,Carya glabra,late,70_-151,10,0
NC|403|Carya glabra,NC,403,Carya glabra,late,70_-152,88,0
NC|403|Carya glabra,NC,403,Carya glabra,late,70_-153,8,0
NC|403|Carya glabra,NC,403,Carya glabra,late,70_-154,32,1
NC|403|Carya glabra,NC,403,Carya glabra,late,70_-155,59,0
NC|403|Carya glabra,NC,403,Carya glabra,late,70_-156,54,0
NC|403|Carya glabra,NC,403,Carya glabra,late,70_-157,22,0
NC|403|Carya glabra,NC,403,Carya glabra,late,70_-158,244,1
NC|403|Carya glabra,NC,403,Carya glabra,late,70_-159,307,0
NC|403|Carya glabra,NC,403,Carya glabra,late,70_-160,108,3
NC|403|Carya glabra,NC,403,Carya glabra,late,70_-161,287,2
NC|403|Carya glabra,NC,403,Carya glabra,late,70_-162,1286,12
NC|403|Carya glabra,NC,403,Carya glabra,late,70_-163,382,0
NC|403|Carya glabra,NC,403,Carya glabra,late,70_-164,101,0
NC|403|Carya glabra,NC,403,Carya glabra,late,70_-165,586,4
NC|403|Carya glabra,NC,403,Carya glabra,late,70_-166,1560,1
NC|403|Carya glabra,NC,403,Carya glabra,late,70_-167,1231,2
NC|403|Carya glabra,NC,403,Carya glabra,late,70_-168,684,2
NC|403|Carya glabra,NC,403,Carya glabra,late,70_-169,68,0
NC|403|Carya glabra,NC,403,Carya glabra,late,71_-151,20,0
NC|403|Carya glabra,NC,403,Carya glabra,late,71_-152,119,6
NC|403|Carya glabra,NC,403,Carya glabra,late,71_-153,23,0
NC|403|Carya glabra,NC,403,Carya glabra,late,71_-154,46,1
NC|403|Carya glabra,NC,403,Carya glabra,late,71_-155,131,0
NC|403|Carya glabra,NC,403,Carya glabra,late,71_-156,62,0
NC|403|Carya glabra,NC,403,Carya glabra,late,71_-157,563,2
NC|403|Carya glabra,NC,403,Carya glabra,late,71_-158,5141,34
NC|403|Carya glabra,NC,403,Carya glabra,late,71_-159,3247,58
NC|403|Carya glabra,NC,403,Carya glabra,late,71_-160,228,2
NC|403|Carya glabra,NC,403,Carya glabra,late,71_-161,299,1
NC|403|Carya glabra,NC,403,Carya glabra,late,71_-162,370,2
NC|403|Carya glabra,NC,403,Carya glabra,late,71_-163,844,3
NC|403|Carya glabra,NC,403,Carya glabra,late,71_-164,573,1
NC|403|Carya glabra,NC,403,Carya glabra,late,71_-165,1518,4
NC|403|Carya glabra,NC,403,Carya glabra,late,71_-166,1830,3
NC|403|Carya glabra,NC,403,Carya glabra,late,71_-167,520,1
NC|403|Carya glabra,NC,403,Carya glabra,late,71_-168,18,0
NC|403|Carya glabra,NC,403,Carya glabra,late,72_-152,405,13
NC|403|Carya glabra,NC,403,Carya glabra,late,72_-153,42,0
NC|403|Carya glabra,NC,403,Carya glabra,late,72_-154,43,0
NC|403|Carya glabra,NC,403,Carya glabra,late,72_-155,22,0
NC|403|Carya glabra,NC,403,Carya glabra,late,72_-156,61,0
NC|403|Carya glabra,NC,403,Carya glabra,late,72_-157,110,2
NC|403|Carya glabra,NC,403,Carya glabra,late,72_-158,1421,15
NC|403|Carya glabra,NC,403,Carya glabra,late,72_-159,1353,20
NC|403|Carya glabra,NC,403,Carya glabra,late,72_-160,1118,8
NC|403|Carya glabra,NC,403,Carya glabra,late,72_-161,788,3
NC|403|Carya glabra,NC,403,Carya glabra,late,72_-162,165,0
NC|403|Carya glabra,NC,403,Carya glabra,late,72_-163,489,5
NC|403|Carya glabra,NC,403,Carya glabra,late,72_-164,1835,7
NC|403|Carya glabra,NC,403,Carya glabra,late,72_-165,73,0
NC|403|Carya glabra,NC,403,Carya glabra,late,72_-166,12,0
NC|403|Carya glabra,NC,403,Carya glabra,late,73_-152,6,0
NC|403|Carya glabra,NC,403,Carya glabra,late,73_-153,15,0
NC|403|Carya glabra,NC,403,Carya glabra,late,73_-154,3,0
NC|403|Carya glabra,NC,403,Carya glabra,late,73_-155,2,0
NC|403|Carya glabra,NC,403,Carya glabra,late,73_-156,8,0
NC|403|Carya glabra,NC,403,Carya glabra,late,73_-157,3,0
NC|403|Carya glabra,NC,403,Carya glabra,late,73_-158,1,0
NC|403|Carya glabra,NC,403,Carya glabra,late,73_-159,5,0
NC|403|Carya glabra,NC,403,Carya glabra,late,73_-160,12,0
NC|403|Carya glabra,NC,403,Carya glabra,late,73_-161,2,0
NC|403|Carya glabra,NC,403,Carya glabra,late,73_-162,23,0
NC|403|Carya glabra,NC,403,Carya glabra,late,73_-163,21,0
NC|403|Carya glabra,NC,403,Carya glabra,late,73_-164,22,0
NC|407|Carya ovata,NC,407,Carya ovata,early,67_-156,3,0
NC|407|Carya ovata,NC,407,Carya ovata,early,67_-157,2,0
NC|407|Carya ovata,NC,407,Carya ovata,early,68_-156,22,0
NC|407|Carya ovata,NC,407,Carya ovata,early,68_-157,3,0
NC|407|Carya ovata,NC,407,Carya ovata,early,68_-159,9,0
NC|407|Carya ovata,NC,407,Carya ovata,early,69_-154,10,0
NC|407|Carya ovata,NC,407,Carya ovata,early,69_-155,2,0
NC|407|Carya ovata,NC,407,Carya ovata,early,69_-156,2,0
NC|407|Carya ovata,NC,407,Carya ovata,early,69_-158,4,0
NC|407|Carya ovata,NC,407,Carya ovata,early,69_-159,3,0
NC|407|Carya ovata,NC,407,Carya ovata,early,69_-162,6,0
NC|407|Carya ovata,NC,407,Carya ovata,early,70_-151,2,0
NC|407|Carya ovata,NC,407,Carya ovata,early,70_-152,6,0
NC|407|Carya ovata,NC,407,Carya ovata,early,70_-153,1,0
NC|407|Carya ovata,NC,407,Carya ovata,early,70_-154,7,0
NC|407|Carya ovata,NC,407,Carya ovata,early,70_-155,3,0
NC|407|Carya ovata,NC,407,Carya ovata,early,70_-157,1,0
NC|407|Carya ovata,NC,407,Carya ovata,early,70_-158,85,0
NC|407|Carya ovata,NC,407,Carya ovata,early,70_-159,26,0
NC|407|Carya ovata,NC,407,Carya ovata,early,70_-160,9,0
NC|407|Carya ovata,NC,407,Carya ovata,early,70_-161,47,0
NC|407|Carya ovata,NC,407,Carya ovata,early,70_-162,139,8
NC|407|Carya ovata,NC,407,Carya ovata,early,70_-163,24,1
NC|407|Carya ovata,NC,407,Carya ovata,early,70_-164,22,0
NC|407|Carya ovata,NC,407,Carya ovata,early,70_-165,32,2
NC|407|Carya ovata,NC,407,Carya ovata,early,70_-166,174,0
NC|407|Carya ovata,NC,407,Carya ovata,early,70_-167,109,0
NC|407|Carya ovata,NC,407,Carya ovata,early,70_-168,56,1
NC|407|Carya ovata,NC,407,Carya ovata,early,70_-169,11,0
NC|407|Carya ovata,NC,407,Carya ovata,early,71_-152,13,0
NC|407|Carya ovata,NC,407,Carya ovata,early,71_-153,7,0
NC|407|Carya ovata,NC,407,Carya ovata,early,71_-154,19,0
NC|407|Carya ovata,NC,407,Carya ovata,early,71_-155,2,0
NC|407|Carya ovata,NC,407,Carya ovata,early,71_-156,2,0
NC|407|Carya ovata,NC,407,Carya ovata,early,71_-157,53,0
NC|407|Carya ovata,NC,407,Carya ovata,early,71_-158,779,3
NC|407|Carya ovata,NC,407,Carya ovata,early,71_-159,545,9
NC|407|Carya ovata,NC,407,Carya ovata,early,71_-160,27,0
NC|407|Carya ovata,NC,407,Carya ovata,early,71_-161,10,0
NC|407|Carya ovata,NC,407,Carya ovata,early,71_-162,35,0
NC|407|Carya ovata,NC,407,Carya ovata,early,71_-163,54,0
NC|407|Carya ovata,NC,407,Carya ovata,early,71_-164,40,0
NC|407|Carya ovata,NC,407,Carya ovata,early,71_-165,213,1
NC|407|Carya ovata,NC,407,Carya ovata,early,71_-166,156,2
NC|407|Carya ovata,NC,407,Carya ovata,early,71_-167,102,0
NC|407|Carya ovata,NC,407,Carya ovata,early,71_-168,1,0
NC|407|Carya ovata,NC,407,Carya ovata,early,72_-152,15,0
NC|407|Carya ovata,NC,407,Carya ovata,early,72_-153,26,0
NC|407|Carya ovata,NC,407,Carya ovata,early,72_-154,7,0
NC|407|Carya ovata,NC,407,Carya ovata,early,72_-155,2,0
NC|407|Carya ovata,NC,407,Carya ovata,early,72_-157,16,0
NC|407|Carya ovata,NC,407,Carya ovata,early,72_-158,195,5
NC|407|Carya ovata,NC,407,Carya ovata,early,72_-159,156,6
NC|407|Carya ovata,NC,407,Carya ovata,early,72_-160,59,5
NC|407|Carya ovata,NC,407,Carya ovata,early,72_-161,41,0
NC|407|Carya ovata,NC,407,Carya ovata,early,72_-162,15,0
NC|407|Carya ovata,NC,407,Carya ovata,early,72_-163,18,0
NC|407|Carya ovata,NC,407,Carya ovata,early,72_-164,77,1
NC|407|Carya ovata,NC,407,Carya ovata,early,72_-165,14,0
NC|407|Carya ovata,NC,407,Carya ovata,early,73_-152,5,0
NC|407|Carya ovata,NC,407,Carya ovata,early,73_-153,3,0
NC|407|Carya ovata,NC,407,Carya ovata,early,73_-157,3,0
NC|407|Carya ovata,NC,407,Carya ovata,early,73_-164,1,0
NC|407|Carya ovata,NC,407,Carya ovata,late,67_-156,35,0
NC|407|Carya ovata,NC,407,Carya ovata,late,67_-157,55,0
NC|407|Carya ovata,NC,407,Carya ovata,late,67_-158,9,0
NC|407|Carya ovata,NC,407,Carya ovata,late,68_-155,2,0
NC|407|Carya ovata,NC,407,Carya ovata,late,68_-156,424,0
NC|407|Carya ovata,NC,407,Carya ovata,late,68_-157,50,0
NC|407|Carya ovata,NC,407,Carya ovata,late,68_-158,26,0
NC|407|Carya ovata,NC,407,Carya ovata,late,68_-159,5,0
NC|407|Carya ovata,NC,407,Carya ovata,late,69_-153,2,0
NC|407|Carya ovata,NC,407,Carya ovata,late,69_-154,178,0
NC|407|Carya ovata,NC,407,Carya ovata,late,69_-155,107,0
NC|407|Carya ovata,NC,407,Carya ovata,late,69_-156,21,0
NC|407|Carya ovata,NC,407,Carya ovata,late,69_-157,13,0
NC|407|Carya ovata,NC,407,Carya ovata,late,69_-158,35,0
NC|407|Carya ovata,NC,407,Carya ovata,late,69_-159,80,0
NC|407|Carya ovata,NC,407,Carya ovata,late,69_-160,62,0
NC|407|Carya ovata,NC,407,Carya ovata,late,69_-161,188,4
NC|407|Carya ovata,NC,407,Carya ovata,late,69_-162,85,0
NC|407|Carya ovata,NC,407,Carya ovata,late,69_-167,1,0
NC|407|Carya ovata,NC,407,Carya ovata,late,69_-168,4,0
NC|407|Carya ovata,NC,407,Carya ovata,late,69_-169,2,0
NC|407|Carya ovata,NC,407,Carya ovata,late,70_-151,10,0
NC|407|Carya ovata,NC,407,Carya ovata,late,70_-152,88,0
NC|407|Carya ovata,NC,407,Carya ovata,late,70_-153,8,0
NC|407|Carya ovata,NC,407,Carya ovata,late,70_-154,32,0
NC|407|Carya ovata,NC,407,Carya ovata,late,70_-155,59,0
NC|407|Carya ovata,NC,407,Carya ovata,late,70_-156,54,0
NC|407|Carya ovata,NC,407,Carya ovata,late,70_-157,22,0
NC|407|Carya ovata,NC,407,Carya ovata,late,70_-158,244,0
NC|407|Carya ovata,NC,407,Carya ovata,late,70_-159,307,0
NC|407|Carya ovata,NC,407,Carya ovata,late,70_-160,108,0
NC|407|Carya ovata,NC,407,Carya ovata,late,70_-161,287,4
NC|407|Carya ovata,NC,407,Carya ovata,late,70_-162,1286,8
NC|407|Carya ovata,NC,407,Carya ovata,late,70_-163,382,0
NC|407|Carya ovata,NC,407,Carya ovata,late,70_-164,101,0
NC|407|Carya ovata,NC,407,Carya ovata,late,70_-165,586,0
NC|407|Carya ovata,NC,407,Carya ovata,late,70_-166,1560,0
NC|407|Carya ovata,NC,407,Carya ovata,late,70_-167,1231,1
NC|407|Carya ovata,NC,407,Carya ovata,late,70_-168,684,3
NC|407|Carya ovata,NC,407,Carya ovata,late,70_-169,68,0
NC|407|Carya ovata,NC,407,Carya ovata,late,71_-151,20,0
NC|407|Carya ovata,NC,407,Carya ovata,late,71_-152,119,0
NC|407|Carya ovata,NC,407,Carya ovata,late,71_-153,23,0
NC|407|Carya ovata,NC,407,Carya ovata,late,71_-154,46,0
NC|407|Carya ovata,NC,407,Carya ovata,late,71_-155,131,0
NC|407|Carya ovata,NC,407,Carya ovata,late,71_-156,62,0
NC|407|Carya ovata,NC,407,Carya ovata,late,71_-157,563,1
NC|407|Carya ovata,NC,407,Carya ovata,late,71_-158,5141,15
NC|407|Carya ovata,NC,407,Carya ovata,late,71_-159,3247,34
NC|407|Carya ovata,NC,407,Carya ovata,late,71_-160,228,0
NC|407|Carya ovata,NC,407,Carya ovata,late,71_-161,299,4
NC|407|Carya ovata,NC,407,Carya ovata,late,71_-162,370,0
NC|407|Carya ovata,NC,407,Carya ovata,late,71_-163,844,0
NC|407|Carya ovata,NC,407,Carya ovata,late,71_-164,573,0
NC|407|Carya ovata,NC,407,Carya ovata,late,71_-165,1518,0
NC|407|Carya ovata,NC,407,Carya ovata,late,71_-166,1830,4
NC|407|Carya ovata,NC,407,Carya ovata,late,71_-167,520,1
NC|407|Carya ovata,NC,407,Carya ovata,late,71_-168,18,0
NC|407|Carya ovata,NC,407,Carya ovata,late,72_-152,405,0
NC|407|Carya ovata,NC,407,Carya ovata,late,72_-153,42,0
NC|407|Carya ovata,NC,407,Carya ovata,late,72_-154,43,0
NC|407|Carya ovata,NC,407,Carya ovata,late,72_-155,22,0
NC|407|Carya ovata,NC,407,Carya ovata,late,72_-156,61,0
NC|407|Carya ovata,NC,407,Carya ovata,late,72_-157,110,0
NC|407|Carya ovata,NC,407,Carya ovata,late,72_-158,1421,17
NC|407|Carya ovata,NC,407,Carya ovata,late,72_-159,1353,15
NC|407|Carya ovata,NC,407,Carya ovata,late,72_-160,1118,7
NC|407|Carya ovata,NC,407,Carya ovata,late,72_-161,788,0
NC|407|Carya ovata,NC,407,Carya ovata,late,72_-162,165,0
NC|407|Carya ovata,NC,407,Carya ovata,late,72_-163,489,3
NC|407|Carya ovata,NC,407,Carya ovata,late,72_-164,1835,8
NC|407|Carya ovata,NC,407,Carya ovata,late,72_-165,73,0
NC|407|Carya ovata,NC,407,Carya ovata,late,72_-166,12,0
NC|407|Carya ovata,NC,407,Carya ovata,late,73_-152,6,0
NC|407|Carya ovata,NC,407,Carya ovata,late,73_-153,15,0
NC|407|Carya ovata,NC,407,Carya ovata,late,73_-154,3,0
NC|407|Carya ovata,NC,407,Carya ovata,late,73_-155,2,0
NC|407|Carya ovata,NC,407,Carya ovata,late,73_-156,8,0
NC|407|Carya ovata,NC,407,Carya ovata,late,73_-157,3,0
NC|407|Carya ovata,NC,407,Carya ovata,late,73_-158,1,0
NC|407|Carya ovata,NC,407,Carya ovata,late,73_-159,5,0
NC|407|Carya ovata,NC,407,Carya ovata,late,73_-160,12,0
NC|407|Carya ovata,NC,407,Carya ovata,late,73_-161,2,0
NC|407|Carya ovata,NC,407,Carya ovata,late,73_-162,23,0
NC|407|Carya ovata,NC,407,Carya ovata,late,73_-163,21,0
NC|407|Carya ovata,NC,407,Carya ovata,late,73_-164,22,1
NC|531|Fagus grandifolia,NC,531,Fagus grandifolia,early,67_-156,3,0
NC|531|Fagus grandifolia,NC,531,Fagus grandifolia,early,67_-157,2,0
NC|531|Fagus grandifolia,NC,531,Fagus grandifolia,early,68_-156,22,0
NC|531|Fagus grandifolia,NC,531,Fagus grandifolia,early,68_-157,3,0
NC|531|Fagus grandifolia,NC,531,Fagus grandifolia,early,68_-159,9,0
NC|531|Fagus grandifolia,NC,531,Fagus grandifolia,early,69_-154,10,0
NC|531|Fagus grandifolia,NC,531,Fagus grandifolia,early,69_-155,2,0
NC|531|Fagus grandifolia,NC,531,Fagus grandifolia,early,69_-156,2,0
NC|531|Fagus grandifolia,NC,531,Fagus grandifolia,early,69_-158,4,0
NC|531|Fagus grandifolia,NC,531,Fagus grandifolia,early,69_-159,3,0
NC|531|Fagus grandifolia,NC,531,Fagus grandifolia,early,69_-162,6,2
NC|531|Fagus grandifolia,NC,531,Fagus grandifolia,early,70_-151,2,0
NC|531|Fagus grandifolia,NC,531,Fagus grandifolia,early,70_-152,6,0
NC|531|Fagus grandifolia,NC,531,Fagus grandifolia,early,70_-153,1,0
NC|531|Fagus grandifolia,NC,531,Fagus grandifolia,early,70_-154,7,2
NC|531|Fagus grandifolia,NC,531,Fagus grandifolia,early,70_-155,3,0
NC|531|Fagus grandifolia,NC,531,Fagus grandifolia,early,70_-157,1,0
NC|531|Fagus grandifolia,NC,531,Fagus grandifolia,early,70_-158,85,9
NC|531|Fagus grandifolia,NC,531,Fagus grandifolia,early,70_-159,26,0
NC|531|Fagus grandifolia,NC,531,Fagus grandifolia,early,70_-160,9,0
NC|531|Fagus grandifolia,NC,531,Fagus grandifolia,early,70_-161,47,3
NC|531|Fagus grandifolia,NC,531,Fagus grandifolia,early,70_-162,139,7
NC|531|Fagus grandifolia,NC,531,Fagus grandifolia,early,70_-163,24,2
NC|531|Fagus grandifolia,NC,531,Fagus grandifolia,early,70_-164,22,1
NC|531|Fagus grandifolia,NC,531,Fagus grandifolia,early,70_-165,32,1
NC|531|Fagus grandifolia,NC,531,Fagus grandifolia,early,70_-166,174,6
NC|531|Fagus grandifolia,NC,531,Fagus grandifolia,early,70_-167,109,3
NC|531|Fagus grandifolia,NC,531,Fagus grandifolia,early,70_-168,56,1
NC|531|Fagus grandifolia,NC,531,Fagus grandifolia,early,70_-169,11,1
NC|531|Fagus grandifolia,NC,531,Fagus grandifolia,early,71_-152,13,0
NC|531|Fagus grandifolia,NC,531,Fagus grandifolia,early,71_-153,7,1
NC|531|Fagus grandifolia,NC,531,Fagus grandifolia,early,71_-154,19,4
NC|531|Fagus grandifolia,NC,531,Fagus grandifolia,early,71_-155,2,0
NC|531|Fagus grandifolia,NC,531,Fagus grandifolia,early,71_-156,2,0
NC|531|Fagus grandifolia,NC,531,Fagus grandifolia,early,71_-157,53,2
NC|531|Fagus grandifolia,NC,531,Fagus grandifolia,early,71_-158,779,85
NC|531|Fagus grandifolia,NC,531,Fagus grandifolia,early,71_-159,545,54
NC|531|Fagus grandifolia,NC,531,Fagus grandifolia,early,71_-160,27,0
NC|531|Fagus grandifolia,NC,531,Fagus grandifolia,early,71_-161,10,1
NC|531|Fagus grandifolia,NC,531,Fagus grandifolia,early,71_-162,35,5
NC|531|Fagus grandifolia,NC,531,Fagus grandifolia,early,71_-163,54,6
NC|531|Fagus grandifolia,NC,531,Fagus grandifolia,early,71_-164,40,0
NC|531|Fagus grandifolia,NC,531,Fagus grandifolia,early,71_-165,213,9
NC|531|Fagus grandifolia,NC,531,Fagus grandifolia,early,71_-166,156,6
NC|531|Fagus grandifolia,NC,531,Fagus grandifolia,early,71_-167,102,9
NC|531|Fagus grandifolia,NC,531,Fagus grandifolia,early,71_-168,1,0
NC|531|Fagus grandifolia,NC,531,Fagus grandifolia,early,72_-152,15,1
NC|531|Fagus grandifolia,NC,531,Fagus grandifolia,early,72_-153,26,1
NC|531|Fagus grandifolia,NC,531,Fagus grandifolia,early,72_-154,7,1
NC|531|Fagus grandifolia,NC,531,Fagus grandifolia,early,72_-155,2,0
NC|531|Fagus grandifolia,NC,531,Fagus grandifolia,early,72_-157,16,1
NC|531|Fagus grandifolia,NC,531,Fagus grandifolia,early,72_-158,195,15
NC|531|Fagus grandifolia,NC,531,Fagus grandifolia,early,72_-159,156,12
NC|531|Fagus grandifolia,NC,531,Fagus grandifolia,early,72_-160,59,9
NC|531|Fagus grandifolia,NC,531,Fagus grandifolia,early,72_-161,41,4
NC|531|Fagus grandifolia,NC,531,Fagus grandifolia,early,72_-162,15,0
NC|531|Fagus grandifolia,NC,531,Fagus grandifolia,early,72_-163,18,0
NC|531|Fagus grandifolia,NC,531,Fagus grandifolia,early,72_-164,77,3
NC|531|Fagus grandifolia,NC,531,Fagus grandifolia,early,72_-165,14,3
NC|531|Fagus grandifolia,NC,531,Fagus grandifolia,early,73_-152,5,0
NC|531|Fagus grandifolia,NC,531,Fagus grandifolia,early,73_-153,3,0
NC|531|Fagus grandifolia,NC,531,Fagus grandifolia,early,73_-157,3,0
NC|531|Fagus grandifolia,NC,531,Fagus grandifolia,early,73_-164,1,0
NC|531|Fagus grandifolia,NC,531,Fagus grandifolia,late,67_-156,35,0
NC|531|Fagus grandifolia,NC,531,Fagus grandifolia,late,67_-157,55,0
NC|531|Fagus grandifolia,NC,531,Fagus grandifolia,late,67_-158,9,0
NC|531|Fagus grandifolia,NC,531,Fagus grandifolia,late,68_-155,2,0
NC|531|Fagus grandifolia,NC,531,Fagus grandifolia,late,68_-156,424,5
NC|531|Fagus grandifolia,NC,531,Fagus grandifolia,late,68_-157,50,2
NC|531|Fagus grandifolia,NC,531,Fagus grandifolia,late,68_-158,26,0
NC|531|Fagus grandifolia,NC,531,Fagus grandifolia,late,68_-159,5,0
NC|531|Fagus grandifolia,NC,531,Fagus grandifolia,late,69_-153,2,0
NC|531|Fagus grandifolia,NC,531,Fagus grandifolia,late,69_-154,178,7
NC|531|Fagus grandifolia,NC,531,Fagus grandifolia,late,69_-155,107,3
NC|531|Fagus grandifolia,NC,531,Fagus grandifolia,late,69_-156,21,1
NC|531|Fagus grandifolia,NC,531,Fagus grandifolia,late,69_-157,13,0
NC|531|Fagus grandifolia,NC,531,Fagus grandifolia,late,69_-158,35,1
NC|531|Fagus grandifolia,NC,531,Fagus grandifolia,late,69_-159,80,6
NC|531|Fagus grandifolia,NC,531,Fagus grandifolia,late,69_-160,62,4
NC|531|Fagus grandifolia,NC,531,Fagus grandifolia,late,69_-161,188,4
NC|531|Fagus grandifolia,NC,531,Fagus grandifolia,late,69_-162,85,14
NC|531|Fagus grandifolia,NC,531,Fagus grandifolia,late,69_-167,1,0
NC|531|Fagus grandifolia,NC,531,Fagus grandifolia,late,69_-168,4,0
NC|531|Fagus grandifolia,NC,531,Fagus grandifolia,late,69_-169,2,0
NC|531|Fagus grandifolia,NC,531,Fagus grandifolia,late,70_-151,10,0
NC|531|Fagus grandifolia,NC,531,Fagus grandifolia,late,70_-152,88,0
NC|531|Fagus grandifolia,NC,531,Fagus grandifolia,late,70_-153,8,1
NC|531|Fagus grandifolia,NC,531,Fagus grandifolia,late,70_-154,32,2
NC|531|Fagus grandifolia,NC,531,Fagus grandifolia,late,70_-155,59,11
NC|531|Fagus grandifolia,NC,531,Fagus grandifolia,late,70_-156,54,5
NC|531|Fagus grandifolia,NC,531,Fagus grandifolia,late,70_-157,22,1
NC|531|Fagus grandifolia,NC,531,Fagus grandifolia,late,70_-158,244,26
NC|531|Fagus grandifolia,NC,531,Fagus grandifolia,late,70_-159,307,7
NC|531|Fagus grandifolia,NC,531,Fagus grandifolia,late,70_-160,108,7
NC|531|Fagus grandifolia,NC,531,Fagus grandifolia,late,70_-161,287,25
NC|531|Fagus grandifolia,NC,531,Fagus grandifolia,late,70_-162,1286,129
NC|531|Fagus grandifolia,NC,531,Fagus grandifolia,late,70_-163,382,58
NC|531|Fagus grandifolia,NC,531,Fagus grandifolia,late,70_-164,101,7
NC|531|Fagus grandifolia,NC,531,Fagus grandifolia,late,70_-165,586,23
NC|531|Fagus grandifolia,NC,531,Fagus grandifolia,late,70_-166,1560,101
NC|531|Fagus grandifolia,NC,531,Fagus grandifolia,late,70_-167,1231,69
NC|531|Fagus grandifolia,NC,531,Fagus grandifolia,late,70_-168,684,50
NC|531|Fagus grandifolia,NC,531,Fagus grandifolia,late,70_-169,68,4
NC|531|Fagus grandifolia,NC,531,Fagus grandifolia,late,71_-151,20,0
NC|531|Fagus grandifolia,NC,531,Fagus grandifolia,late,71_-152,119,4
NC|531|Fagus grandifolia,NC,531,Fagus grandifolia,late,71_-153,23,1
NC|531|Fagus grandifolia,NC,531,Fagus grandifolia,late,71_-154,46,8
NC|531|Fagus grandifolia,NC,531,Fagus grandifolia,late,71_-155,131,2
NC|531|Fagus grandifolia,NC,531,Fagus grandifolia,late,71_-156,62,4
NC|531|Fagus grandifolia,NC,531,Fagus grandifolia,late,71_-157,563,34
NC|531|Fagus grandifolia,NC,531,Fagus grandifolia,late,71_-158,5141,579
NC|531|Fagus grandifolia,NC,531,Fagus grandifolia,late,71_-159,3247,369
NC|531|Fagus grandifolia,NC,531,Fagus grandifolia,late,71_-160,228,20
NC|531|Fagus grandifolia,NC,531,Fagus grandifolia,late,71_-161,299,28
NC|531|Fagus grandifolia,NC,531,Fagus grandifolia,late,71_-162,370,50
NC|531|Fagus grandifolia,NC,531,Fagus grandifolia,late,71_-163,844,87
NC|531|Fagus grandifolia,NC,531,Fagus grandifolia,late,71_-164,573,20
NC|531|Fagus grandifolia,NC,531,Fagus grandifolia,late,71_-165,1518,105
NC|531|Fagus grandifolia,NC,531,Fagus grandifolia,late,71_-166,1830,75
NC|531|Fagus grandifolia,NC,531,Fagus grandifolia,late,71_-167,520,49
NC|531|Fagus grandifolia,NC,531,Fagus grandifolia,late,71_-168,18,4
NC|531|Fagus grandifolia,NC,531,Fagus grandifolia,late,72_-152,405,7
NC|531|Fagus grandifolia,NC,531,Fagus grandifolia,late,72_-153,42,3
NC|531|Fagus grandifolia,NC,531,Fagus grandifolia,late,72_-154,43,14
NC|531|Fagus grandifolia,NC,531,Fagus grandifolia,late,72_-155,22,1
NC|531|Fagus grandifolia,NC,531,Fagus grandifolia,late,72_-156,61,9
NC|531|Fagus grandifolia,NC,531,Fagus grandifolia,late,72_-157,110,11
NC|531|Fagus grandifolia,NC,531,Fagus grandifolia,late,72_-158,1421,140
NC|531|Fagus grandifolia,NC,531,Fagus grandifolia,late,72_-159,1353,146
NC|531|Fagus grandifolia,NC,531,Fagus grandifolia,late,72_-160,1118,151
NC|531|Fagus grandifolia,NC,531,Fagus grandifolia,late,72_-161,788,69
NC|531|Fagus grandifolia,NC,531,Fagus grandifolia,late,72_-162,165,12
NC|531|Fagus grandifolia,NC,531,Fagus grandifolia,late,72_-163,489,26
NC|531|Fagus grandifolia,NC,531,Fagus grandifolia,late,72_-164,1835,185
NC|531|Fagus grandifolia,NC,531,Fagus grandifolia,late,72_-165,73,14
NC|531|Fagus grandifolia,NC,531,Fagus grandifolia,late,72_-166,12,0
NC|531|Fagus grandifolia,NC,531,Fagus grandifolia,late,73_-152,6,0
NC|531|Fagus grandifolia,NC,531,Fagus grandifolia,late,73_-153,15,0
NC|531|Fagus grandifolia,NC,531,Fagus grandifolia,late,73_-154,3,1
NC|531|Fagus grandifolia,NC,531,Fagus grandifolia,late,73_-155,2,1
NC|531|Fagus grandifolia,NC,531,Fagus grandifolia,late,73_-156,8,1
NC|531|Fagus grandifolia,NC,531,Fagus grandifolia,late,73_-157,3,0
NC|531|Fagus grandifolia,NC,531,Fagus grandifolia,late,73_-158,1,0
NC|531|Fagus grandifolia,NC,531,Fagus grandifolia,late,73_-159,5,0
NC|531|Fagus grandifolia,NC,531,Fagus grandifolia,late,73_-160,12,1
NC|531|Fagus grandifolia,NC,531,Fagus grandifolia,late,73_-161,2,1
NC|531|Fagus grandifolia,NC,531,Fagus grandifolia,late,73_-162,23,1
NC|531|Fagus grandifolia,NC,531,Fagus grandifolia,late,73_-163,21,2
NC|531|Fagus grandifolia,NC,531,Fagus grandifolia,late,73_-164,22,2
NC|541|Fraxinus americana,NC,541,Fraxinus americana,early,67_-156,3,0
NC|541|Fraxinus americana,NC,541,Fraxinus americana,early,67_-157,2,0
NC|541|Fraxinus americana,NC,541,Fraxinus americana,early,68_-156,22,0
NC|541|Fraxinus americana,NC,541,Fraxinus americana,early,68_-157,3,0
NC|541|Fraxinus americana,NC,541,Fraxinus americana,early,68_-159,9,0
NC|541|Fraxinus americana,NC,541,Fraxinus americana,early,69_-154,10,0
NC|541|Fraxinus americana,NC,541,Fraxinus americana,early,69_-155,2,0
NC|541|Fraxinus americana,NC,541,Fraxinus americana,early,69_-156,2,0
NC|541|Fraxinus americana,NC,541,Fraxinus americana,early,69_-158,4,0
NC|541|Fraxinus americana,NC,541,Fraxinus americana,early,69_-159,3,0
NC|541|Fraxinus americana,NC,541,Fraxinus americana,early,69_-162,6,0
NC|541|Fraxinus americana,NC,541,Fraxinus americana,early,70_-151,2,0
NC|541|Fraxinus americana,NC,541,Fraxinus americana,early,70_-152,6,0
NC|541|Fraxinus americana,NC,541,Fraxinus americana,early,70_-153,1,0
NC|541|Fraxinus americana,NC,541,Fraxinus americana,early,70_-154,7,0
NC|541|Fraxinus americana,NC,541,Fraxinus americana,early,70_-155,3,0
NC|541|Fraxinus americana,NC,541,Fraxinus americana,early,70_-157,1,0
NC|541|Fraxinus americana,NC,541,Fraxinus americana,early,70_-158,85,0
NC|541|Fraxinus americana,NC,541,Fraxinus americana,early,70_-159,26,0
NC|541|Fraxinus americana,NC,541,Fraxinus americana,early,70_-160,9,0
NC|541|Fraxinus americana,NC,541,Fraxinus americana,early,70_-161,47,1
NC|541|Fraxinus americana,NC,541,Fraxinus americana,early,70_-162,139,0
NC|541|Fraxinus americana,NC,541,Fraxinus americana,early,70_-163,24,0
NC|541|Fraxinus americana,NC,541,Fraxinus americana,early,70_-164,22,0
NC|541|Fraxinus americana,NC,541,Fraxinus americana,early,70_-165,32,0
NC|541|Fraxinus americana,NC,541,Fraxinus americana,early,70_-166,174,0
NC|541|Fraxinus americana,NC,541,Fraxinus americana,early,70_-167,109,1
NC|541|Fraxinus americana,NC,541,Fraxinus americana,early,70_-168,56,2
NC|541|Fraxinus americana,NC,541,Fraxinus americana,early,70_-169,11,0
NC|541|Fraxinus americana,NC,541,Fraxinus americana,early,71_-152,13,0
NC|541|Fraxinus americana,NC,541,Fraxinus americana,early,71_-153,7,0
NC|541|Fraxinus americana,NC,541,Fraxinus americana,early,71_-154,19,0
NC|541|Fraxinus americana,NC,541,Fraxinus americana,early,71_-155,2,0
NC|541|Fraxinus americana,NC,541,Fraxinus americana,early,71_-156,2,0
NC|541|Fraxinus americana,NC,541,Fraxinus americana,early,71_-157,53,0
NC|541|Fraxinus americana,NC,541,Fraxinus americana,early,71_-158,779,8
NC|541|Fraxinus americana,NC,541,Fraxinus americana,early,71_-159,545,13
NC|541|Fraxinus americana,NC,541,Fraxinus americana,early,71_-160,27,0
NC|541|Fraxinus americana,NC,541,Fraxinus americana,early,71_-161,10,0
NC|541|Fraxinus americana,NC,541,Fraxinus americana,early,71_-162,35,1
NC|541|Fraxinus americana,NC,541,Fraxinus americana,early,71_-163,54,0
NC|541|Fraxinus americana,NC,541,Fraxinus americana,early,71_-164,40,0
NC|541|Fraxinus americana,NC,541,Fraxinus americana,early,71_-165,213,2
NC|541|Fraxinus americana,NC,541,Fraxinus americana,early,71_-166,156,1
NC|541|Fraxinus americana,NC,541,Fraxinus americana,early,71_-167,102,0
NC|541|Fraxinus americana,NC,541,Fraxinus americana,early,71_-168,1,0
NC|541|Fraxinus americana,NC,541,Fraxinus americana,early,72_-152,15,0
NC|541|Fraxinus americana,NC,541,Fraxinus americana,early,72_-153,26,0
NC|541|Fraxinus americana,NC,541,Fraxinus americana,early,72_-154,7,0
NC|541|Fraxinus americana,NC,541,Fraxinus americana,early,72_-155,2,0
NC|541|Fraxinus americana,NC,541,Fraxinus americana,early,72_-157,16,0
NC|541|Fraxinus americana,NC,541,Fraxinus americana,early,72_-158,195,5
NC|541|Fraxinus americana,NC,541,Fraxinus americana,early,72_-159,156,6
NC|541|Fraxinus americana,NC,541,Fraxinus americana,early,72_-160,59,1
NC|541|Fraxinus americana,NC,541,Fraxinus americana,early,72_-161,41,0
NC|541|Fraxinus americana,NC,541,Fraxinus americana,early,72_-162,15,0
NC|541|Fraxinus americana,NC,541,Fraxinus americana,early,72_-163,18,0
NC|541|Fraxinus americana,NC,541,Fraxinus americana,early,72_-164,77,0
NC|541|Fraxinus americana,NC,541,Fraxinus americana,early,72_-165,14,1
NC|541|Fraxinus americana,NC,541,Fraxinus americana,early,73_-152,5,0
NC|541|Fraxinus americana,NC,541,Fraxinus americana,early,73_-153,3,0
NC|541|Fraxinus americana,NC,541,Fraxinus americana,early,73_-157,3,0
NC|541|Fraxinus americana,NC,541,Fraxinus americana,early,73_-164,1,0
NC|541|Fraxinus americana,NC,541,Fraxinus americana,late,67_-156,35,0
NC|541|Fraxinus americana,NC,541,Fraxinus americana,late,67_-157,55,0
NC|541|Fraxinus americana,NC,541,Fraxinus americana,late,67_-158,9,0
NC|541|Fraxinus americana,NC,541,Fraxinus americana,late,68_-155,2,0
NC|541|Fraxinus americana,NC,541,Fraxinus americana,late,68_-156,424,0
NC|541|Fraxinus americana,NC,541,Fraxinus americana,late,68_-157,50,0
NC|541|Fraxinus americana,NC,541,Fraxinus americana,late,68_-158,26,0
NC|541|Fraxinus americana,NC,541,Fraxinus americana,late,68_-159,5,0
NC|541|Fraxinus americana,NC,541,Fraxinus americana,late,69_-153,2,0
NC|541|Fraxinus americana,NC,541,Fraxinus americana,late,69_-154,178,0
NC|541|Fraxinus americana,NC,541,Fraxinus americana,late,69_-155,107,0
NC|541|Fraxinus americana,NC,541,Fraxinus americana,late,69_-156,21,0
NC|541|Fraxinus americana,NC,541,Fraxinus americana,late,69_-157,13,0
NC|541|Fraxinus americana,NC,541,Fraxinus americana,late,69_-158,35,0
NC|541|Fraxinus americana,NC,541,Fraxinus americana,late,69_-159,80,0
NC|541|Fraxinus americana,NC,541,Fraxinus americana,late,69_-160,62,0
NC|541|Fraxinus americana,NC,541,Fraxinus americana,late,69_-161,188,3
NC|541|Fraxinus americana,NC,541,Fraxinus americana,late,69_-162,85,0
NC|541|Fraxinus americana,NC,541,Fraxinus americana,late,69_-167,1,0
NC|541|Fraxinus americana,NC,541,Fraxinus americana,late,69_-168,4,0
NC|541|Fraxinus americana,NC,541,Fraxinus americana,late,69_-169,2,0
NC|541|Fraxinus americana,NC,541,Fraxinus americana,late,70_-151,10,0
NC|541|Fraxinus americana,NC,541,Fraxinus americana,late,70_-152,88,0
NC|541|Fraxinus americana,NC,541,Fraxinus americana,late,70_-153,8,0
NC|541|Fraxinus americana,NC,541,Fraxinus americana,late,70_-154,32,0
NC|541|Fraxinus americana,NC,541,Fraxinus americana,late,70_-155,59,0
NC|541|Fraxinus americana,NC,541,Fraxinus americana,late,70_-156,54,1
NC|541|Fraxinus americana,NC,541,Fraxinus americana,late,70_-157,22,0
NC|541|Fraxinus americana,NC,541,Fraxinus americana,late,70_-158,244,0
NC|541|Fraxinus americana,NC,541,Fraxinus americana,late,70_-159,307,0
NC|541|Fraxinus americana,NC,541,Fraxinus americana,late,70_-160,108,0
NC|541|Fraxinus americana,NC,541,Fraxinus americana,late,70_-161,287,0
NC|541|Fraxinus americana,NC,541,Fraxinus americana,late,70_-162,1286,5
NC|541|Fraxinus americana,NC,541,Fraxinus americana,late,70_-163,382,1
NC|541|Fraxinus americana,NC,541,Fraxinus americana,late,70_-164,101,1
NC|541|Fraxinus americana,NC,541,Fraxinus americana,late,70_-165,586,0
NC|541|Fraxinus americana,NC,541,Fraxinus americana,late,70_-166,1560,2
NC|541|Fraxinus americana,NC,541,Fraxinus americana,late,70_-167,1231,3
NC|541|Fraxinus americana,NC,541,Fraxinus americana,late,70_-168,684,2
NC|541|Fraxinus americana,NC,541,Fraxinus americana,late,70_-169,68,0
NC|541|Fraxinus americana,NC,541,Fraxinus americana,late,71_-151,20,0
NC|541|Fraxinus americana,NC,541,Fraxinus americana,late,71_-152,119,0
NC|541|Fraxinus americana,NC,541,Fraxinus americana,late,71_-153,23,1
NC|541|Fraxinus americana,NC,541,Fraxinus americana,late,71_-154,46,0
NC|541|Fraxinus americana,NC,541,Fraxinus americana,late,71_-155,131,0
NC|541|Fraxinus americana,NC,541,Fraxinus americana,late,71_-156,62,0
NC|541|Fraxinus americana,NC,541,Fraxinus americana,late,71_-157,563,0
NC|541|Fraxinus americana,NC,541,Fraxinus americana,late,71_-158,5141,23
NC|541|Fraxinus americana,NC,541,Fraxinus americana,late,71_-159,3247,48
NC|541|Fraxinus americana,NC,541,Fraxinus americana,late,71_-160,228,2
NC|541|Fraxinus americana,NC,541,Fraxinus americana,late,71_-161,299,2
NC|541|Fraxinus americana,NC,541,Fraxinus americana,late,71_-162,370,2
NC|541|Fraxinus americana,NC,541,Fraxinus americana,late,71_-163,844,0
NC|541|Fraxinus americana,NC,541,Fraxinus americana,late,71_-164,573,2
NC|541|Fraxinus americana,NC,541,Fraxinus americana,late,71_-165,1518,2
NC|541|Fraxinus americana,NC,541,Fraxinus americana,late,71_-166,1830,1
NC|541|Fraxinus americana,NC,541,Fraxinus americana,late,71_-167,520,3
NC|541|Fraxinus americana,NC,541,Fraxinus americana,late,71_-168,18,0
NC|541|Fraxinus americana,NC,541,Fraxinus americana,late,72_-152,405,0
NC|541|Fraxinus americana,NC,541,Fraxinus americana,late,72_-153,42,1
NC|541|Fraxinus americana,NC,541,Fraxinus americana,late,72_-154,43,0
NC|541|Fraxinus americana,NC,541,Fraxinus americana,late,72_-155,22,0
NC|541|Fraxinus americana,NC,541,Fraxinus americana,late,72_-156,61,0
NC|541|Fraxinus americana,NC,541,Fraxinus americana,late,72_-157,110,1
NC|541|Fraxinus americana,NC,541,Fraxinus americana,late,72_-158,1421,8
NC|541|Fraxinus americana,NC,541,Fraxinus americana,late,72_-159,1353,9
NC|541|Fraxinus americana,NC,541,Fraxinus americana,late,72_-160,1118,7
NC|541|Fraxinus americana,NC,541,Fraxinus americana,late,72_-161,788,0
NC|541|Fraxinus americana,NC,541,Fraxinus americana,late,72_-162,165,0
NC|541|Fraxinus americana,NC,541,Fraxinus americana,late,72_-163,489,2
NC|541|Fraxinus americana,NC,541,Fraxinus americana,late,72_-164,1835,10
NC|541|Fraxinus americana,NC,541,Fraxinus americana,late,72_-165,73,0
NC|541|Fraxinus americana,NC,541,Fraxinus americana,late,72_-166,12,1
NC|541|Fraxinus americana,NC,541,Fraxinus americana,late,73_-152,6,0
NC|541|Fraxinus americana,NC,541,Fraxinus americana,late,73_-153,15,0
NC|541|Fraxinus americana,NC,541,Fraxinus americana,late,73_-154,3,0
NC|541|Fraxinus americana,NC,541,Fraxinus americana,late,73_-155,2,0
NC|541|Fraxinus americana,NC,541,Fraxinus americana,late,73_-156,8,0
NC|541|Fraxinus americana,NC,541,Fraxinus americana,late,73_-157,3,0
NC|541|Fraxinus americana,NC,541,Fraxinus americana,late,73_-158,1,1
NC|541|Fraxinus americana,NC,541,Fraxinus americana,late,73_-159,5,0
NC|541|Fraxinus americana,NC,541,Fraxinus americana,late,73_-160,12,0
NC|541|Fraxinus americana,NC,541,Fraxinus americana,late,73_-161,2,0
NC|541|Fraxinus americana,NC,541,Fraxinus americana,late,73_-162,23,0
NC|541|Fraxinus americana,NC,541,Fraxinus americana,late,73_-163,21,0
NC|541|Fraxinus americana,NC,541,Fraxinus americana,late,73_-164,22,0
NC|621|Liriodendron tulipifera,NC,621,Liriodendron tulipifera,early,67_-156,3,0
NC|621|Liriodendron tulipifera,NC,621,Liriodendron tulipifera,early,67_-157,2,1
NC|621|Liriodendron tulipifera,NC,621,Liriodendron tulipifera,early,68_-156,22,2
NC|621|Liriodendron tulipifera,NC,621,Liriodendron tulipifera,early,68_-157,3,0
NC|621|Liriodendron tulipifera,NC,621,Liriodendron tulipifera,early,68_-159,9,2
NC|621|Liriodendron tulipifera,NC,621,Liriodendron tulipifera,early,69_-154,10,1
NC|621|Liriodendron tulipifera,NC,621,Liriodendron tulipifera,early,69_-155,2,0
NC|621|Liriodendron tulipifera,NC,621,Liriodendron tulipifera,early,69_-156,2,0
NC|621|Liriodendron tulipifera,NC,621,Liriodendron tulipifera,early,69_-158,4,1
NC|621|Liriodendron tulipifera,NC,621,Liriodendron tulipifera,early,69_-159,3,1
NC|621|Liriodendron tulipifera,NC,621,Liriodendron tulipifera,early,69_-162,6,1
NC|621|Liriodendron tulipifera,NC,621,Liriodendron tulipifera,early,70_-151,2,0
NC|621|Liriodendron tulipifera,NC,621,Liriodendron tulipifera,early,70_-152,6,0
NC|621|Liriodendron tulipifera,NC,621,Liriodendron tulipifera,early,70_-153,1,0
NC|621|Liriodendron tulipifera,NC,621,Liriodendron tulipifera,early,70_-154,7,0
NC|621|Liriodendron tulipifera,NC,621,Liriodendron tulipifera,early,70_-155,3,1
NC|621|Liriodendron tulipifera,NC,621,Liriodendron tulipifera,early,70_-157,1,0
NC|621|Liriodendron tulipifera,NC,621,Liriodendron tulipifera,early,70_-158,85,15
NC|621|Liriodendron tulipifera,NC,621,Liriodendron tulipifera,early,70_-159,26,4
NC|621|Liriodendron tulipifera,NC,621,Liriodendron tulipifera,early,70_-160,9,2
NC|621|Liriodendron tulipifera,NC,621,Liriodendron tulipifera,early,70_-161,47,6
NC|621|Liriodendron tulipifera,NC,621,Liriodendron tulipifera,early,70_-162,139,11
NC|621|Liriodendron tulipifera,NC,621,Liriodendron tulipifera,early,70_-163,24,1
NC|621|Liriodendron tulipifera,NC,621,Liriodendron tulipifera,early,70_-164,22,3
NC|621|Liriodendron tulipifera,NC,621,Liriodendron tulipifera,early,70_-165,32,5
NC|621|Liriodendron tulipifera,NC,621,Liriodendron tulipifera,early,70_-166,174,12
NC|621|Liriodendron tulipifera,NC,621,Liriodendron tulipifera,early,70_-167,109,10
NC|621|Liriodendron tulipifera,NC,621,Liriodendron tulipifera,early,70_-168,56,15
NC|621|Liriodendron tulipifera,NC,621,Liriodendron tulipifera,early,70_-169,11,2
NC|621|Liriodendron tulipifera,NC,621,Liriodendron tulipifera,early,71_-152,13,0
NC|621|Liriodendron tulipifera,NC,621,Liriodendron tulipifera,early,71_-153,7,1
NC|621|Liriodendron tulipifera,NC,621,Liriodendron tulipifera,early,71_-154,19,4
NC|621|Liriodendron tulipifera,NC,621,Liriodendron tulipifera,early,71_-155,2,0
NC|621|Liriodendron tulipifera,NC,621,Liriodendron tulipifera,early,71_-156,2,0
NC|621|Liriodendron tulipifera,NC,621,Liriodendron tulipifera,early,71_-157,53,10
NC|621|Liriodendron tulipifera,NC,621,Liriodendron tulipifera,early,71_-158,779,92
NC|621|Liriodendron tulipifera,NC,621,Liriodendron tulipifera,early,71_-159,545,41
NC|621|Liriodendron tulipifera,NC,621,Liriodendron tulipifera,early,71_-160,27,2
NC|621|Liriodendron tulipifera,NC,621,Liriodendron tulipifera,early,71_-161,10,1
NC|621|Liriodendron tulipifera,NC,621,Liriodendron tulipifera,early,71_-162,35,3
NC|621|Liriodendron tulipifera,NC,621,Liriodendron tulipifera,early,71_-163,54,3
NC|621|Liriodendron tulipifera,NC,621,Liriodendron tulipifera,early,71_-164,40,4
NC|621|Liriodendron tulipifera,NC,621,Liriodendron tulipifera,early,71_-165,213,24
NC|621|Liriodendron tulipifera,NC,621,Liriodendron tulipifera,early,71_-166,156,11
NC|621|Liriodendron tulipifera,NC,621,Liriodendron tulipifera,early,71_-167,102,5
NC|621|Liriodendron tulipifera,NC,621,Liriodendron tulipifera,early,71_-168,1,0
NC|621|Liriodendron tulipifera,NC,621,Liriodendron tulipifera,early,72_-152,15,0
NC|621|Liriodendron tulipifera,NC,621,Liriodendron tulipifera,early,72_-153,26,7
NC|621|Liriodendron tulipifera,NC,621,Liriodendron tulipifera,early,72_-154,7,0
NC|621|Liriodendron tulipifera,NC,621,Liriodendron tulipifera,early,72_-155,2,0
NC|621|Liriodendron tulipifera,NC,621,Liriodendron tulipifera,early,72_-157,16,1
NC|621|Liriodendron tulipifera,NC,621,Liriodendron tulipifera,early,72_-158,195,16
NC|621|Liriodendron tulipifera,NC,621,Liriodendron tulipifera,early,72_-159,156,8
NC|621|Liriodendron tulipifera,NC,621,Liriodendron tulipifera,early,72_-160,59,6
NC|621|Liriodendron tulipifera,NC,621,Liriodendron tulipifera,early,72_-161,41,1
NC|621|Liriodendron tulipifera,NC,621,Liriodendron tulipifera,early,72_-162,15,2
NC|621|Liriodendron tulipifera,NC,621,Liriodendron tulipifera,early,72_-163,18,1
NC|621|Liriodendron tulipifera,NC,621,Liriodendron tulipifera,early,72_-164,77,9
NC|621|Liriodendron tulipifera,NC,621,Liriodendron tulipifera,early,72_-165,14,0
NC|621|Liriodendron tulipifera,NC,621,Liriodendron tulipifera,early,73_-152,5,0
NC|621|Liriodendron tulipifera,NC,621,Liriodendron tulipifera,early,73_-153,3,1
NC|621|Liriodendron tulipifera,NC,621,Liriodendron tulipifera,early,73_-157,3,1
NC|621|Liriodendron tulipifera,NC,621,Liriodendron tulipifera,early,73_-164,1,0
NC|621|Liriodendron tulipifera,NC,621,Liriodendron tulipifera,late,67_-156,35,0
NC|621|Liriodendron tulipifera,NC,621,Liriodendron tulipifera,late,67_-157,55,7
NC|621|Liriodendron tulipifera,NC,621,Liriodendron tulipifera,late,67_-158,9,0
NC|621|Liriodendron tulipifera,NC,621,Liriodendron tulipifera,late,68_-155,2,0
NC|621|Liriodendron tulipifera,NC,621,Liriodendron tulipifera,late,68_-156,424,36
NC|621|Liriodendron tulipifera,NC,621,Liriodendron tulipifera,late,68_-157,50,6
NC|621|Liriodendron tulipifera,NC,621,Liriodendron tulipifera,late,68_-158,26,5
NC|621|Liriodendron tulipifera,NC,621,Liriodendron tulipifera,late,68_-159,5,1
NC|621|Liriodendron tulipifera,NC,621,Liriodendron tulipifera,late,69_-153,2,0
NC|621|Liriodendron tulipifera,NC,621,Liriodendron tulipifera,late,69_-154,178,13
NC|621|Liriodendron tulipifera,NC,621,Liriodendron tulipifera,late,69_-155,107,14
NC|621|Liriodendron tulipifera,NC,621,Liriodendron tulipifera,late,69_-156,21,4
NC|621|Liriodendron tulipifera,NC,621,Liriodendron tulipifera,late,69_-157,13,2
NC|621|Liriodendron tulipifera,NC,621,Liriodendron tulipifera,late,69_-158,35,3
NC|621|Liriodendron tulipifera,NC,621,Liriodendron tulipifera,late,69_-159,80,6
NC|621|Liriodendron tulipifera,NC,621,Liriodendron tulipifera,late,69_-160,62,7
NC|621|Liriodendron tulipifera,NC,621,Liriodendron tulipifera,late,69_-161,188,9
NC|621|Liriodendron tulipifera,NC,621,Liriodendron tulipifera,late,69_-162,85,11
NC|621|Liriodendron tulipifera,NC,621,Liriodendron tulipifera,late,69_-167,1,1
NC|621|Liriodendron tulipifera,NC,621,Liriodendron tulipifera,late,69_-168,4,0
NC|621|Liriodendron tulipifera,NC,621,Liriodendron tulipifera,late,69_-169,2,0
NC|621|Liriodendron tulipifera,NC,621,Liriodendron tulipifera,late,70_-151,10,0
NC|621|Liriodendron tulipifera,NC,621,Liriodendron tulipifera,late,70_-152,88,0
NC|621|Liriodendron tulipifera,NC,621,Liriodendron tulipifera,late,70_-153,8,1
NC|621|Liriodendron tulipifera,NC,621,Liriodendron tulipifera,late,70_-154,32,5
NC|621|Liriodendron tulipifera,NC,621,Liriodendron tulipifera,late,70_-155,59,10
NC|621|Liriodendron tulipifera,NC,621,Liriodendron tulipifera,late,70_-156,54,4
NC|621|Liriodendron tulipifera,NC,621,Liriodendron tulipifera,late,70_-157,22,4
NC|621|Liriodendron tulipifera,NC,621,Liriodendron tulipifera,late,70_-158,244,40
NC|621|Liriodendron tulipifera,NC,621,Liriodendron tulipifera,late,70_-159,307,41
NC|621|Liriodendron tulipifera,NC,621,Liriodendron tulipifera,late,70_-160,108,19
NC|621|Liriodendron tulipifera,NC,621,Liriodendron tulipifera,late,70_-161,287,30
NC|621|Liriodendron tulipifera,NC,621,Liriodendron tulipifera,late,70_-162,1286,212
NC|621|Liriodendron tulipifera,NC,621,Liriodendron tulipifera,late,70_-163,382,79
NC|621|Liriodendron tulipifera,NC,621,Liriodendron tulipifera,late,70_-164,101,19
NC|621|Liriodendron tulipifera,NC,621,Liriodendron tulipifera,late,70_-165,586,117
NC|621|Liriodendron tulipifera,NC,621,Liriodendron tulipifera,late,70_-166,1560,229
NC|621|Liriodendron tulipifera,NC,621,Liriodendron tulipifera,late,70_-167,1231,161
NC|621|Liriodendron tulipifera,NC,621,Liriodendron tulipifera,late,70_-168,684,109
NC|621|Liriodendron tulipifera,NC,621,Liriodendron tulipifera,late,70_-169,68,11
NC|621|Liriodendron tulipifera,NC,621,Liriodendron tulipifera,late,71_-151,20,0
NC|621|Liriodendron tulipifera,NC,621,Liriodendron tulipifera,late,71_-152,119,0
NC|621|Liriodendron tulipifera,NC,621,Liriodendron tulipifera,late,71_-153,23,1
NC|621|Liriodendron tulipifera,NC,621,Liriodendron tulipifera,late,71_-154,46,2
NC|621|Liriodendron tulipifera,NC,621,Liriodendron tulipifera,late,71_-155,131,12
NC|621|Liriodendron tulipifera,NC,621,Liriodendron tulipifera,late,71_-156,62,5
NC|621|Liriodendron tulipifera,NC,621,Liriodendron tulipifera,late,71_-157,563,86
NC|621|Liriodendron tulipifera,NC,621,Liriodendron tulipifera,late,71_-158,5141,656
NC|621|Liriodendron tulipifera,NC,621,Liriodendron tulipifera,late,71_-159,3247,321
NC|621|Liriodendron tulipifera,NC,621,Liriodendron tulipifera,late,71_-160,228,38
NC|621|Liriodendron tulipifera,NC,621,Liriodendron tulipifera,late,71_-161,299,41
NC|621|Liriodendron tulipifera,NC,621,Liriodendron tulipifera,late,71_-162,370,75
NC|621|Liriodendron tulipifera,NC,621,Liriodendron tulipifera,late,71_-163,844,104
NC|621|Liriodendron tulipifera,NC,621,Liriodendron tulipifera,late,71_-164,573,70
NC|621|Liriodendron tulipifera,NC,621,Liriodendron tulipifera,late,71_-165,1518,215
NC|621|Liriodendron tulipifera,NC,621,Liriodendron tulipifera,late,71_-166,1830,210
NC|621|Liriodendron tulipifera,NC,621,Liriodendron tulipifera,late,71_-167,520,62
NC|621|Liriodendron tulipifera,NC,621,Liriodendron tulipifera,late,71_-168,18,2
NC|621|Liriodendron tulipifera,NC,621,Liriodendron tulipifera,late,72_-152,405,33
NC|621|Liriodendron tulipifera,NC,621,Liriodendron tulipifera,late,72_-153,42,3
NC|621|Liriodendron tulipifera,NC,621,Liriodendron tulipifera,late,72_-154,43,3
NC|621|Liriodendron tulipifera,NC,621,Liriodendron tulipifera,late,72_-155,22,0
NC|621|Liriodendron tulipifera,NC,621,Liriodendron tulipifera,late,72_-156,61,12
NC|621|Liriodendron tulipifera,NC,621,Liriodendron tulipifera,late,72_-157,110,14
NC|621|Liriodendron tulipifera,NC,621,Liriodendron tulipifera,late,72_-158,1421,162
NC|621|Liriodendron tulipifera,NC,621,Liriodendron tulipifera,late,72_-159,1353,150
NC|621|Liriodendron tulipifera,NC,621,Liriodendron tulipifera,late,72_-160,1118,153
NC|621|Liriodendron tulipifera,NC,621,Liriodendron tulipifera,late,72_-161,788,100
NC|621|Liriodendron tulipifera,NC,621,Liriodendron tulipifera,late,72_-162,165,25
NC|621|Liriodendron tulipifera,NC,621,Liriodendron tulipifera,late,72_-163,489,62
NC|621|Liriodendron tulipifera,NC,621,Liriodendron tulipifera,late,72_-164,1835,193
NC|621|Liriodendron tulipifera,NC,621,Liriodendron tulipifera,late,72_-165,73,8
NC|621|Liriodendron tulipifera,NC,621,Liriodendron tulipifera,late,72_-166,12,4
NC|621|Liriodendron tulipifera,NC,621,Liriodendron tulipifera,late,73_-152,6,0
NC|621|Liriodendron tulipifera,NC,621,Liriodendron tulipifera,late,73_-153,15,2
NC|621|Liriodendron tulipifera,NC,621,Liriodendron tulipifera,late,73_-154,3,0
NC|621|Liriodendron tulipifera,NC,621,Liriodendron tulipifera,late,73_-155,2,0
NC|621|Liriodendron tulipifera,NC,621,Liriodendron tulipifera,late,73_-156,8,4
NC|621|Liriodendron tulipifera,NC,621,Liriodendron tulipifera,late,73_-157,3,0
NC|621|Liriodendron tulipifera,NC,621,Liriodendron tulipifera,late,73_-158,1,0
NC|621|Liriodendron tulipifera,NC,621,Liriodendron tulipifera,late,73_-159,5,0
NC|621|Liriodendron tulipifera,NC,621,Liriodendron tulipifera,late,73_-160,12,0
NC|621|Liriodendron tulipifera,NC,621,Liriodendron tulipifera,late,73_-161,2,0
NC|621|Liriodendron tulipifera,NC,621,Liriodendron tulipifera,late,73_-162,23,6
NC|621|Liriodendron tulipifera,NC,621,Liriodendron tulipifera,late,73_-163,21,2
NC|621|Liriodendron tulipifera,NC,621,Liriodendron tulipifera,late,73_-164,22,4
NC|693|Nyssa sylvatica,NC,693,Nyssa sylvatica,early,67_-156,3,0
NC|693|Nyssa sylvatica,NC,693,Nyssa sylvatica,early,67_-157,2,0
NC|693|Nyssa sylvatica,NC,693,Nyssa sylvatica,early,68_-156,22,1
NC|693|Nyssa sylvatica,NC,693,Nyssa sylvatica,early,68_-157,3,0
NC|693|Nyssa sylvatica,NC,693,Nyssa sylvatica,early,68_-159,9,0
NC|693|Nyssa sylvatica,NC,693,Nyssa sylvatica,early,69_-154,10,0
NC|693|Nyssa sylvatica,NC,693,Nyssa sylvatica,early,69_-155,2,0
NC|693|Nyssa sylvatica,NC,693,Nyssa sylvatica,early,69_-156,2,0
NC|693|Nyssa sylvatica,NC,693,Nyssa sylvatica,early,69_-158,4,0
NC|693|Nyssa sylvatica,NC,693,Nyssa sylvatica,early,69_-159,3,0
NC|693|Nyssa sylvatica,NC,693,Nyssa sylvatica,early,69_-162,6,0
NC|693|Nyssa sylvatica,NC,693,Nyssa sylvatica,early,70_-151,2,0
NC|693|Nyssa sylvatica,NC,693,Nyssa sylvatica,early,70_-152,6,0
NC|693|Nyssa sylvatica,NC,693,Nyssa sylvatica,early,70_-153,1,0
NC|693|Nyssa sylvatica,NC,693,Nyssa sylvatica,early,70_-154,7,0
NC|693|Nyssa sylvatica,NC,693,Nyssa sylvatica,early,70_-155,3,0
NC|693|Nyssa sylvatica,NC,693,Nyssa sylvatica,early,70_-157,1,0
NC|693|Nyssa sylvatica,NC,693,Nyssa sylvatica,early,70_-158,85,1
NC|693|Nyssa sylvatica,NC,693,Nyssa sylvatica,early,70_-159,26,2
NC|693|Nyssa sylvatica,NC,693,Nyssa sylvatica,early,70_-160,9,0
NC|693|Nyssa sylvatica,NC,693,Nyssa sylvatica,early,70_-161,47,0
NC|693|Nyssa sylvatica,NC,693,Nyssa sylvatica,early,70_-162,139,1
NC|693|Nyssa sylvatica,NC,693,Nyssa sylvatica,early,70_-163,24,0
NC|693|Nyssa sylvatica,NC,693,Nyssa sylvatica,early,70_-164,22,0
NC|693|Nyssa sylvatica,NC,693,Nyssa sylvatica,early,70_-165,32,0
NC|693|Nyssa sylvatica,NC,693,Nyssa sylvatica,early,70_-166,174,6
NC|693|Nyssa sylvatica,NC,693,Nyssa sylvatica,early,70_-167,109,3
NC|693|Nyssa sylvatica,NC,693,Nyssa sylvatica,early,70_-168,56,3
NC|693|Nyssa sylvatica,NC,693,Nyssa sylvatica,early,70_-169,11,0
NC|693|Nyssa sylvatica,NC,693,Nyssa sylvatica,early,71_-152,13,0
NC|693|Nyssa sylvatica,NC,693,Nyssa sylvatica,early,71_-153,7,0
NC|693|Nyssa sylvatica,NC,693,Nyssa sylvatica,early,71_-154,19,0
NC|693|Nyssa sylvatica,NC,693,Nyssa sylvatica,early,71_-155,2,0
NC|693|Nyssa sylvatica,NC,693,Nyssa sylvatica,early,71_-156,2,0
NC|693|Nyssa sylvatica,NC,693,Nyssa sylvatica,early,71_-157,53,0
NC|693|Nyssa sylvatica,NC,693,Nyssa sylvatica,early,71_-158,779,10
NC|693|Nyssa sylvatica,NC,693,Nyssa sylvatica,early,71_-159,545,10
NC|693|Nyssa sylvatica,NC,693,Nyssa sylvatica,early,71_-160,27,0
NC|693|Nyssa sylvatica,NC,693,Nyssa sylvatica,early,71_-161,10,0
NC|693|Nyssa sylvatica,NC,693,Nyssa sylvatica,early,71_-162,35,1
NC|693|Nyssa sylvatica,NC,693,Nyssa sylvatica,early,71_-163,54,1
NC|693|Nyssa sylvatica,NC,693,Nyssa sylvatica,early,71_-164,40,2
NC|693|Nyssa sylvatica,NC,693,Nyssa sylvatica,early,71_-165,213,4
NC|693|Nyssa sylvatica,NC,693,Nyssa sylvatica,early,71_-166,156,3
NC|693|Nyssa sylvatica,NC,693,Nyssa sylvatica,early,71_-167,102,0
NC|693|Nyssa sylvatica,NC,693,Nyssa sylvatica,early,71_-168,1,0
NC|693|Nyssa sylvatica,NC,693,Nyssa sylvatica,early,72_-152,15,0
NC|693|Nyssa sylvatica,NC,693,Nyssa sylvatica,early,72_-153,26,0
NC|693|Nyssa sylvatica,NC,693,Nyssa sylvatica,early,72_-154,7,0
NC|693|Nyssa sylvatica,NC,693,Nyssa sylvatica,early,72_-155,2,0
NC|693|Nyssa sylvatica,NC,693,Nyssa sylvatica,early,72_-157,16,0
NC|693|Nyssa sylvatica,NC,693,Nyssa sylvatica,early,72_-158,195,4
NC|693|Nyssa sylvatica,NC,693,Nyssa sylvatica,early,72_-159,156,6
NC|693|Nyssa sylvatica,NC,693,Nyssa sylvatica,early,72_-160,59,0
NC|693|Nyssa sylvatica,NC,693,Nyssa sylvatica,early,72_-161,41,1
NC|693|Nyssa sylvatica,NC,693,Nyssa sylvatica,early,72_-162,15,0
NC|693|Nyssa sylvatica,NC,693,Nyssa sylvatica,early,72_-163,18,0
NC|693|Nyssa sylvatica,NC,693,Nyssa sylvatica,early,72_-164,77,1
NC|693|Nyssa sylvatica,NC,693,Nyssa sylvatica,early,72_-165,14,0
NC|693|Nyssa sylvatica,NC,693,Nyssa sylvatica,early,73_-152,5,0
NC|693|Nyssa sylvatica,NC,693,Nyssa sylvatica,early,73_-153,3,0
NC|693|Nyssa sylvatica,NC,693,Nyssa sylvatica,early,73_-157,3,0
NC|693|Nyssa sylvatica,NC,693,Nyssa sylvatica,early,73_-164,1,0
NC|693|Nyssa sylvatica,NC,693,Nyssa sylvatica,late,67_-156,35,0
NC|693|Nyssa sylvatica,NC,693,Nyssa sylvatica,late,67_-157,55,2
NC|693|Nyssa sylvatica,NC,693,Nyssa sylvatica,late,67_-158,9,0
NC|693|Nyssa sylvatica,NC,693,Nyssa sylvatica,late,68_-155,2,0
NC|693|Nyssa sylvatica,NC,693,Nyssa sylvatica,late,68_-156,424,1
NC|693|Nyssa sylvatica,NC,693,Nyssa sylvatica,late,68_-157,50,0
NC|693|Nyssa sylvatica,NC,693,Nyssa sylvatica,late,68_-158,26,0
NC|693|Nyssa sylvatica,NC,693,Nyssa sylvatica,late,68_-159,5,0
NC|693|Nyssa sylvatica,NC,693,Nyssa sylvatica,late,69_-153,2,0
NC|693|Nyssa sylvatica,NC,693,Nyssa sylvatica,late,69_-154,178,1
NC|693|Nyssa sylvatica,NC,693,Nyssa sylvatica,late,69_-155,107,0
NC|693|Nyssa sylvatica,NC,693,Nyssa sylvatica,late,69_-156,21,0
NC|693|Nyssa sylvatica,NC,693,Nyssa sylvatica,late,69_-157,13,0
NC|693|Nyssa sylvatica,NC,693,Nyssa sylvatica,late,69_-158,35,2
NC|693|Nyssa sylvatica,NC,693,Nyssa sylvatica,late,69_-159,80,2
NC|693|Nyssa sylvatica,NC,693,Nyssa sylvatica,late,69_-160,62,1
NC|693|Nyssa sylvatica,NC,693,Nyssa sylvatica,late,69_-161,188,3
NC|693|Nyssa sylvatica,NC,693,Nyssa sylvatica,late,69_-162,85,1
NC|693|Nyssa sylvatica,NC,693,Nyssa sylvatica,late,69_-167,1,0
NC|693|Nyssa sylvatica,NC,693,Nyssa sylvatica,late,69_-168,4,0
NC|693|Nyssa sylvatica,NC,693,Nyssa sylvatica,late,69_-169,2,0
NC|693|Nyssa sylvatica,NC,693,Nyssa sylvatica,late,70_-151,10,0
NC|693|Nyssa sylvatica,NC,693,Nyssa sylvatica,late,70_-152,88,0
NC|693|Nyssa sylvatica,NC,693,Nyssa sylvatica,late,70_-153,8,0
NC|693|Nyssa sylvatica,NC,693,Nyssa sylvatica,late,70_-154,32,0
NC|693|Nyssa sylvatica,NC,693,Nyssa sylvatica,late,70_-155,59,1
NC|693|Nyssa sylvatica,NC,693,Nyssa sylvatica,late,70_-156,54,1
NC|693|Nyssa sylvatica,NC,693,Nyssa sylvatica,late,70_-157,22,0
NC|693|Nyssa sylvatica,NC,693,Nyssa sylvatica,late,70_-158,244,8
NC|693|Nyssa sylvatica,NC,693,Nyssa sylvatica,late,70_-159,307,9
NC|693|Nyssa sylvatica,NC,693,Nyssa sylvatica,late,70_-160,108,1
NC|693|Nyssa sylvatica,NC,693,Nyssa sylvatica,late,70_-161,287,9
NC|693|Nyssa sylvatica,NC,693,Nyssa sylvatica,late,70_-162,1286,13
NC|693|Nyssa sylvatica,NC,693,Nyssa sylvatica,late,70_-163,382,2
NC|693|Nyssa sylvatica,NC,693,Nyssa sylvatica,late,70_-164,101,1
NC|693|Nyssa sylvatica,NC,693,Nyssa sylvatica,late,70_-165,586,14
NC|693|Nyssa sylvatica,NC,693,Nyssa sylvatica,late,70_-166,1560,14
NC|693|Nyssa sylvatica,NC,693,Nyssa sylvatica,late,70_-167,1231,10
NC|693|Nyssa sylvatica,NC,693,Nyssa sylvatica,late,70_-168,684,7
NC|693|Nyssa sylvatica,NC,693,Nyssa sylvatica,late,70_-169,68,1
NC|693|Nyssa sylvatica,NC,693,Nyssa sylvatica,late,71_-151,20,0
NC|693|Nyssa sylvatica,NC,693,Nyssa sylvatica,late,71_-152,119,0
NC|693|Nyssa sylvatica,NC,693,Nyssa sylvatica,late,71_-153,23,0
NC|693|Nyssa sylvatica,NC,693,Nyssa sylvatica,late,71_-154,46,0
NC|693|Nyssa sylvatica,NC,693,Nyssa sylvatica,late,71_-155,131,2
NC|693|Nyssa sylvatica,NC,693,Nyssa sylvatica,late,71_-156,62,0
NC|693|Nyssa sylvatica,NC,693,Nyssa sylvatica,late,71_-157,563,9
NC|693|Nyssa sylvatica,NC,693,Nyssa sylvatica,late,71_-158,5141,98
NC|693|Nyssa sylvatica,NC,693,Nyssa sylvatica,late,71_-159,3247,81
NC|693|Nyssa sylvatica,NC,693,Nyssa sylvatica,late,71_-160,228,1
NC|693|Nyssa sylvatica,NC,693,Nyssa sylvatica,late,71_-161,299,3
NC|693|Nyssa sylvatica,NC,693,Nyssa sylvatica,late,71_-162,370,1
NC|693|Nyssa sylvatica,NC,693,Nyssa sylvatica,late,71_-163,844,14
NC|693|Nyssa sylvatica,NC,693,Nyssa sylvatica,late,71_-164,573,7
NC|693|Nyssa sylvatica,NC,693,Nyssa sylvatica,late,71_-165,1518,15
NC|693|Nyssa sylvatica,NC,693,Nyssa sylvatica,late,71_-166,1830,19
NC|693|Nyssa sylvatica,NC,693,Nyssa sylvatica,late,71_-167,520,2
NC|693|Nyssa sylvatica,NC,693,Nyssa sylvatica,late,71_-168,18,0
NC|693|Nyssa sylvatica,NC,693,Nyssa sylvatica,late,72_-152,405,10
NC|693|Nyssa sylvatica,NC,693,Nyssa sylvatica,late,72_-153,42,2
NC|693|Nyssa sylvatica,NC,693,Nyssa sylvatica,late,72_-154,43,2
NC|693|Nyssa sylvatica,NC,693,Nyssa sylvatica,late,72_-155,22,0
NC|693|Nyssa sylvatica,NC,693,Nyssa sylvatica,late,72_-156,61,0
NC|693|Nyssa sylvatica,NC,693,Nyssa sylvatica,late,72_-157,110,2
NC|693|Nyssa sylvatica,NC,693,Nyssa sylvatica,late,72_-158,1421,30
NC|693|Nyssa sylvatica,NC,693,Nyssa sylvatica,late,72_-159,1353,31
NC|693|Nyssa sylvatica,NC,693,Nyssa sylvatica,late,72_-160,1118,18
NC|693|Nyssa sylvatica,NC,693,Nyssa sylvatica,late,72_-161,788,9
NC|693|Nyssa sylvatica,NC,693,Nyssa sylvatica,late,72_-162,165,3
NC|693|Nyssa sylvatica,NC,693,Nyssa sylvatica,late,72_-163,489,11
NC|693|Nyssa sylvatica,NC,693,Nyssa sylvatica,late,72_-164,1835,11
NC|693|Nyssa sylvatica,NC,693,Nyssa sylvatica,late,72_-165,73,0
NC|693|Nyssa sylvatica,NC,693,Nyssa sylvatica,late,72_-166,12,0
NC|693|Nyssa sylvatica,NC,693,Nyssa sylvatica,late,73_-152,6,0
NC|693|Nyssa sylvatica,NC,693,Nyssa sylvatica,late,73_-153,15,0
NC|693|Nyssa sylvatica,NC,693,Nyssa sylvatica,late,73_-154,3,0
NC|693|Nyssa sylvatica,NC,693,Nyssa sylvatica,late,73_-155,2,0
NC|693|Nyssa sylvatica,NC,693,Nyssa sylvatica,late,73_-156,8,0
NC|693|Nyssa sylvatica,NC,693,Nyssa sylvatica,late,73_-157,3,0
NC|693|Nyssa sylvatica,NC,693,Nyssa sylvatica,late,73_-158,1,0
NC|693|Nyssa sylvatica,NC,693,Nyssa sylvatica,late,73_-159,5,0
NC|693|Nyssa sylvatica,NC,693,Nyssa sylvatica,late,73_-160,12,0
NC|693|Nyssa sylvatica,NC,693,Nyssa sylvatica,late,73_-161,2,0
NC|693|Nyssa sylvatica,NC,693,Nyssa sylvatica,late,73_-162,23,0
NC|693|Nyssa sylvatica,NC,693,Nyssa sylvatica,late,73_-163,21,1
NC|693|Nyssa sylvatica,NC,693,Nyssa sylvatica,late,73_-164,22,0
NC|711|Oxydendrum arboreum,NC,711,Oxydendrum arboreum,early,67_-156,3,0
NC|711|Oxydendrum arboreum,NC,711,Oxydendrum arboreum,early,67_-157,2,0
NC|711|Oxydendrum arboreum,NC,711,Oxydendrum arboreum,early,68_-156,22,0
NC|711|Oxydendrum arboreum,NC,711,Oxydendrum arboreum,early,68_-157,3,0
NC|711|Oxydendrum arboreum,NC,711,Oxydendrum arboreum,early,68_-159,9,0
NC|711|Oxydendrum arboreum,NC,711,Oxydendrum arboreum,early,69_-154,10,0
NC|711|Oxydendrum arboreum,NC,711,Oxydendrum arboreum,early,69_-155,2,0
NC|711|Oxydendrum arboreum,NC,711,Oxydendrum arboreum,early,69_-156,2,0
NC|711|Oxydendrum arboreum,NC,711,Oxydendrum arboreum,early,69_-158,4,0
NC|711|Oxydendrum arboreum,NC,711,Oxydendrum arboreum,early,69_-159,3,0
NC|711|Oxydendrum arboreum,NC,711,Oxydendrum arboreum,early,69_-162,6,0
NC|711|Oxydendrum arboreum,NC,711,Oxydendrum arboreum,early,70_-151,2,0
NC|711|Oxydendrum arboreum,NC,711,Oxydendrum arboreum,early,70_-152,6,0
NC|711|Oxydendrum arboreum,NC,711,Oxydendrum arboreum,early,70_-153,1,0
NC|711|Oxydendrum arboreum,NC,711,Oxydendrum arboreum,early,70_-154,7,2
NC|711|Oxydendrum arboreum,NC,711,Oxydendrum arboreum,early,70_-155,3,0
NC|711|Oxydendrum arboreum,NC,711,Oxydendrum arboreum,early,70_-157,1,0
NC|711|Oxydendrum arboreum,NC,711,Oxydendrum arboreum,early,70_-158,85,2
NC|711|Oxydendrum arboreum,NC,711,Oxydendrum arboreum,early,70_-159,26,7
NC|711|Oxydendrum arboreum,NC,711,Oxydendrum arboreum,early,70_-160,9,2
NC|711|Oxydendrum arboreum,NC,711,Oxydendrum arboreum,early,70_-161,47,5
NC|711|Oxydendrum arboreum,NC,711,Oxydendrum arboreum,early,70_-162,139,0
NC|711|Oxydendrum arboreum,NC,711,Oxydendrum arboreum,early,70_-163,24,1
NC|711|Oxydendrum arboreum,NC,711,Oxydendrum arboreum,early,70_-164,22,0
NC|711|Oxydendrum arboreum,NC,711,Oxydendrum arboreum,early,70_-165,32,3
NC|711|Oxydendrum arboreum,NC,711,Oxydendrum arboreum,early,70_-166,174,18
NC|711|Oxydendrum arboreum,NC,711,Oxydendrum arboreum,early,70_-167,109,5
NC|711|Oxydendrum arboreum,NC,711,Oxydendrum arboreum,early,70_-168,56,2
NC|711|Oxydendrum arboreum,NC,711,Oxydendrum arboreum,early,70_-169,11,0
NC|711|Oxydendrum arboreum,NC,711,Oxydendrum arboreum,early,71_-152,13,0
NC|711|Oxydendrum arboreum,NC,711,Oxydendrum arboreum,early,71_-153,7,0
NC|711|Oxydendrum arboreum,NC,711,Oxydendrum arboreum,early,71_-154,19,0
NC|711|Oxydendrum arboreum,NC,711,Oxydendrum arboreum,early,71_-155,2,0
NC|711|Oxydendrum arboreum,NC,711,Oxydendrum arboreum,early,71_-156,2,0
NC|711|Oxydendrum arboreum,NC,711,Oxydendrum arboreum,early,71_-157,53,2
NC|711|Oxydendrum arboreum,NC,711,Oxydendrum arboreum,early,71_-158,779,33
NC|711|Oxydendrum arboreum,NC,711,Oxydendrum arboreum,early,71_-159,545,22
NC|711|Oxydendrum arboreum,NC,711,Oxydendrum arboreum,early,71_-160,27,2
NC|711|Oxydendrum arboreum,NC,711,Oxydendrum arboreum,early,71_-161,10,0
NC|711|Oxydendrum arboreum,NC,711,Oxydendrum arboreum,early,71_-162,35,2
NC|711|Oxydendrum arboreum,NC,711,Oxydendrum arboreum,early,71_-163,54,4
NC|711|Oxydendrum arboreum,NC,711,Oxydendrum arboreum,early,71_-164,40,2
NC|711|Oxydendrum arboreum,NC,711,Oxydendrum arboreum,early,71_-165,213,11
NC|711|Oxydendrum arboreum,NC,711,Oxydendrum arboreum,early,71_-166,156,3
NC|711|Oxydendrum arboreum,NC,711,Oxydendrum arboreum,early,71_-167,102,5
NC|711|Oxydendrum arboreum,NC,711,Oxydendrum arboreum,early,71_-168,1,0
NC|711|Oxydendrum arboreum,NC,711,Oxydendrum arboreum,early,72_-152,15,0
NC|711|Oxydendrum arboreum,NC,711,Oxydendrum arboreum,early,72_-153,26,0
NC|711|Oxydendrum arboreum,NC,711,Oxydendrum arboreum,early,72_-154,7,1
NC|711|Oxydendrum arboreum,NC,711,Oxydendrum arboreum,early,72_-155,2,0
NC|711|Oxydendrum arboreum,NC,711,Oxydendrum arboreum,early,72_-157,16,1
NC|711|Oxydendrum arboreum,NC,711,Oxydendrum arboreum,early,72_-158,195,5
NC|711|Oxydendrum arboreum,NC,711,Oxydendrum arboreum,early,72_-159,156,11
NC|711|Oxydendrum arboreum,NC,711,Oxydendrum arboreum,early,72_-160,59,1
NC|711|Oxydendrum arboreum,NC,711,Oxydendrum arboreum,early,72_-161,41,3
NC|711|Oxydendrum arboreum,NC,711,Oxydendrum arboreum,early,72_-162,15,1
NC|711|Oxydendrum arboreum,NC,711,Oxydendrum arboreum,early,72_-163,18,1
NC|711|Oxydendrum arboreum,NC,711,Oxydendrum arboreum,early,72_-164,77,1
NC|711|Oxydendrum arboreum,NC,711,Oxydendrum arboreum,early,72_-165,14,0
NC|711|Oxydendrum arboreum,NC,711,Oxydendrum arboreum,early,73_-152,5,0
NC|711|Oxydendrum arboreum,NC,711,Oxydendrum arboreum,early,73_-153,3,0
NC|711|Oxydendrum arboreum,NC,711,Oxydendrum arboreum,early,73_-157,3,0
NC|711|Oxydendrum arboreum,NC,711,Oxydendrum arboreum,early,73_-164,1,0
NC|711|Oxydendrum arboreum,NC,711,Oxydendrum arboreum,late,67_-156,35,0
NC|711|Oxydendrum arboreum,NC,711,Oxydendrum arboreum,late,67_-157,55,0
NC|711|Oxydendrum arboreum,NC,711,Oxydendrum arboreum,late,67_-158,9,0
NC|711|Oxydendrum arboreum,NC,711,Oxydendrum arboreum,late,68_-155,2,0
NC|711|Oxydendrum arboreum,NC,711,Oxydendrum arboreum,late,68_-156,424,0
NC|711|Oxydendrum arboreum,NC,711,Oxydendrum arboreum,late,68_-157,50,0
NC|711|Oxydendrum arboreum,NC,711,Oxydendrum arboreum,late,68_-158,26,0
NC|711|Oxydendrum arboreum,NC,711,Oxydendrum arboreum,late,68_-159,5,0
NC|711|Oxydendrum arboreum,NC,711,Oxydendrum arboreum,late,69_-153,2,0
NC|711|Oxydendrum arboreum,NC,711,Oxydendrum arboreum,late,69_-154,178,3
NC|711|Oxydendrum arboreum,NC,711,Oxydendrum arboreum,late,69_-155,107,5
NC|711|Oxydendrum arboreum,NC,711,Oxydendrum arboreum,late,69_-156,21,0
NC|711|Oxydendrum arboreum,NC,711,Oxydendrum arboreum,late,69_-157,13,0
NC|711|Oxydendrum arboreum,NC,711,Oxydendrum arboreum,late,69_-158,35,0
NC|711|Oxydendrum arboreum,NC,711,Oxydendrum arboreum,late,69_-159,80,0
NC|711|Oxydendrum arboreum,NC,711,Oxydendrum arboreum,late,69_-160,62,4
NC|711|Oxydendrum arboreum,NC,711,Oxydendrum arboreum,late,69_-161,188,5
NC|711|Oxydendrum arboreum,NC,711,Oxydendrum arboreum,late,69_-162,85,9
NC|711|Oxydendrum arboreum,NC,711,Oxydendrum arboreum,late,69_-167,1,0
NC|711|Oxydendrum arboreum,NC,711,Oxydendrum arboreum,late,69_-168,4,0
NC|711|Oxydendrum arboreum,NC,711,Oxydendrum arboreum,late,69_-169,2,0
NC|711|Oxydendrum arboreum,NC,711,Oxydendrum arboreum,late,70_-151,10,0
NC|711|Oxydendrum arboreum,NC,711,Oxydendrum arboreum,late,70_-152,88,0
NC|711|Oxydendrum arboreum,NC,711,Oxydendrum arboreum,late,70_-153,8,0
NC|711|Oxydendrum arboreum,NC,711,Oxydendrum arboreum,late,70_-154,32,3
NC|711|Oxydendrum arboreum,NC,711,Oxydendrum arboreum,late,70_-155,59,3
NC|711|Oxydendrum arboreum,NC,711,Oxydendrum arboreum,late,70_-156,54,3
NC|711|Oxydendrum arboreum,NC,711,Oxydendrum arboreum,late,70_-157,22,1
NC|711|Oxydendrum arboreum,NC,711,Oxydendrum arboreum,late,70_-158,244,16
NC|711|Oxydendrum arboreum,NC,711,Oxydendrum arboreum,late,70_-159,307,38
NC|711|Oxydendrum arboreum,NC,711,Oxydendrum arboreum,late,70_-160,108,12
NC|711|Oxydendrum arboreum,NC,711,Oxydendrum arboreum,late,70_-161,287,29
NC|711|Oxydendrum arboreum,NC,711,Oxydendrum arboreum,late,70_-162,1286,28
NC|711|Oxydendrum arboreum,NC,711,Oxydendrum arboreum,late,70_-163,382,20
NC|711|Oxydendrum arboreum,NC,711,Oxydendrum arboreum,late,70_-164,101,8
NC|711|Oxydendrum arboreum,NC,711,Oxydendrum arboreum,late,70_-165,586,38
NC|711|Oxydendrum arboreum,NC,711,Oxydendrum arboreum,late,70_-166,1560,152
NC|711|Oxydendrum arboreum,NC,711,Oxydendrum arboreum,late,70_-167,1231,71
NC|711|Oxydendrum arboreum,NC,711,Oxydendrum arboreum,late,70_-168,684,50
NC|711|Oxydendrum arboreum,NC,711,Oxydendrum arboreum,late,70_-169,68,8
NC|711|Oxydendrum arboreum,NC,711,Oxydendrum arboreum,late,71_-151,20,0
NC|711|Oxydendrum arboreum,NC,711,Oxydendrum arboreum,late,71_-152,119,0
NC|711|Oxydendrum arboreum,NC,711,Oxydendrum arboreum,late,71_-153,23,0
NC|711|Oxydendrum arboreum,NC,711,Oxydendrum arboreum,late,71_-154,46,1
NC|711|Oxydendrum arboreum,NC,711,Oxydendrum arboreum,late,71_-155,131,2
NC|711|Oxydendrum arboreum,NC,711,Oxydendrum arboreum,late,71_-156,62,1
NC|711|Oxydendrum arboreum,NC,711,Oxydendrum arboreum,late,71_-157,563,46
NC|711|Oxydendrum arboreum,NC,711,Oxydendrum arboreum,late,71_-158,5141,293
NC|711|Oxydendrum arboreum,NC,711,Oxydendrum arboreum,late,71_-159,3247,160
NC|711|Oxydendrum arboreum,NC,711,Oxydendrum arboreum,late,71_-160,228,13
NC|711|Oxydendrum arboreum,NC,711,Oxydendrum arboreum,late,71_-161,299,6
NC|711|Oxydendrum arboreum,NC,711,Oxydendrum arboreum,late,71_-162,370,18
NC|711|Oxydendrum arboreum,NC,711,Oxydendrum arboreum,late,71_-163,844,54
NC|711|Oxydendrum arboreum,NC,711,Oxydendrum arboreum,late,71_-164,573,46
NC|711|Oxydendrum arboreum,NC,711,Oxydendrum arboreum,late,71_-165,1518,81
NC|711|Oxydendrum arboreum,NC,711,Oxydendrum arboreum,late,71_-166,1830,79
NC|711|Oxydendrum arboreum,NC,711,Oxydendrum arboreum,late,71_-167,520,25
NC|711|Oxydendrum arboreum,NC,711,Oxydendrum arboreum,late,71_-168,18,2
NC|711|Oxydendrum arboreum,NC,711,Oxydendrum arboreum,late,72_-152,405,4
NC|711|Oxydendrum arboreum,NC,711,Oxydendrum arboreum,late,72_-153,42,4
NC|711|Oxydendrum arboreum,NC,711,Oxydendrum arboreum,late,72_-154,43,5
NC|711|Oxydendrum arboreum,NC,711,Oxydendrum arboreum,late,72_-155,22,1
NC|711|Oxydendrum arboreum,NC,711,Oxydendrum arboreum,late,72_-156,61,3
NC|711|Oxydendrum arboreum,NC,711,Oxydendrum arboreum,late,72_-157,110,9
NC|711|Oxydendrum arboreum,NC,711,Oxydendrum arboreum,late,72_-158,1421,65
NC|711|Oxydendrum arboreum,NC,711,Oxydendrum arboreum,late,72_-159,1353,87
NC|711|Oxydendrum arboreum,NC,711,Oxydendrum arboreum,late,72_-160,1118,33
NC|711|Oxydendrum arboreum,NC,711,Oxydendrum arboreum,late,72_-161,788,50
NC|711|Oxydendrum arboreum,NC,711,Oxydendrum arboreum,late,72_-162,165,11
NC|711|Oxydendrum arboreum,NC,711,Oxydendrum arboreum,late,72_-163,489,17
NC|711|Oxydendrum arboreum,NC,711,Oxydendrum arboreum,late,72_-164,1835,70
NC|711|Oxydendrum arboreum,NC,711,Oxydendrum arboreum,late,72_-165,73,1
NC|711|Oxydendrum arboreum,NC,711,Oxydendrum arboreum,late,72_-166,12,0
NC|711|Oxydendrum arboreum,NC,711,Oxydendrum arboreum,late,73_-152,6,0
NC|711|Oxydendrum arboreum,NC,711,Oxydendrum arboreum,late,73_-153,15,0
NC|711|Oxydendrum arboreum,NC,711,Oxydendrum arboreum,late,73_-154,3,0
NC|711|Oxydendrum arboreum,NC,711,Oxydendrum arboreum,late,73_-155,2,0
NC|711|Oxydendrum arboreum,NC,711,Oxydendrum arboreum,late,73_-156,8,1
NC|711|Oxydendrum arboreum,NC,711,Oxydendrum arboreum,late,73_-157,3,1
NC|711|Oxydendrum arboreum,NC,711,Oxydendrum arboreum,late,73_-158,1,0
NC|711|Oxydendrum arboreum,NC,711,Oxydendrum arboreum,late,73_-159,5,1
NC|711|Oxydendrum arboreum,NC,711,Oxydendrum arboreum,late,73_-160,12,3
NC|711|Oxydendrum arboreum,NC,711,Oxydendrum arboreum,late,73_-161,2,0
NC|711|Oxydendrum arboreum,NC,711,Oxydendrum arboreum,late,73_-162,23,1
NC|711|Oxydendrum arboreum,NC,711,Oxydendrum arboreum,late,73_-163,21,0
NC|711|Oxydendrum arboreum,NC,711,Oxydendrum arboreum,late,73_-164,22,0
NC|762|Prunus serotina,NC,762,Prunus serotina,early,67_-156,3,0
NC|762|Prunus serotina,NC,762,Prunus serotina,early,67_-157,2,0
NC|762|Prunus serotina,NC,762,Prunus serotina,early,68_-156,22,1
NC|762|Prunus serotina,NC,762,Prunus serotina,early,68_-157,3,0
NC|762|Prunus serotina,NC,762,Prunus serotina,early,68_-159,9,1
NC|762|Prunus serotina,NC,762,Prunus serotina,early,69_-154,10,0
NC|762|Prunus serotina,NC,762,Prunus serotina,early,69_-155,2,0
NC|762|Prunus serotina,NC,762,Prunus serotina,early,69_-156,2,0
NC|762|Prunus serotina,NC,762,Prunus serotina,early,69_-158,4,0
NC|762|Prunus serotina,NC,762,Prunus serotina,early,69_-159,3,0
NC|762|Prunus serotina,NC,762,Prunus serotina,early,69_-162,6,0
NC|762|Prunus serotina,NC,762,Prunus serotina,early,70_-151,2,0
NC|762|Prunus serotina,NC,762,Prunus serotina,early,70_-152,6,0
NC|762|Prunus serotina,NC,762,Prunus serotina,early,70_-153,1,1
NC|762|Prunus serotina,NC,762,Prunus serotina,early,70_-154,7,0
NC|762|Prunus serotina,NC,762,Prunus serotina,early,70_-155,3,0
NC|762|Prunus serotina,NC,762,Prunus serotina,early,70_-157,1,0
NC|762|Prunus serotina,NC,762,Prunus serotina,early,70_-158,85,4
NC|762|Prunus serotina,NC,762,Prunus serotina,early,70_-159,26,0
NC|762|Prunus serotina,NC,762,Prunus serotina,early,70_-160,9,0
NC|762|Prunus serotina,NC,762,Prunus serotina,early,70_-161,47,1
NC|762|Prunus serotina,NC,762,Prunus serotina,early,70_-162,139,3
NC|762|Prunus serotina,NC,762,Prunus serotina,early,70_-163,24,1
NC|762|Prunus serotina,NC,762,Prunus serotina,early,70_-164,22,0
NC|762|Prunus serotina,NC,762,Prunus serotina,early,70_-165,32,0
NC|762|Prunus serotina,NC,762,Prunus serotina,early,70_-166,174,1
NC|762|Prunus serotina,NC,762,Prunus serotina,early,70_-167,109,1
NC|762|Prunus serotina,NC,762,Prunus serotina,early,70_-168,56,0
NC|762|Prunus serotina,NC,762,Prunus serotina,early,70_-169,11,1
NC|762|Prunus serotina,NC,762,Prunus serotina,early,71_-152,13,2
NC|762|Prunus serotina,NC,762,Prunus serotina,early,71_-153,7,1
NC|762|Prunus serotina,NC,762,Prunus serotina,early,71_-154,19,2
NC|762|Prunus serotina,NC,762,Prunus serotina,early,71_-155,2,0
NC|762|Prunus serotina,NC,762,Prunus serotina,early,71_-156,2,0
NC|762|Prunus serotina,NC,762,Prunus serotina,early,71_-157,53,1
NC|762|Prunus serotina,NC,762,Prunus serotina,early,71_-158,779,27
NC|762|Prunus serotina,NC,762,Prunus serotina,early,71_-159,545,14
NC|762|Prunus serotina,NC,762,Prunus serotina,early,71_-160,27,0
NC|762|Prunus serotina,NC,762,Prunus serotina,early,71_-161,10,0
NC|762|Prunus serotina,NC,762,Prunus serotina,early,71_-162,35,1
NC|762|Prunus serotina,NC,762,Prunus serotina,early,71_-163,54,1
NC|762|Prunus serotina,NC,762,Prunus serotina,early,71_-164,40,0
NC|762|Prunus serotina,NC,762,Prunus serotina,early,71_-165,213,5
NC|762|Prunus serotina,NC,762,Prunus serotina,early,71_-166,156,6
NC|762|Prunus serotina,NC,762,Prunus serotina,early,71_-167,102,0
NC|762|Prunus serotina,NC,762,Prunus serotina,early,71_-168,1,0
NC|762|Prunus serotina,NC,762,Prunus serotina,early,72_-152,15,1
NC|762|Prunus serotina,NC,762,Prunus serotina,early,72_-153,26,0
NC|762|Prunus serotina,NC,762,Prunus serotina,early,72_-154,7,0
NC|762|Prunus serotina,NC,762,Prunus serotina,early,72_-155,2,0
NC|762|Prunus serotina,NC,762,Prunus serotina,early,72_-157,16,0
NC|762|Prunus serotina,NC,762,Prunus serotina,early,72_-158,195,4
NC|762|Prunus serotina,NC,762,Prunus serotina,early,72_-159,156,2
NC|762|Prunus serotina,NC,762,Prunus serotina,early,72_-160,59,1
NC|762|Prunus serotina,NC,762,Prunus serotina,early,72_-161,41,0
NC|762|Prunus serotina,NC,762,Prunus serotina,early,72_-162,15,0
NC|762|Prunus serotina,NC,762,Prunus serotina,early,72_-163,18,0
NC|762|Prunus serotina,NC,762,Prunus serotina,early,72_-164,77,0
NC|762|Prunus serotina,NC,762,Prunus serotina,early,72_-165,14,0
NC|762|Prunus serotina,NC,762,Prunus serotina,early,73_-152,5,0
NC|762|Prunus serotina,NC,762,Prunus serotina,early,73_-153,3,1
NC|762|Prunus serotina,NC,762,Prunus serotina,early,73_-157,3,0
NC|762|Prunus serotina,NC,762,Prunus serotina,early,73_-164,1,0
NC|762|Prunus serotina,NC,762,Prunus serotina,late,67_-156,35,0
NC|762|Prunus serotina,NC,762,Prunus serotina,late,67_-157,55,2
NC|762|Prunus serotina,NC,762,Prunus serotina,late,67_-158,9,1
NC|762|Prunus serotina,NC,762,Prunus serotina,late,68_-155,2,0
NC|762|Prunus serotina,NC,762,Prunus serotina,late,68_-156,424,23
NC|762|Prunus serotina,NC,762,Prunus serotina,late,68_-157,50,1
NC|762|Prunus serotina,NC,762,Prunus serotina,late,68_-158,26,2
NC|762|Prunus serotina,NC,762,Prunus serotina,late,68_-159,5,0
NC|762|Prunus serotina,NC,762,Prunus serotina,late,69_-153,2,0
NC|762|Prunus serotina,NC,762,Prunus serotina,late,69_-154,178,7
NC|762|Prunus serotina,NC,762,Prunus serotina,late,69_-155,107,8
NC|762|Prunus serotina,NC,762,Prunus serotina,late,69_-156,21,1
NC|762|Prunus serotina,NC,762,Prunus serotina,late,69_-157,13,0
NC|762|Prunus serotina,NC,762,Prunus serotina,late,69_-158,35,1
NC|762|Prunus serotina,NC,762,Prunus serotina,late,69_-159,80,4
NC|762|Prunus serotina,NC,762,Prunus serotina,late,69_-160,62,6
NC|762|Prunus serotina,NC,762,Prunus serotina,late,69_-161,188,12
NC|762|Prunus serotina,NC,762,Prunus serotina,late,69_-162,85,0
NC|762|Prunus serotina,NC,762,Prunus serotina,late,69_-167,1,0
NC|762|Prunus serotina,NC,762,Prunus serotina,late,69_-168,4,0
NC|762|Prunus serotina,NC,762,Prunus serotina,late,69_-169,2,0
NC|762|Prunus serotina,NC,762,Prunus serotina,late,70_-151,10,0
NC|762|Prunus serotina,NC,762,Prunus serotina,late,70_-152,88,0
NC|762|Prunus serotina,NC,762,Prunus serotina,late,70_-153,8,1
NC|762|Prunus serotina,NC,762,Prunus serotina,late,70_-154,32,0
NC|762|Prunus serotina,NC,762,Prunus serotina,late,70_-155,59,3
NC|762|Prunus serotina,NC,762,Prunus serotina,late,70_-156,54,3
NC|762|Prunus serotina,NC,762,Prunus serotina,late,70_-157,22,2
NC|762|Prunus serotina,NC,762,Prunus serotina,late,70_-158,244,6
NC|762|Prunus serotina,NC,762,Prunus serotina,late,70_-159,307,5
NC|762|Prunus serotina,NC,762,Prunus serotina,late,70_-160,108,6
NC|762|Prunus serotina,NC,762,Prunus serotina,late,70_-161,287,11
NC|762|Prunus serotina,NC,762,Prunus serotina,late,70_-162,1286,20
NC|762|Prunus serotina,NC,762,Prunus serotina,late,70_-163,382,14
NC|762|Prunus serotina,NC,762,Prunus serotina,late,70_-164,101,4
NC|762|Prunus serotina,NC,762,Prunus serotina,late,70_-165,586,12
NC|762|Prunus serotina,NC,762,Prunus serotina,late,70_-166,1560,8
NC|762|Prunus serotina,NC,762,Prunus serotina,late,70_-167,1231,16
NC|762|Prunus serotina,NC,762,Prunus serotina,late,70_-168,684,11
NC|762|Prunus serotina,NC,762,Prunus serotina,late,70_-169,68,2
NC|762|Prunus serotina,NC,762,Prunus serotina,late,71_-151,20,0
NC|762|Prunus serotina,NC,762,Prunus serotina,late,71_-152,119,16
NC|762|Prunus serotina,NC,762,Prunus serotina,late,71_-153,23,0
NC|762|Prunus serotina,NC,762,Prunus serotina,late,71_-154,46,5
NC|762|Prunus serotina,NC,762,Prunus serotina,late,71_-155,131,7
NC|762|Prunus serotina,NC,762,Prunus serotina,late,71_-156,62,5
NC|762|Prunus serotina,NC,762,Prunus serotina,late,71_-157,563,25
NC|762|Prunus serotina,NC,762,Prunus serotina,late,71_-158,5141,161
NC|762|Prunus serotina,NC,762,Prunus serotina,late,71_-159,3247,81
NC|762|Prunus serotina,NC,762,Prunus serotina,late,71_-160,228,5
NC|762|Prunus serotina,NC,762,Prunus serotina,late,71_-161,299,11
NC|762|Prunus serotina,NC,762,Prunus serotina,late,71_-162,370,10
NC|762|Prunus serotina,NC,762,Prunus serotina,late,71_-163,844,17
NC|762|Prunus serotina,NC,762,Prunus serotina,late,71_-164,573,10
NC|762|Prunus serotina,NC,762,Prunus serotina,late,71_-165,1518,32
NC|762|Prunus serotina,NC,762,Prunus serotina,late,71_-166,1830,44
NC|762|Prunus serotina,NC,762,Prunus serotina,late,71_-167,520,1
NC|762|Prunus serotina,NC,762,Prunus serotina,late,71_-168,18,0
NC|762|Prunus serotina,NC,762,Prunus serotina,late,72_-152,405,29
NC|762|Prunus serotina,NC,762,Prunus serotina,late,72_-153,42,8
NC|762|Prunus serotina,NC,762,Prunus serotina,late,72_-154,43,0
NC|762|Prunus serotina,NC,762,Prunus serotina,late,72_-155,22,2
NC|762|Prunus serotina,NC,762,Prunus serotina,late,72_-156,61,0
NC|762|Prunus serotina,NC,762,Prunus serotina,late,72_-157,110,1
NC|762|Prunus serotina,NC,762,Prunus serotina,late,72_-158,1421,38
NC|762|Prunus serotina,NC,762,Prunus serotina,late,72_-159,1353,32
NC|762|Prunus serotina,NC,762,Prunus serotina,late,72_-160,1118,20
NC|762|Prunus serotina,NC,762,Prunus serotina,late,72_-161,788,14
NC|762|Prunus serotina,NC,762,Prunus serotina,late,72_-162,165,2
NC|762|Prunus serotina,NC,762,Prunus serotina,late,72_-163,489,8
NC|762|Prunus serotina,NC,762,Prunus serotina,late,72_-164,1835,48
NC|762|Prunus serotina,NC,762,Prunus serotina,late,72_-165,73,3
NC|762|Prunus serotina,NC,762,Prunus serotina,late,72_-166,12,0
NC|762|Prunus serotina,NC,762,Prunus serotina,late,73_-152,6,1
NC|762|Prunus serotina,NC,762,Prunus serotina,late,73_-153,15,2
NC|762|Prunus serotina,NC,762,Prunus serotina,late,73_-154,3,1
NC|762|Prunus serotina,NC,762,Prunus serotina,late,73_-155,2,0
NC|762|Prunus serotina,NC,762,Prunus serotina,late,73_-156,8,0
NC|762|Prunus serotina,NC,762,Prunus serotina,late,73_-157,3,0
NC|762|Prunus serotina,NC,762,Prunus serotina,late,73_-158,1,0
NC|762|Prunus serotina,NC,762,Prunus serotina,late,73_-159,5,1
NC|762|Prunus serotina,NC,762,Prunus serotina,late,73_-160,12,0
NC|762|Prunus serotina,NC,762,Prunus serotina,late,73_-161,2,0
NC|762|Prunus serotina,NC,762,Prunus serotina,late,73_-162,23,1
NC|762|Prunus serotina,NC,762,Prunus serotina,late,73_-163,21,0
NC|762|Prunus serotina,NC,762,Prunus serotina,late,73_-164,22,0
NC|802|Quercus alba,NC,802,Quercus alba,early,67_-156,3,0
NC|802|Quercus alba,NC,802,Quercus alba,early,67_-157,2,0
NC|802|Quercus alba,NC,802,Quercus alba,early,68_-156,22,0
NC|802|Quercus alba,NC,802,Quercus alba,early,68_-157,3,0
NC|802|Quercus alba,NC,802,Quercus alba,early,68_-159,9,0
NC|802|Quercus alba,NC,802,Quercus alba,early,69_-154,10,1
NC|802|Quercus alba,NC,802,Quercus alba,early,69_-155,2,0
NC|802|Quercus alba,NC,802,Quercus alba,early,69_-156,2,0
NC|802|Quercus alba,NC,802,Quercus alba,early,69_-158,4,0
NC|802|Quercus alba,NC,802,Quercus alba,early,69_-159,3,0
NC|802|Quercus alba,NC,802,Quercus alba,early,69_-162,6,0
NC|802|Quercus alba,NC,802,Quercus alba,early,70_-151,2,0
NC|802|Quercus alba,NC,802,Quercus alba,early,70_-152,6,0
NC|802|Quercus alba,NC,802,Quercus alba,early,70_-153,1,0
NC|802|Quercus alba,NC,802,Quercus alba,early,70_-154,7,1
NC|802|Quercus alba,NC,802,Quercus alba,early,70_-155,3,1
NC|802|Quercus alba,NC,802,Quercus alba,early,70_-157,1,0
NC|802|Quercus alba,NC,802,Quercus alba,early,70_-158,85,4
NC|802|Quercus alba,NC,802,Quercus alba,early,70_-159,26,1
NC|802|Quercus alba,NC,802,Quercus alba,early,70_-160,9,1
NC|802|Quercus alba,NC,802,Quercus alba,early,70_-161,47,6
NC|802|Quercus alba,NC,802,Quercus alba,early,70_-162,139,8
NC|802|Quercus alba,NC,802,Quercus alba,early,70_-163,24,2
NC|802|Quercus alba,NC,802,Quercus alba,early,70_-164,22,1
NC|802|Quercus alba,NC,802,Quercus alba,early,70_-165,32,2
NC|802|Quercus alba,NC,802,Quercus alba,early,70_-166,174,8
NC|802|Quercus alba,NC,802,Quercus alba,early,70_-167,109,5
NC|802|Quercus alba,NC,802,Quercus alba,early,70_-168,56,2
NC|802|Quercus alba,NC,802,Quercus alba,early,70_-169,11,0
NC|802|Quercus alba,NC,802,Quercus alba,early,71_-152,13,0
NC|802|Quercus alba,NC,802,Quercus alba,early,71_-153,7,1
NC|802|Quercus alba,NC,802,Quercus alba,early,71_-154,19,2
NC|802|Quercus alba,NC,802,Quercus alba,early,71_-155,2,0
NC|802|Quercus alba,NC,802,Quercus alba,early,71_-156,2,0
NC|802|Quercus alba,NC,802,Quercus alba,early,71_-157,53,4
NC|802|Quercus alba,NC,802,Quercus alba,early,71_-158,779,64
NC|802|Quercus alba,NC,802,Quercus alba,early,71_-159,545,38
NC|802|Quercus alba,NC,802,Quercus alba,early,71_-160,27,3
NC|802|Quercus alba,NC,802,Quercus alba,early,71_-161,10,0
NC|802|Quercus alba,NC,802,Quercus alba,early,71_-162,35,3
NC|802|Quercus alba,NC,802,Quercus alba,early,71_-163,54,4
NC|802|Quercus alba,NC,802,Quercus alba,early,71_-164,40,1
NC|802|Quercus alba,NC,802,Quercus alba,early,71_-165,213,12
NC|802|Quercus alba,NC,802,Quercus alba,early,71_-166,156,6
NC|802|Quercus alba,NC,802,Quercus alba,early,71_-167,102,5
NC|802|Quercus alba,NC,802,Quercus alba,early,71_-168,1,0
NC|802|Quercus alba,NC,802,Quercus alba,early,72_-152,15,1
NC|802|Quercus alba,NC,802,Quercus alba,early,72_-153,26,0
NC|802|Quercus alba,NC,802,Quercus alba,early,72_-154,7,0
NC|802|Quercus alba,NC,802,Quercus alba,early,72_-155,2,0
NC|802|Quercus alba,NC,802,Quercus alba,early,72_-157,16,1
NC|802|Quercus alba,NC,802,Quercus alba,early,72_-158,195,11
NC|802|Quercus alba,NC,802,Quercus alba,early,72_-159,156,10
NC|802|Quercus alba,NC,802,Quercus alba,early,72_-160,59,4
NC|802|Quercus alba,NC,802,Quercus alba,early,72_-161,41,0
NC|802|Quercus alba,NC,802,Quercus alba,early,72_-162,15,1
NC|802|Quercus alba,NC,802,Quercus alba,early,72_-163,18,1
NC|802|Quercus alba,NC,802,Quercus alba,early,72_-164,77,1
NC|802|Quercus alba,NC,802,Quercus alba,early,72_-165,14,0
NC|802|Quercus alba,NC,802,Quercus alba,early,73_-152,5,0
NC|802|Quercus alba,NC,802,Quercus alba,early,73_-153,3,0
NC|802|Quercus alba,NC,802,Quercus alba,early,73_-157,3,0
NC|802|Quercus alba,NC,802,Quercus alba,early,73_-164,1,0
NC|802|Quercus alba,NC,802,Quercus alba,late,67_-156,35,0
NC|802|Quercus alba,NC,802,Quercus alba,late,67_-157,55,0
NC|802|Quercus alba,NC,802,Quercus alba,late,67_-158,9,0
NC|802|Quercus alba,NC,802,Quercus alba,late,68_-155,2,0
NC|802|Quercus alba,NC,802,Quercus alba,late,68_-156,424,5
NC|802|Quercus alba,NC,802,Quercus alba,late,68_-157,50,1
NC|802|Quercus alba,NC,802,Quercus alba,late,68_-158,26,2
NC|802|Quercus alba,NC,802,Quercus alba,late,68_-159,5,0
NC|802|Quercus alba,NC,802,Quercus alba,late,69_-153,2,0
NC|802|Quercus alba,NC,802,Quercus alba,late,69_-154,178,5
NC|802|Quercus alba,NC,802,Quercus alba,late,69_-155,107,3
NC|802|Quercus alba,NC,802,Quercus alba,late,69_-156,21,0
NC|802|Quercus alba,NC,802,Quercus alba,late,69_-157,13,0
NC|802|Quercus alba,NC,802,Quercus alba,late,69_-158,35,4
NC|802|Quercus alba,NC,802,Quercus alba,late,69_-159,80,3
NC|802|Quercus alba,NC,802,Quercus alba,late,69_-160,62,2
NC|802|Quercus alba,NC,802,Quercus alba,late,69_-161,188,14
NC|802|Quercus alba,NC,802,Quercus alba,late,69_-162,85,1
NC|802|Quercus alba,NC,802,Quercus alba,late,69_-167,1,0
NC|802|Quercus alba,NC,802,Quercus alba,late,69_-168,4,1
NC|802|Quercus alba,NC,802,Quercus alba,late,69_-169,2,0
NC|802|Quercus alba,NC,802,Quercus alba,late,70_-151,10,0
NC|802|Quercus alba,NC,802,Quercus alba,late,70_-152,88,0
NC|802|Quercus alba,NC,802,Quercus alba,late,70_-153,8,0
NC|802|Quercus alba,NC,802,Quercus alba,late,70_-154,32,0
NC|802|Quercus alba,NC,802,Quercus alba,late,70_-155,59,2
NC|802|Quercus alba,NC,802,Quercus alba,late,70_-156,54,3
NC|802|Quercus alba,NC,802,Quercus alba,late,70_-157,22,1
NC|802|Quercus alba,NC,802,Quercus alba,late,70_-158,244,14
NC|802|Quercus alba,NC,802,Quercus alba,late,70_-159,307,7
NC|802|Quercus alba,NC,802,Quercus alba,late,70_-160,108,2
NC|802|Quercus alba,NC,802,Quercus alba,late,70_-161,287,21
NC|802|Quercus alba,NC,802,Quercus alba,late,70_-162,1286,70
NC|802|Quercus alba,NC,802,Quercus alba,late,70_-163,382,12
NC|802|Quercus alba,NC,802,Quercus alba,late,70_-164,101,3
NC|802|Quercus alba,NC,802,Quercus alba,late,70_-165,586,20
NC|802|Quercus alba,NC,802,Quercus alba,late,70_-166,1560,24
NC|802|Quercus alba,NC,802,Quercus alba,late,70_-167,1231,40
NC|802|Quercus alba,NC,802,Quercus alba,late,70_-168,684,18
NC|802|Quercus alba,NC,802,Quercus alba,late,70_-169,68,0
NC|802|Quercus alba,NC,802,Quercus alba,late,71_-151,20,0
NC|802|Quercus alba,NC,802,Quercus alba,late,71_-152,119,0
NC|802|Quercus alba,NC,802,Quercus alba,late,71_-153,23,0
NC|802|Quercus alba,NC,802,Quercus alba,late,71_-154,46,0
NC|802|Quercus alba,NC,802,Quercus alba,late,71_-155,131,4
NC|802|Quercus alba,NC,802,Quercus alba,late,71_-156,62,4
NC|802|Quercus alba,NC,802,Quercus alba,late,71_-157,563,47
NC|802|Quercus alba,NC,802,Quercus alba,late,71_-158,5141,327
NC|802|Quercus alba,NC,802,Quercus alba,late,71_-159,3247,202
NC|802|Quercus alba,NC,802,Quercus alba,late,71_-160,228,8
NC|802|Quercus alba,NC,802,Quercus alba,late,71_-161,299,18
NC|802|Quercus alba,NC,802,Quercus alba,late,71_-162,370,17
NC|802|Quercus alba,NC,802,Quercus alba,late,71_-163,844,48
NC|802|Quercus alba,NC,802,Quercus alba,late,71_-164,573,15
NC|802|Quercus alba,NC,802,Quercus alba,late,71_-165,1518,36
NC|802|Quercus alba,NC,802,Quercus alba,late,71_-166,1830,52
NC|802|Quercus alba,NC,802,Quercus alba,late,71_-167,520,10
NC|802|Quercus alba,NC,802,Quercus alba,late,71_-168,18,0
NC|802|Quercus alba,NC,802,Quercus alba,late,72_-152,405,40
NC|802|Quercus alba,NC,802,Quercus alba,late,72_-153,42,2
NC|802|Quercus alba,NC,802,Quercus alba,late,72_-154,43,0
NC|802|Quercus alba,NC,802,Quercus alba,late,72_-155,22,0
NC|802|Quercus alba,NC,802,Quercus alba,late,72_-156,61,2
NC|802|Quercus alba,NC,802,Quercus alba,late,72_-157,110,4
NC|802|Quercus alba,NC,802,Quercus alba,late,72_-158,1421,75
NC|802|Quercus alba,NC,802,Quercus alba,late,72_-159,1353,66
NC|802|Quercus alba,NC,802,Quercus alba,late,72_-160,1118,80
NC|802|Quercus alba,NC,802,Quercus alba,late,72_-161,788,30
NC|802|Quercus alba,NC,802,Quercus alba,late,72_-162,165,8
NC|802|Quercus alba,NC,802,Quercus alba,late,72_-163,489,18
NC|802|Quercus alba,NC,802,Quercus alba,late,72_-164,1835,38
NC|802|Quercus alba,NC,802,Quercus alba,late,72_-165,73,0
NC|802|Quercus alba,NC,802,Quercus alba,late,72_-166,12,0
NC|802|Quercus alba,NC,802,Quercus alba,late,73_-152,6,0
NC|802|Quercus alba,NC,802,Quercus alba,late,73_-153,15,0
NC|802|Quercus alba,NC,802,Quercus alba,late,73_-154,3,0
NC|802|Quercus alba,NC,802,Quercus alba,late,73_-155,2,0
NC|802|Quercus alba,NC,802,Quercus alba,late,73_-156,8,1
NC|802|Quercus alba,NC,802,Quercus alba,late,73_-157,3,0
NC|802|Quercus alba,NC,802,Quercus alba,late,73_-158,1,0
NC|802|Quercus alba,NC,802,Quercus alba,late,73_-159,5,0
NC|802|Quercus alba,NC,802,Quercus alba,late,73_-160,12,1
NC|802|Quercus alba,NC,802,Quercus alba,late,73_-161,2,0
NC|802|Quercus alba,NC,802,Quercus alba,late,73_-162,23,0
NC|802|Quercus alba,NC,802,Quercus alba,late,73_-163,21,2
NC|802|Quercus alba,NC,802,Quercus alba,late,73_-164,22,0
NC|832|Quercus prinus,NC,832,Quercus prinus,early,67_-156,3,0
NC|832|Quercus prinus,NC,832,Quercus prinus,early,67_-157,2,0
NC|832|Quercus prinus,NC,832,Quercus prinus,early,68_-156,22,0
NC|832|Quercus prinus,NC,832,Quercus prinus,early,68_-157,3,0
NC|832|Quercus prinus,NC,832,Quercus prinus,early,68_-159,9,0
NC|832|Quercus prinus,NC,832,Quercus prinus,early,69_-154,10,0
NC|832|Quercus prinus,NC,832,Quercus prinus,early,69_-155,2,0
NC|832|Quercus prinus,NC,832,Quercus prinus,early,69_-156,2,0
NC|832|Quercus prinus,NC,832,Quercus prinus,early,69_-158,4,0
NC|832|Quercus prinus,NC,832,Quercus prinus,early,69_-159,3,0
NC|832|Quercus prinus,NC,832,Quercus prinus,early,69_-162,6,0
NC|832|Quercus prinus,NC,832,Quercus prinus,early,70_-151,2,0
NC|832|Quercus prinus,NC,832,Quercus prinus,early,70_-152,6,0
NC|832|Quercus prinus,NC,832,Quercus prinus,early,70_-153,1,0
NC|832|Quercus prinus,NC,832,Quercus prinus,early,70_-154,7,0
NC|832|Quercus prinus,NC,832,Quercus prinus,early,70_-155,3,0
NC|832|Quercus prinus,NC,832,Quercus prinus,early,70_-157,1,0
NC|832|Quercus prinus,NC,832,Quercus prinus,early,70_-158,85,1
NC|832|Quercus prinus,NC,832,Quercus prinus,early,70_-159,26,0
NC|832|Quercus prinus,NC,832,Quercus prinus,early,70_-160,9,0
NC|832|Quercus prinus,NC,832,Quercus prinus,early,70_-161,47,2
NC|832|Quercus prinus,NC,832,Quercus prinus,early,70_-162,139,0
NC|832|Quercus prinus,NC,832,Quercus prinus,early,70_-163,24,1
NC|832|Quercus prinus,NC,832,Quercus prinus,early,70_-164,22,1
NC|832|Quercus prinus,NC,832,Quercus prinus,early,70_-165,32,2
NC|832|Quercus prinus,NC,832,Quercus prinus,early,70_-166,174,8
NC|832|Quercus prinus,NC,832,Quercus prinus,early,70_-167,109,4
NC|832|Quercus prinus,NC,832,Quercus prinus,early,70_-168,56,2
NC|832|Quercus prinus,NC,832,Quercus prinus,early,70_-169,11,0
NC|832|Quercus prinus,NC,832,Quercus prinus,early,71_-152,13,0
NC|832|Quercus prinus,NC,832,Quercus prinus,early,71_-153,7,0
NC|832|Quercus prinus,NC,832,Quercus prinus,early,71_-154,19,0
NC|832|Quercus prinus,NC,832,Quercus prinus,early,71_-155,2,0
NC|832|Quercus prinus,NC,832,Quercus prinus,early,71_-156,2,0
NC|832|Quercus prinus,NC,832,Quercus prinus,early,71_-157,53,0
NC|832|Quercus prinus,NC,832,Quercus prinus,early,71_-158,779,5
NC|832|Quercus prinus,NC,832,Quercus prinus,early,71_-159,545,2
NC|832|Quercus prinus,NC,832,Quercus prinus,early,71_-160,27,2
NC|832|Quercus prinus,NC,832,Quercus prinus,early,71_-161,10,0
NC|832|Quercus prinus,NC,832,Quercus prinus,early,71_-162,35,0
NC|832|Quercus prinus,NC,832,Quercus prinus,early,71_-163,54,1
NC|832|Quercus prinus,NC,832,Quercus prinus,early,71_-164,40,4
NC|832|Quercus prinus,NC,832,Quercus prinus,early,71_-165,213,13
NC|832|Quercus prinus,NC,832,Quercus prinus,early,71_-166,156,5
NC|832|Quercus prinus,NC,832,Quercus prinus,early,71_-167,102,1
NC|832|Quercus prinus,NC,832,Quercus prinus,early,71_-168,1,0
NC|832|Quercus prinus,NC,832,Quercus prinus,early,72_-152,15,0
NC|832|Quercus prinus,NC,832,Quercus prinus,early,72_-153,26,0
NC|832|Quercus prinus,NC,832,Quercus prinus,early,72_-154,7,0
NC|832|Quercus prinus,NC,832,Quercus prinus,early,72_-155,2,0
NC|832|Quercus prinus,NC,832,Quercus prinus,early,72_-157,16,0
NC|832|Quercus prinus,NC,832,Quercus prinus,early,72_-158,195,1
NC|832|Quercus prinus,NC,832,Quercus prinus,early,72_-159,156,7
NC|832|Quercus prinus,NC,832,Quercus prinus,early,72_-160,59,0
NC|832|Quercus prinus,NC,832,Quercus prinus,early,72_-161,41,2
NC|832|Quercus prinus,NC,832,Quercus prinus,early,72_-162,15,1
NC|832|Quercus prinus,NC,832,Quercus prinus,early,72_-163,18,1
NC|832|Quercus prinus,NC,832,Quercus prinus,early,72_-164,77,2
NC|832|Quercus prinus,NC,832,Quercus prinus,early,72_-165,14,0
NC|832|Quercus prinus,NC,832,Quercus prinus,early,73_-152,5,0
NC|832|Quercus prinus,NC,832,Quercus prinus,early,73_-153,3,0
NC|832|Quercus prinus,NC,832,Quercus prinus,early,73_-157,3,0
NC|832|Quercus prinus,NC,832,Quercus prinus,early,73_-164,1,0
NC|832|Quercus prinus,NC,832,Quercus prinus,late,67_-156,35,0
NC|832|Quercus prinus,NC,832,Quercus prinus,late,67_-157,55,0
NC|832|Quercus prinus,NC,832,Quercus prinus,late,67_-158,9,0
NC|832|Quercus prinus,NC,832,Quercus prinus,late,68_-155,2,0
NC|832|Quercus prinus,NC,832,Quercus prinus,late,68_-156,424,0
NC|832|Quercus prinus,NC,832,Quercus prinus,late,68_-157,50,0
NC|832|Quercus prinus,NC,832,Quercus prinus,late,68_-158,26,0
NC|832|Quercus prinus,NC,832,Quercus prinus,late,68_-159,5,0
NC|832|Quercus prinus,NC,832,Quercus prinus,late,69_-153,2,0
NC|832|Quercus prinus,NC,832,Quercus prinus,late,69_-154,178,0
NC|832|Quercus prinus,NC,832,Quercus prinus,late,69_-155,107,0
NC|832|Quercus prinus,NC,832,Quercus prinus,late,69_-156,21,0
NC|832|Quercus prinus,NC,832,Quercus prinus,late,69_-157,13,0
NC|832|Quercus prinus,NC,832,Quercus prinus,late,69_-158,35,0
NC|832|Quercus prinus,NC,832,Quercus prinus,late,69_-159,80,0
NC|832|Quercus prinus,NC,832,Quercus prinus,late,69_-160,62,0
NC|832|Quercus prinus,NC,832,Quercus prinus,late,69_-161,188,3
NC|832|Quercus prinus,NC,832,Quercus prinus,late,69_-162,85,0
NC|832|Quercus prinus,NC,832,Quercus prinus,late,69_-167,1,0
NC|832|Quercus prinus,NC,832,Quercus prinus,late,69_-168,4,0
NC|832|Quercus prinus,NC,832,Quercus prinus,late,69_-169,2,0
NC|832|Quercus prinus,NC,832,Quercus prinus,late,70_-151,10,0
NC|832|Quercus prinus,NC,832,Quercus prinus,late,70_-152,88,0
NC|832|Quercus prinus,NC,832,Quercus prinus,late,70_-153,8,0
NC|832|Quercus prinus,NC,832,Quercus prinus,late,70_-154,32,0
NC|832|Quercus prinus,NC,832,Quercus prinus,late,70_-155,59,0
NC|832|Quercus prinus,NC,832,Quercus prinus,late,70_-156,54,0
NC|832|Quercus prinus,NC,832,Quercus prinus,late,70_-157,22,0
NC|832|Quercus prinus,NC,832,Quercus prinus,late,70_-158,244,2
NC|832|Quercus prinus,NC,832,Quercus prinus,late,70_-159,307,0
NC|832|Quercus prinus,NC,832,Quercus prinus,late,70_-160,108,3
NC|832|Quercus prinus,NC,832,Quercus prinus,late,70_-161,287,3
NC|832|Quercus prinus,NC,832,Quercus prinus,late,70_-162,1286,2
NC|832|Quercus prinus,NC,832,Quercus prinus,late,70_-163,382,5
NC|832|Quercus prinus,NC,832,Quercus prinus,late,70_-164,101,2
NC|832|Quercus prinus,NC,832,Quercus prinus,late,70_-165,586,16
NC|832|Quercus prinus,NC,832,Quercus prinus,late,70_-166,1560,33
NC|832|Quercus prinus,NC,832,Quercus prinus,late,70_-167,1231,20
NC|832|Quercus prinus,NC,832,Quercus prinus,late,70_-168,684,9
NC|832|Quercus prinus,NC,832,Quercus prinus,late,70_-169,68,0
NC|832|Quercus prinus,NC,832,Quercus prinus,late,71_-151,20,0
NC|832|Quercus prinus,NC,832,Quercus prinus,late,71_-152,119,0
NC|832|Quercus prinus,NC,832,Quercus prinus,late,71_-153,23,0
NC|832|Quercus prinus,NC,832,Quercus prinus,late,71_-154,46,0
NC|832|Quercus prinus,NC,832,Quercus prinus,late,71_-155,131,0
NC|832|Quercus prinus,NC,832,Quercus prinus,late,71_-156,62,0
NC|832|Quercus prinus,NC,832,Quercus prinus,late,71_-157,563,4
NC|832|Quercus prinus,NC,832,Quercus prinus,late,71_-158,5141,18
NC|832|Quercus prinus,NC,832,Quercus prinus,late,71_-159,3247,35
NC|832|Quercus prinus,NC,832,Quercus prinus,late,71_-160,228,9
NC|832|Quercus prinus,NC,832,Quercus prinus,late,71_-161,299,2
NC|832|Quercus prinus,NC,832,Quercus prinus,late,71_-162,370,0
NC|832|Quercus prinus,NC,832,Quercus prinus,late,71_-163,844,21
NC|832|Quercus prinus,NC,832,Quercus prinus,late,71_-164,573,22
NC|832|Quercus prinus,NC,832,Quercus prinus,late,71_-165,1518,31
NC|832|Quercus prinus,NC,832,Quercus prinus,late,71_-166,1830,24
NC|832|Quercus prinus,NC,832,Quercus prinus,late,71_-167,520,8
NC|832|Quercus prinus,NC,832,Quercus prinus,late,71_-168,18,0
NC|832|Quercus prinus,NC,832,Quercus prinus,late,72_-152,405,0
NC|832|Quercus prinus,NC,832,Quercus prinus,late,72_-153,42,0
NC|832|Quercus prinus,NC,832,Quercus prinus,late,72_-154,43,0
NC|832|Quercus prinus,NC,832,Quercus prinus,late,72_-155,22,0
NC|832|Quercus prinus,NC,832,Quercus prinus,late,72_-156,61,2
NC|832|Quercus prinus,NC,832,Quercus prinus,late,72_-157,110,0
NC|832|Quercus prinus,NC,832,Quercus prinus,late,72_-158,1421,3
NC|832|Quercus prinus,NC,832,Quercus prinus,late,72_-159,1353,18
NC|832|Quercus prinus,NC,832,Quercus prinus,late,72_-160,1118,1
NC|832|Quercus prinus,NC,832,Quercus prinus,late,72_-161,788,25
NC|832|Quercus prinus,NC,832,Quercus prinus,late,72_-162,165,0
NC|832|Quercus prinus,NC,832,Quercus prinus,late,72_-163,489,16
NC|832|Quercus prinus,NC,832,Quercus prinus,late,72_-164,1835,30
NC|832|Quercus prinus,NC,832,Quercus prinus,late,72_-165,73,0
NC|832|Quercus prinus,NC,832,Quercus prinus,late,72_-166,12,0
NC|832|Quercus prinus,NC,832,Quercus prinus,late,73_-152,6,0
NC|832|Quercus prinus,NC,832,Quercus prinus,late,73_-153,15,0
NC|832|Quercus prinus,NC,832,Quercus prinus,late,73_-154,3,0
NC|832|Quercus prinus,NC,832,Quercus prinus,late,73_-155,2,0
NC|832|Quercus prinus,NC,832,Quercus prinus,late,73_-156,8,0
NC|832|Quercus prinus,NC,832,Quercus prinus,late,73_-157,3,0
NC|832|Quercus prinus,NC,832,Quercus prinus,late,73_-158,1,0
NC|832|Quercus prinus,NC,832,Quercus prinus,late,73_-159,5,0
NC|832|Quercus prinus,NC,832,Quercus prinus,late,73_-160,12,0
NC|832|Quercus prinus,NC,832,Quercus prinus,late,73_-161,2,0
NC|832|Quercus prinus,NC,832,Quercus prinus,late,73_-162,23,0
NC|832|Quercus prinus,NC,832,Quercus prinus,late,73_-163,21,0
NC|832|Quercus prinus,NC,832,Quercus prinus,late,73_-164,22,0
NC|833|Quercus rubra,NC,833,Quercus rubra,early,67_-156,3,0
NC|833|Quercus rubra,NC,833,Quercus rubra,early,67_-157,2,0
NC|833|Quercus rubra,NC,833,Quercus rubra,early,68_-156,22,0
NC|833|Quercus rubra,NC,833,Quercus rubra,early,68_-157,3,0
NC|833|Quercus rubra,NC,833,Quercus rubra,early,68_-159,9,0
NC|833|Quercus rubra,NC,833,Quercus rubra,early,69_-154,10,0
NC|833|Quercus rubra,NC,833,Quercus rubra,early,69_-155,2,0
NC|833|Quercus rubra,NC,833,Quercus rubra,early,69_-156,2,0
NC|833|Quercus rubra,NC,833,Quercus rubra,early,69_-158,4,0
NC|833|Quercus rubra,NC,833,Quercus rubra,early,69_-159,3,0
NC|833|Quercus rubra,NC,833,Quercus rubra,early,69_-162,6,0
NC|833|Quercus rubra,NC,833,Quercus rubra,early,70_-151,2,0
NC|833|Quercus rubra,NC,833,Quercus rubra,early,70_-152,6,0
NC|833|Quercus rubra,NC,833,Quercus rubra,early,70_-153,1,0
NC|833|Quercus rubra,NC,833,Quercus rubra,early,70_-154,7,0
NC|833|Quercus rubra,NC,833,Quercus rubra,early,70_-155,3,0
NC|833|Quercus rubra,NC,833,Quercus rubra,early,70_-157,1,0
NC|833|Quercus rubra,NC,833,Quercus rubra,early,70_-158,85,4
NC|833|Quercus rubra,NC,833,Quercus rubra,early,70_-159,26,0
NC|833|Quercus rubra,NC,833,Quercus rubra,early,70_-160,9,0
NC|833|Quercus rubra,NC,833,Quercus rubra,early,70_-161,47,2
NC|833|Quercus rubra,NC,833,Quercus rubra,early,70_-162,139,4
NC|833|Quercus rubra,NC,833,Quercus rubra,early,70_-163,24,0
NC|833|Quercus rubra,NC,833,Quercus rubra,early,70_-164,22,1
NC|833|Quercus rubra,NC,833,Quercus rubra,early,70_-165,32,2
NC|833|Quercus rubra,NC,833,Quercus rubra,early,70_-166,174,12
NC|833|Quercus rubra,NC,833,Quercus rubra,early,70_-167,109,4
NC|833|Quercus rubra,NC,833,Quercus rubra,early,70_-168,56,2
NC|833|Quercus rubra,NC,833,Quercus rubra,early,70_-169,11,0
NC|833|Quercus rubra,NC,833,Quercus rubra,early,71_-152,13,0
NC|833|Quercus rubra,NC,833,Quercus rubra,early,71_-153,7,0
NC|833|Quercus rubra,NC,833,Quercus rubra,early,71_-154,19,0
NC|833|Quercus rubra,NC,833,Quercus rubra,early,71_-155,2,0
NC|833|Quercus rubra,NC,833,Quercus rubra,early,71_-156,2,0
NC|833|Quercus rubra,NC,833,Quercus rubra,early,71_-157,53,1
NC|833|Quercus rubra,NC,833,Quercus rubra,early,71_-158,779,19
NC|833|Quercus rubra,NC,833,Quercus rubra,early,71_-159,545,11
NC|833|Quercus rubra,NC,833,Quercus rubra,early,71_-160,27,1
NC|833|Quercus rubra,NC,833,Quercus rubra,early,71_-161,10,0
NC|833|Quercus rubra,NC,833,Quercus rubra,early,71_-162,35,2
NC|833|Quercus rubra,NC,833,Quercus rubra,early,71_-163,54,2
NC|833|Quercus rubra,NC,833,Quercus rubra,early,71_-164,40,3
NC|833|Quercus rubra,NC,833,Quercus rubra,early,71_-165,213,5
NC|833|Quercus rubra,NC,833,Quercus rubra,early,71_-166,156,3
NC|833|Quercus rubra,NC,833,Quercus rubra,early,71_-167,102,2
NC|833|Quercus rubra,NC,833,Quercus rubra,early,71_-168,1,0
NC|833|Quercus rubra,NC,833,Quercus rubra,early,72_-152,15,0
NC|833|Quercus rubra,NC,833,Quercus rubra,early,72_-153,26,3
NC|833|Quercus rubra,NC,833,Quercus rubra,early,72_-154,7,0
NC|833|Quercus rubra,NC,833,Quercus rubra,early,72_-155,2,0
NC|833|Quercus rubra,NC,833,Quercus rubra,early,72_-157,16,0
NC|833|Quercus rubra,NC,833,Quercus rubra,early,72_-158,195,5
NC|833|Quercus rubra,NC,833,Quercus rubra,early,72_-159,156,6
NC|833|Quercus rubra,NC,833,Quercus rubra,early,72_-160,59,2
NC|833|Quercus rubra,NC,833,Quercus rubra,early,72_-161,41,0
NC|833|Quercus rubra,NC,833,Quercus rubra,early,72_-162,15,0
NC|833|Quercus rubra,NC,833,Quercus rubra,early,72_-163,18,1
NC|833|Quercus rubra,NC,833,Quercus rubra,early,72_-164,77,7
NC|833|Quercus rubra,NC,833,Quercus rubra,early,72_-165,14,0
NC|833|Quercus rubra,NC,833,Quercus rubra,early,73_-152,5,0
NC|833|Quercus rubra,NC,833,Quercus rubra,early,73_-153,3,0
NC|833|Quercus rubra,NC,833,Quercus rubra,early,73_-157,3,0
NC|833|Quercus rubra,NC,833,Quercus rubra,early,73_-164,1,0
NC|833|Quercus rubra,NC,833,Quercus rubra,late,67_-156,35,0
NC|833|Quercus rubra,NC,833,Quercus rubra,late,67_-157,55,0
NC|833|Quercus rubra,NC,833,Quercus rubra,late,67_-158,9,0
NC|833|Quercus rubra,NC,833,Quercus rubra,late,68_-155,2,0
NC|833|Quercus rubra,NC,833,Quercus rubra,late,68_-156,424,0
NC|833|Quercus rubra,NC,833,Quercus rubra,late,68_-157,50,0
NC|833|Quercus rubra,NC,833,Quercus rubra,late,68_-158,26,0
NC|833|Quercus rubra,NC,833,Quercus rubra,late,68_-159,5,0
NC|833|Quercus rubra,NC,833,Quercus rubra,late,69_-153,2,0
NC|833|Quercus rubra,NC,833,Quercus rubra,late,69_-154,178,0
NC|833|Quercus rubra,NC,833,Quercus rubra,late,69_-155,107,0
NC|833|Quercus rubra,NC,833,Quercus rubra,late,69_-156,21,0
NC|833|Quercus rubra,NC,833,Quercus rubra,late,69_-157,13,0
NC|833|Quercus rubra,NC,833,Quercus rubra,late,69_-158,35,0
NC|833|Quercus rubra,NC,833,Quercus rubra,late,69_-159,80,1
NC|833|Quercus rubra,NC,833,Quercus rubra,late,69_-160,62,0
NC|833|Quercus rubra,NC,833,Quercus rubra,late,69_-161,188,0
NC|833|Quercus rubra,NC,833,Quercus rubra,late,69_-162,85,1
NC|833|Quercus rubra,NC,833,Quercus rubra,late,69_-167,1,0
NC|833|Quercus rubra,NC,833,Quercus rubra,late,69_-168,4,0
NC|833|Quercus rubra,NC,833,Quercus rubra,late,69_-169,2,0
NC|833|Quercus rubra,NC,833,Quercus rubra,late,70_-151,10,0
NC|833|Quercus rubra,NC,833,Quercus rubra,late,70_-152,88,0
NC|833|Quercus rubra,NC,833,Quercus rubra,late,70_-153,8,0
NC|833|Quercus rubra,NC,833,Quercus rubra,late,70_-154,32,0
NC|833|Quercus rubra,NC,833,Quercus rubra,late,70_-155,59,0
NC|833|Quercus rubra,NC,833,Quercus rubra,late,70_-156,54,0
NC|833|Quercus rubra,NC,833,Quercus rubra,late,70_-157,22,0
NC|833|Quercus rubra,NC,833,Quercus rubra,late,70_-158,244,3
NC|833|Quercus rubra,NC,833,Quercus rubra,late,70_-159,307,1
NC|833|Quercus rubra,NC,833,Quercus rubra,late,70_-160,108,1
NC|833|Quercus rubra,NC,833,Quercus rubra,late,70_-161,287,3
NC|833|Quercus rubra,NC,833,Quercus rubra,late,70_-162,1286,18
NC|833|Quercus rubra,NC,833,Quercus rubra,late,70_-163,382,2
NC|833|Quercus rubra,NC,833,Quercus rubra,late,70_-164,101,1
NC|833|Quercus rubra,NC,833,Quercus rubra,late,70_-165,586,4
NC|833|Quercus rubra,NC,833,Quercus rubra,late,70_-166,1560,24
NC|833|Quercus rubra,NC,833,Quercus rubra,late,70_-167,1231,27
NC|833|Quercus rubra,NC,833,Quercus rubra,late,70_-168,684,12
NC|833|Quercus rubra,NC,833,Quercus rubra,late,70_-169,68,0
NC|833|Quercus rubra,NC,833,Quercus rubra,late,71_-151,20,0
NC|833|Quercus rubra,NC,833,Quercus rubra,late,71_-152,119,0
NC|833|Quercus rubra,NC,833,Quercus rubra,late,71_-153,23,0
NC|833|Quercus rubra,NC,833,Quercus rubra,late,71_-154,46,0
NC|833|Quercus rubra,NC,833,Quercus rubra,late,71_-155,131,0
NC|833|Quercus rubra,NC,833,Quercus rubra,late,71_-156,62,0
NC|833|Quercus rubra,NC,833,Quercus rubra,late,71_-157,563,5
NC|833|Quercus rubra,NC,833,Quercus rubra,late,71_-158,5141,79
NC|833|Quercus rubra,NC,833,Quercus rubra,late,71_-159,3247,81
NC|833|Quercus rubra,NC,833,Quercus rubra,late,71_-160,228,2
NC|833|Quercus rubra,NC,833,Quercus rubra,late,71_-161,299,4
NC|833|Quercus rubra,NC,833,Quercus rubra,late,71_-162,370,4
NC|833|Quercus rubra,NC,833,Quercus rubra,late,71_-163,844,13
NC|833|Quercus rubra,NC,833,Quercus rubra,late,71_-164,573,5
NC|833|Quercus rubra,NC,833,Quercus rubra,late,71_-165,1518,13
NC|833|Quercus rubra,NC,833,Quercus rubra,late,71_-166,1830,18
NC|833|Quercus rubra,NC,833,Quercus rubra,late,71_-167,520,11
NC|833|Quercus rubra,NC,833,Quercus rubra,late,71_-168,18,3
NC|833|Quercus rubra,NC,833,Quercus rubra,late,72_-152,405,1
NC|833|Quercus rubra,NC,833,Quercus rubra,late,72_-153,42,0
NC|833|Quercus rubra,NC,833,Quercus rubra,late,72_-154,43,1
NC|833|Quercus rubra,NC,833,Quercus rubra,late,72_-155,22,0
NC|833|Quercus rubra,NC,833,Quercus rubra,late,72_-156,61,2
NC|833|Quercus rubra,NC,833,Quercus rubra,late,72_-157,110,2
NC|833|Quercus rubra,NC,833,Quercus rubra,late,72_-158,1421,23
NC|833|Quercus rubra,NC,833,Quercus rubra,late,72_-159,1353,17
NC|833|Quercus rubra,NC,833,Quercus rubra,late,72_-160,1118,13
NC|833|Quercus rubra,NC,833,Quercus rubra,late,72_-161,788,9
NC|833|Quercus rubra,NC,833,Quercus rubra,late,72_-162,165,3
NC|833|Quercus rubra,NC,833,Quercus rubra,late,72_-163,489,12
NC|833|Quercus rubra,NC,833,Quercus rubra,late,72_-164,1835,53
NC|833|Quercus rubra,NC,833,Quercus rubra,late,72_-165,73,1
NC|833|Quercus rubra,NC,833,Quercus rubra,late,72_-166,12,0
NC|833|Quercus rubra,NC,833,Quercus rubra,late,73_-152,6,0
NC|833|Quercus rubra,NC,833,Quercus rubra,late,73_-153,15,0
NC|833|Quercus rubra,NC,833,Quercus rubra,late,73_-154,3,0
NC|833|Quercus rubra,NC,833,Quercus rubra,late,73_-155,2,0
NC|833|Quercus rubra,NC,833,Quercus rubra,late,73_-156,8,0
NC|833|Quercus rubra,NC,833,Quercus rubra,late,73_-157,3,0
NC|833|Quercus rubra,NC,833,Quercus rubra,late,73_-158,1,0
NC|833|Quercus rubra,NC,833,Quercus rubra,late,73_-159,5,0
NC|833|Quercus rubra,NC,833,Quercus rubra,late,73_-160,12,0
NC|833|Quercus rubra,NC,833,Quercus rubra,late,73_-161,2,0
NC|833|Quercus rubra,NC,833,Quercus rubra,late,73_-162,23,0
NC|833|Quercus rubra,NC,833,Quercus rubra,late,73_-163,21,1
NC|833|Quercus rubra,NC,833,Quercus rubra,late,73_-164,22,0
NC|837|Quercus velutina,NC,837,Quercus velutina,early,67_-156,3,0
NC|837|Quercus velutina,NC,837,Quercus velutina,early,67_-157,2,0
NC|837|Quercus velutina,NC,837,Quercus velutina,early,68_-156,22,0
NC|837|Quercus velutina,NC,837,Quercus velutina,early,68_-157,3,0
NC|837|Quercus velutina,NC,837,Quercus velutina,early,68_-159,9,0
NC|837|Quercus velutina,NC,837,Quercus velutina,early,69_-154,10,0
NC|837|Quercus velutina,NC,837,Quercus velutina,early,69_-155,2,0
NC|837|Quercus velutina,NC,837,Quercus velutina,early,69_-156,2,0
NC|837|Quercus velutina,NC,837,Quercus velutina,early,69_-158,4,0
NC|837|Quercus velutina,NC,837,Quercus velutina,early,69_-159,3,0
NC|837|Quercus velutina,NC,837,Quercus velutina,early,69_-162,6,0
NC|837|Quercus velutina,NC,837,Quercus velutina,early,70_-151,2,0
NC|837|Quercus velutina,NC,837,Quercus velutina,early,70_-152,6,0
NC|837|Quercus velutina,NC,837,Quercus velutina,early,70_-153,1,0
NC|837|Quercus velutina,NC,837,Quercus velutina,early,70_-154,7,0
NC|837|Quercus velutina,NC,837,Quercus velutina,early,70_-155,3,0
NC|837|Quercus velutina,NC,837,Quercus velutina,early,70_-157,1,1
NC|837|Quercus velutina,NC,837,Quercus velutina,early,70_-158,85,0
NC|837|Quercus velutina,NC,837,Quercus velutina,early,70_-159,26,2
NC|837|Quercus velutina,NC,837,Quercus velutina,early,70_-160,9,1
NC|837|Quercus velutina,NC,837,Quercus velutina,early,70_-161,47,2
NC|837|Quercus velutina,NC,837,Quercus velutina,early,70_-162,139,1
NC|837|Quercus velutina,NC,837,Quercus velutina,early,70_-163,24,0
NC|837|Quercus velutina,NC,837,Quercus velutina,early,70_-164,22,0
NC|837|Quercus velutina,NC,837,Quercus velutina,early,70_-165,32,0
NC|837|Quercus velutina,NC,837,Quercus velutina,early,70_-166,174,1
NC|837|Quercus velutina,NC,837,Quercus velutina,early,70_-167,109,0
NC|837|Quercus velutina,NC,837,Quercus velutina,early,70_-168,56,0
NC|837|Quercus velutina,NC,837,Quercus velutina,early,70_-169,11,0
NC|837|Quercus velutina,NC,837,Quercus velutina,early,71_-152,13,0
NC|837|Quercus velutina,NC,837,Quercus velutina,early,71_-153,7,0
NC|837|Quercus velutina,NC,837,Quercus velutina,early,71_-154,19,1
NC|837|Quercus velutina,NC,837,Quercus velutina,early,71_-155,2,0
NC|837|Quercus velutina,NC,837,Quercus velutina,early,71_-156,2,0
NC|837|Quercus velutina,NC,837,Quercus velutina,early,71_-157,53,0
NC|837|Quercus velutina,NC,837,Quercus velutina,early,71_-158,779,3
NC|837|Quercus velutina,NC,837,Quercus velutina,early,71_-159,545,10
NC|837|Quercus velutina,NC,837,Quercus velutina,early,71_-160,27,0
NC|837|Quercus velutina,NC,837,Quercus velutina,early,71_-161,10,0
NC|837|Quercus velutina,NC,837,Quercus velutina,early,71_-162,35,1
NC|837|Quercus velutina,NC,837,Quercus velutina,early,71_-163,54,1
NC|837|Quercus velutina,NC,837,Quercus velutina,early,71_-164,40,0
NC|837|Quercus velutina,NC,837,Quercus velutina,early,71_-165,213,1
NC|837|Quercus velutina,NC,837,Quercus velutina,early,71_-166,156,2
NC|837|Quercus velutina,NC,837,Quercus velutina,early,71_-167,102,4
NC|837|Quercus velutina,NC,837,Quercus velutina,early,71_-168,1,0
NC|837|Quercus velutina,NC,837,Quercus velutina,early,72_-152,15,0
NC|837|Quercus velutina,NC,837,Quercus velutina,early,72_-153,26,0
NC|837|Quercus velutina,NC,837,Quercus velutina,early,72_-154,7,0
NC|837|Quercus velutina,NC,837,Quercus velutina,early,72_-155,2,0
NC|837|Quercus velutina,NC,837,Quercus velutina,early,72_-157,16,0
NC|837|Quercus velutina,NC,837,Quercus velutina,early,72_-158,195,5
NC|837|Quercus velutina,NC,837,Quercus velutina,early,72_-159,156,6
NC|837|Quercus velutina,NC,837,Quercus velutina,early,72_-160,59,1
NC|837|Quercus velutina,NC,837,Quercus velutina,early,72_-161,41,0
NC|837|Quercus velutina,NC,837,Quercus velutina,early,72_-162,15,0
NC|837|Quercus velutina,NC,837,Quercus velutina,early,72_-163,18,0
NC|837|Quercus velutina,NC,837,Quercus velutina,early,72_-164,77,0
NC|837|Quercus velutina,NC,837,Quercus velutina,early,72_-165,14,0
NC|837|Quercus velutina,NC,837,Quercus velutina,early,73_-152,5,0
NC|837|Quercus velutina,NC,837,Quercus velutina,early,73_-153,3,0
NC|837|Quercus velutina,NC,837,Quercus velutina,early,73_-157,3,0
NC|837|Quercus velutina,NC,837,Quercus velutina,early,73_-164,1,0
NC|837|Quercus velutina,NC,837,Quercus velutina,late,67_-156,35,0
NC|837|Quercus velutina,NC,837,Quercus velutina,late,67_-157,55,0
NC|837|Quercus velutina,NC,837,Quercus velutina,late,67_-158,9,0
NC|837|Quercus velutina,NC,837,Quercus velutina,late,68_-155,2,0
NC|837|Quercus velutina,NC,837,Quercus velutina,late,68_-156,424,1
NC|837|Quercus velutina,NC,837,Quercus velutina,late,68_-157,50,0
NC|837|Quercus velutina,NC,837,Quercus velutina,late,68_-158,26,0
NC|837|Quercus velutina,NC,837,Quercus velutina,late,68_-159,5,0
NC|837|Quercus velutina,NC,837,Quercus velutina,late,69_-153,2,0
NC|837|Quercus velutina,NC,837,Quercus velutina,late,69_-154,178,0
NC|837|Quercus velutina,NC,837,Quercus velutina,late,69_-155,107,0
NC|837|Quercus velutina,NC,837,Quercus velutina,late,69_-156,21,0
NC|837|Quercus velutina,NC,837,Quercus velutina,late,69_-157,13,0
NC|837|Quercus velutina,NC,837,Quercus velutina,late,69_-158,35,0
NC|837|Quercus velutina,NC,837,Quercus velutina,late,69_-159,80,1
NC|837|Quercus velutina,NC,837,Quercus velutina,late,69_-160,62,0
NC|837|Quercus velutina,NC,837,Quercus velutina,late,69_-161,188,2
NC|837|Quercus velutina,NC,837,Quercus velutina,late,69_-162,85,0
NC|837|Quercus velutina,NC,837,Quercus velutina,late,69_-167,1,0
NC|837|Quercus velutina,NC,837,Quercus velutina,late,69_-168,4,0
NC|837|Quercus velutina,NC,837,Quercus velutina,late,69_-169,2,0
NC|837|Quercus velutina,NC,837,Quercus velutina,late,70_-151,10,0
NC|837|Quercus velutina,NC,837,Quercus velutina,late,70_-152,88,0
NC|837|Quercus velutina,NC,837,Quercus velutina,late,70_-153,8,0
NC|837|Quercus velutina,NC,837,Quercus velutina,late,70_-154,32,0
NC|837|Quercus velutina,NC,837,Quercus velutina,late,70_-155,59,0
NC|837|Quercus velutina,NC,837,Quercus velutina,late,70_-156,54,0
NC|837|Quercus velutina,NC,837,Quercus velutina,late,70_-157,22,0
NC|837|Quercus velutina,NC,837,Quercus velutina,late,70_-158,244,3
NC|837|Quercus velutina,NC,837,Quercus velutina,late,70_-159,307,6
NC|837|Quercus velutina,NC,837,Quercus velutina,late,70_-160,108,0
NC|837|Quercus velutina,NC,837,Quercus velutina,late,70_-161,287,1
NC|837|Quercus velutina,NC,837,Quercus velutina,late,70_-162,1286,7
NC|837|Quercus velutina,NC,837,Quercus velutina,late,70_-163,382,0
NC|837|Quercus velutina,NC,837,Quercus velutina,late,70_-164,101,0
NC|837|Quercus velutina,NC,837,Quercus velutina,late,70_-165,586,1
NC|837|Quercus velutina,NC,837,Quercus velutina,late,70_-166,1560,2
NC|837|Quercus velutina,NC,837,Quercus velutina,late,70_-167,1231,19
NC|837|Quercus velutina,NC,837,Quercus velutina,late,70_-168,684,3
NC|837|Quercus velutina,NC,837,Quercus velutina,late,70_-169,68,1
NC|837|Quercus velutina,NC,837,Quercus velutina,late,71_-151,20,0
NC|837|Quercus velutina,NC,837,Quercus velutina,late,71_-152,119,0
NC|837|Quercus velutina,NC,837,Quercus velutina,late,71_-153,23,0
NC|837|Quercus velutina,NC,837,Quercus velutina,late,71_-154,46,0
NC|837|Quercus velutina,NC,837,Quercus velutina,late,71_-155,131,0
NC|837|Quercus velutina,NC,837,Quercus velutina,late,71_-156,62,3
NC|837|Quercus velutina,NC,837,Quercus velutina,late,71_-157,563,1
NC|837|Quercus velutina,NC,837,Quercus velutina,late,71_-158,5141,43
NC|837|Quercus velutina,NC,837,Quercus velutina,late,71_-159,3247,41
NC|837|Quercus velutina,NC,837,Quercus velutina,late,71_-160,228,1
NC|837|Quercus velutina,NC,837,Quercus velutina,late,71_-161,299,0
NC|837|Quercus velutina,NC,837,Quercus velutina,late,71_-162,370,1
NC|837|Quercus velutina,NC,837,Quercus velutina,late,71_-163,844,7
NC|837|Quercus velutina,NC,837,Quercus velutina,late,71_-164,573,1
NC|837|Quercus velutina,NC,837,Quercus velutina,late,71_-165,1518,7
NC|837|Quercus velutina,NC,837,Quercus velutina,late,71_-166,1830,11
NC|837|Quercus velutina,NC,837,Quercus velutina,late,71_-167,520,1
NC|837|Quercus velutina,NC,837,Quercus velutina,late,71_-168,18,0
NC|837|Quercus velutina,NC,837,Quercus velutina,late,72_-152,405,5
NC|837|Quercus velutina,NC,837,Quercus velutina,late,72_-153,42,0
NC|837|Quercus velutina,NC,837,Quercus velutina,late,72_-154,43,0
NC|837|Quercus velutina,NC,837,Quercus velutina,late,72_-155,22,0
NC|837|Quercus velutina,NC,837,Quercus velutina,late,72_-156,61,1
NC|837|Quercus velutina,NC,837,Quercus velutina,late,72_-157,110,1
NC|837|Quercus velutina,NC,837,Quercus velutina,late,72_-158,1421,10
NC|837|Quercus velutina,NC,837,Quercus velutina,late,72_-159,1353,16
NC|837|Quercus velutina,NC,837,Quercus velutina,late,72_-160,1118,11
NC|837|Quercus velutina,NC,837,Quercus velutina,late,72_-161,788,1
NC|837|Quercus velutina,NC,837,Quercus velutina,late,72_-162,165,0
NC|837|Quercus velutina,NC,837,Quercus velutina,late,72_-163,489,3
NC|837|Quercus velutina,NC,837,Quercus velutina,late,72_-164,1835,7
NC|837|Quercus velutina,NC,837,Quercus velutina,late,72_-165,73,0
NC|837|Quercus velutina,NC,837,Quercus velutina,late,72_-166,12,0
NC|837|Quercus velutina,NC,837,Quercus velutina,late,73_-152,6,0
NC|837|Quercus velutina,NC,837,Quercus velutina,late,73_-153,15,0
NC|837|Quercus velutina,NC,837,Quercus velutina,late,73_-154,3,0
NC|837|Quercus velutina,NC,837,Quercus velutina,late,73_-155,2,0
NC|837|Quercus velutina,NC,837,Quercus velutina,late,73_-156,8,0
NC|837|Quercus velutina,NC,837,Quercus velutina,late,73_-157,3,0
NC|837|Quercus velutina,NC,837,Quercus velutina,late,73_-158,1,0
NC|837|Quercus velutina,NC,837,Quercus velutina,late,73_-159,5,0
NC|837|Quercus velutina,NC,837,Quercus velutina,late,73_-160,12,0
NC|837|Quercus velutina,NC,837,Quercus velutina,late,73_-161,2,0
NC|837|Quercus velutina,NC,837,Quercus velutina,late,73_-162,23,0
NC|837|Quercus velutina,NC,837,Quercus velutina,late,73_-163,21,0
NC|837|Quercus velutina,NC,837,Quercus velutina,late,73_-164,22,0
NC|901|Robinia pseudoacacia,NC,901,Robinia pseudoacacia,early,67_-156,3,0
NC|901|Robinia pseudoacacia,NC,901,Robinia pseudoacacia,early,67_-157,2,0
NC|901|Robinia pseudoacacia,NC,901,Robinia pseudoacacia,early,68_-156,22,0
NC|901|Robinia pseudoacacia,NC,901,Robinia pseudoacacia,early,68_-157,3,0
NC|901|Robinia pseudoacacia,NC,901,Robinia pseudoacacia,early,68_-159,9,0
NC|901|Robinia pseudoacacia,NC,901,Robinia pseudoacacia,early,69_-154,10,0
NC|901|Robinia pseudoacacia,NC,901,Robinia pseudoacacia,early,69_-155,2,0
NC|901|Robinia pseudoacacia,NC,901,Robinia pseudoacacia,early,69_-156,2,0
NC|901|Robinia pseudoacacia,NC,901,Robinia pseudoacacia,early,69_-158,4,0
NC|901|Robinia pseudoacacia,NC,901,Robinia pseudoacacia,early,69_-159,3,0
NC|901|Robinia pseudoacacia,NC,901,Robinia pseudoacacia,early,69_-162,6,0
NC|901|Robinia pseudoacacia,NC,901,Robinia pseudoacacia,early,70_-151,2,0
NC|901|Robinia pseudoacacia,NC,901,Robinia pseudoacacia,early,70_-152,6,0
NC|901|Robinia pseudoacacia,NC,901,Robinia pseudoacacia,early,70_-153,1,0
NC|901|Robinia pseudoacacia,NC,901,Robinia pseudoacacia,early,70_-154,7,0
NC|901|Robinia pseudoacacia,NC,901,Robinia pseudoacacia,early,70_-155,3,0
NC|901|Robinia pseudoacacia,NC,901,Robinia pseudoacacia,early,70_-157,1,0
NC|901|Robinia pseudoacacia,NC,901,Robinia pseudoacacia,early,70_-158,85,1
NC|901|Robinia pseudoacacia,NC,901,Robinia pseudoacacia,early,70_-159,26,0
NC|901|Robinia pseudoacacia,NC,901,Robinia pseudoacacia,early,70_-160,9,0
NC|901|Robinia pseudoacacia,NC,901,Robinia pseudoacacia,early,70_-161,47,0
NC|901|Robinia pseudoacacia,NC,901,Robinia pseudoacacia,early,70_-162,139,4
NC|901|Robinia pseudoacacia,NC,901,Robinia pseudoacacia,early,70_-163,24,0
NC|901|Robinia pseudoacacia,NC,901,Robinia pseudoacacia,early,70_-164,22,1
NC|901|Robinia pseudoacacia,NC,901,Robinia pseudoacacia,early,70_-165,32,0
NC|901|Robinia pseudoacacia,NC,901,Robinia pseudoacacia,early,70_-166,174,6
NC|901|Robinia pseudoacacia,NC,901,Robinia pseudoacacia,early,70_-167,109,5
NC|901|Robinia pseudoacacia,NC,901,Robinia pseudoacacia,early,70_-168,56,1
NC|901|Robinia pseudoacacia,NC,901,Robinia pseudoacacia,early,70_-169,11,0
NC|901|Robinia pseudoacacia,NC,901,Robinia pseudoacacia,early,71_-152,13,0
NC|901|Robinia pseudoacacia,NC,901,Robinia pseudoacacia,early,71_-153,7,0
NC|901|Robinia pseudoacacia,NC,901,Robinia pseudoacacia,early,71_-154,19,0
NC|901|Robinia pseudoacacia,NC,901,Robinia pseudoacacia,early,71_-155,2,0
NC|901|Robinia pseudoacacia,NC,901,Robinia pseudoacacia,early,71_-156,2,0
NC|901|Robinia pseudoacacia,NC,901,Robinia pseudoacacia,early,71_-157,53,0
NC|901|Robinia pseudoacacia,NC,901,Robinia pseudoacacia,early,71_-158,779,13
NC|901|Robinia pseudoacacia,NC,901,Robinia pseudoacacia,early,71_-159,545,11
NC|901|Robinia pseudoacacia,NC,901,Robinia pseudoacacia,early,71_-160,27,0
NC|901|Robinia pseudoacacia,NC,901,Robinia pseudoacacia,early,71_-161,10,0
NC|901|Robinia pseudoacacia,NC,901,Robinia pseudoacacia,early,71_-162,35,0
NC|901|Robinia pseudoacacia,NC,901,Robinia pseudoacacia,early,71_-163,54,3
NC|901|Robinia pseudoacacia,NC,901,Robinia pseudoacacia,early,71_-164,40,1
NC|901|Robinia pseudoacacia,NC,901,Robinia pseudoacacia,early,71_-165,213,7
NC|901|Robinia pseudoacacia,NC,901,Robinia pseudoacacia,early,71_-166,156,5
NC|901|Robinia pseudoacacia,NC,901,Robinia pseudoacacia,early,71_-167,102,2
NC|901|Robinia pseudoacacia,NC,901,Robinia pseudoacacia,early,71_-168,1,0
NC|901|Robinia pseudoacacia,NC,901,Robinia pseudoacacia,early,72_-152,15,0
NC|901|Robinia pseudoacacia,NC,901,Robinia pseudoacacia,early,72_-153,26,0
NC|901|Robinia pseudoacacia,NC,901,Robinia pseudoacacia,early,72_-154,7,0
NC|901|Robinia pseudoacacia,NC,901,Robinia pseudoacacia,early,72_-155,2,0
NC|901|Robinia pseudoacacia,NC,901,Robinia pseudoacacia,early,72_-157,16,1
NC|901|Robinia pseudoacacia,NC,901,Robinia pseudoacacia,early,72_-158,195,1
NC|901|Robinia pseudoacacia,NC,901,Robinia pseudoacacia,early,72_-159,156,0
NC|901|Robinia pseudoacacia,NC,901,Robinia pseudoacacia,early,72_-160,59,0
NC|901|Robinia pseudoacacia,NC,901,Robinia pseudoacacia,early,72_-161,41,1
NC|901|Robinia pseudoacacia,NC,901,Robinia pseudoacacia,early,72_-162,15,0
NC|901|Robinia pseudoacacia,NC,901,Robinia pseudoacacia,early,72_-163,18,1
NC|901|Robinia pseudoacacia,NC,901,Robinia pseudoacacia,early,72_-164,77,2
NC|901|Robinia pseudoacacia,NC,901,Robinia pseudoacacia,early,72_-165,14,1
NC|901|Robinia pseudoacacia,NC,901,Robinia pseudoacacia,early,73_-152,5,0
NC|901|Robinia pseudoacacia,NC,901,Robinia pseudoacacia,early,73_-153,3,0
NC|901|Robinia pseudoacacia,NC,901,Robinia pseudoacacia,early,73_-157,3,0
NC|901|Robinia pseudoacacia,NC,901,Robinia pseudoacacia,early,73_-164,1,0
NC|901|Robinia pseudoacacia,NC,901,Robinia pseudoacacia,late,67_-156,35,0
NC|901|Robinia pseudoacacia,NC,901,Robinia pseudoacacia,late,67_-157,55,1
NC|901|Robinia pseudoacacia,NC,901,Robinia pseudoacacia,late,67_-158,9,0
NC|901|Robinia pseudoacacia,NC,901,Robinia pseudoacacia,late,68_-155,2,0
NC|901|Robinia pseudoacacia,NC,901,Robinia pseudoacacia,late,68_-156,424,3
NC|901|Robinia pseudoacacia,NC,901,Robinia pseudoacacia,late,68_-157,50,0
NC|901|Robinia pseudoacacia,NC,901,Robinia pseudoacacia,late,68_-158,26,0
NC|901|Robinia pseudoacacia,NC,901,Robinia pseudoacacia,late,68_-159,5,0
NC|901|Robinia pseudoacacia,NC,901,Robinia pseudoacacia,late,69_-153,2,0
NC|901|Robinia pseudoacacia,NC,901,Robinia pseudoacacia,late,69_-154,178,0
NC|901|Robinia pseudoacacia,NC,901,Robinia pseudoacacia,late,69_-155,107,0
NC|901|Robinia pseudoacacia,NC,901,Robinia pseudoacacia,late,69_-156,21,0
NC|901|Robinia pseudoacacia,NC,901,Robinia pseudoacacia,late,69_-157,13,0
NC|901|Robinia pseudoacacia,NC,901,Robinia pseudoacacia,late,69_-158,35,0
NC|901|Robinia pseudoacacia,NC,901,Robinia pseudoacacia,late,69_-159,80,0
NC|901|Robinia pseudoacacia,NC,901,Robinia pseudoacacia,late,69_-160,62,1
NC|901|Robinia pseudoacacia,NC,901,Robinia pseudoacacia,late,69_-161,188,6
NC|901|Robinia pseudoacacia,NC,901,Robinia pseudoacacia,late,69_-162,85,0
NC|901|Robinia pseudoacacia,NC,901,Robinia pseudoacacia,late,69_-167,1,0
NC|901|Robinia pseudoacacia,NC,901,Robinia pseudoacacia,late,69_-168,4,0
NC|901|Robinia pseudoacacia,NC,901,Robinia pseudoacacia,late,69_-169,2,0
NC|901|Robinia pseudoacacia,NC,901,Robinia pseudoacacia,late,70_-151,10,0
NC|901|Robinia pseudoacacia,NC,901,Robinia pseudoacacia,late,70_-152,88,1
NC|901|Robinia pseudoacacia,NC,901,Robinia pseudoacacia,late,70_-153,8,0
NC|901|Robinia pseudoacacia,NC,901,Robinia pseudoacacia,late,70_-154,32,0
NC|901|Robinia pseudoacacia,NC,901,Robinia pseudoacacia,late,70_-155,59,1
NC|901|Robinia pseudoacacia,NC,901,Robinia pseudoacacia,late,70_-156,54,0
NC|901|Robinia pseudoacacia,NC,901,Robinia pseudoacacia,late,70_-157,22,0
NC|901|Robinia pseudoacacia,NC,901,Robinia pseudoacacia,late,70_-158,244,1
NC|901|Robinia pseudoacacia,NC,901,Robinia pseudoacacia,late,70_-159,307,4
NC|901|Robinia pseudoacacia,NC,901,Robinia pseudoacacia,late,70_-160,108,0
NC|901|Robinia pseudoacacia,NC,901,Robinia pseudoacacia,late,70_-161,287,1
NC|901|Robinia pseudoacacia,NC,901,Robinia pseudoacacia,late,70_-162,1286,9
NC|901|Robinia pseudoacacia,NC,901,Robinia pseudoacacia,late,70_-163,382,1
NC|901|Robinia pseudoacacia,NC,901,Robinia pseudoacacia,late,70_-164,101,1
NC|901|Robinia pseudoacacia,NC,901,Robinia pseudoacacia,late,70_-165,586,14
NC|901|Robinia pseudoacacia,NC,901,Robinia pseudoacacia,late,70_-166,1560,34
NC|901|Robinia pseudoacacia,NC,901,Robinia pseudoacacia,late,70_-167,1231,31
NC|901|Robinia pseudoacacia,NC,901,Robinia pseudoacacia,late,70_-168,684,16
NC|901|Robinia pseudoacacia,NC,901,Robinia pseudoacacia,late,70_-169,68,0
NC|901|Robinia pseudoacacia,NC,901,Robinia pseudoacacia,late,71_-151,20,0
NC|901|Robinia pseudoacacia,NC,901,Robinia pseudoacacia,late,71_-152,119,0
NC|901|Robinia pseudoacacia,NC,901,Robinia pseudoacacia,late,71_-153,23,0
NC|901|Robinia pseudoacacia,NC,901,Robinia pseudoacacia,late,71_-154,46,0
NC|901|Robinia pseudoacacia,NC,901,Robinia pseudoacacia,late,71_-155,131,0
NC|901|Robinia pseudoacacia,NC,901,Robinia pseudoacacia,late,71_-156,62,0
NC|901|Robinia pseudoacacia,NC,901,Robinia pseudoacacia,late,71_-157,563,2
NC|901|Robinia pseudoacacia,NC,901,Robinia pseudoacacia,late,71_-158,5141,31
NC|901|Robinia pseudoacacia,NC,901,Robinia pseudoacacia,late,71_-159,3247,24
NC|901|Robinia pseudoacacia,NC,901,Robinia pseudoacacia,late,71_-160,228,0
NC|901|Robinia pseudoacacia,NC,901,Robinia pseudoacacia,late,71_-161,299,3
NC|901|Robinia pseudoacacia,NC,901,Robinia pseudoacacia,late,71_-162,370,0
NC|901|Robinia pseudoacacia,NC,901,Robinia pseudoacacia,late,71_-163,844,15
NC|901|Robinia pseudoacacia,NC,901,Robinia pseudoacacia,late,71_-164,573,16
NC|901|Robinia pseudoacacia,NC,901,Robinia pseudoacacia,late,71_-165,1518,37
NC|901|Robinia pseudoacacia,NC,901,Robinia pseudoacacia,late,71_-166,1830,55
NC|901|Robinia pseudoacacia,NC,901,Robinia pseudoacacia,late,71_-167,520,12
NC|901|Robinia pseudoacacia,NC,901,Robinia pseudoacacia,late,71_-168,18,0
NC|901|Robinia pseudoacacia,NC,901,Robinia pseudoacacia,late,72_-152,405,1
NC|901|Robinia pseudoacacia,NC,901,Robinia pseudoacacia,late,72_-153,42,0
NC|901|Robinia pseudoacacia,NC,901,Robinia pseudoacacia,late,72_-154,43,2
NC|901|Robinia pseudoacacia,NC,901,Robinia pseudoacacia,late,72_-155,22,0
NC|901|Robinia pseudoacacia,NC,901,Robinia pseudoacacia,late,72_-156,61,0
NC|901|Robinia pseudoacacia,NC,901,Robinia pseudoacacia,late,72_-157,110,0
NC|901|Robinia pseudoacacia,NC,901,Robinia pseudoacacia,late,72_-158,1421,12
NC|901|Robinia pseudoacacia,NC,901,Robinia pseudoacacia,late,72_-159,1353,5
NC|901|Robinia pseudoacacia,NC,901,Robinia pseudoacacia,late,72_-160,1118,7
NC|901|Robinia pseudoacacia,NC,901,Robinia pseudoacacia,late,72_-161,788,3
NC|901|Robinia pseudoacacia,NC,901,Robinia pseudoacacia,late,72_-162,165,0
NC|901|Robinia pseudoacacia,NC,901,Robinia pseudoacacia,late,72_-163,489,11
NC|901|Robinia pseudoacacia,NC,901,Robinia pseudoacacia,late,72_-164,1835,51
NC|901|Robinia pseudoacacia,NC,901,Robinia pseudoacacia,late,72_-165,73,0
NC|901|Robinia pseudoacacia,NC,901,Robinia pseudoacacia,late,72_-166,12,0
NC|901|Robinia pseudoacacia,NC,901,Robinia pseudoacacia,late,73_-152,6,0
NC|901|Robinia pseudoacacia,NC,901,Robinia pseudoacacia,late,73_-153,15,0
NC|901|Robinia pseudoacacia,NC,901,Robinia pseudoacacia,late,73_-154,3,0
NC|901|Robinia pseudoacacia,NC,901,Robinia pseudoacacia,late,73_-155,2,0
NC|901|Robinia pseudoacacia,NC,901,Robinia pseudoacacia,late,73_-156,8,0
NC|901|Robinia pseudoacacia,NC,901,Robinia pseudoacacia,late,73_-157,3,0
NC|901|Robinia pseudoacacia,NC,901,Robinia pseudoacacia,late,73_-158,1,0
NC|901|Robinia pseudoacacia,NC,901,Robinia pseudoacacia,late,73_-159,5,0
NC|901|Robinia pseudoacacia,NC,901,Robinia pseudoacacia,late,73_-160,12,2
NC|901|Robinia pseudoacacia,NC,901,Robinia pseudoacacia,late,73_-161,2,0
NC|901|Robinia pseudoacacia,NC,901,Robinia pseudoacacia,late,73_-162,23,0
NC|901|Robinia pseudoacacia,NC,901,Robinia pseudoacacia,late,73_-163,21,1
NC|901|Robinia pseudoacacia,NC,901,Robinia pseudoacacia,late,73_-164,22,0
NC|931|Sassafras albidum,NC,931,Sassafras albidum,early,67_-156,3,0
NC|931|Sassafras albidum,NC,931,Sassafras albidum,early,67_-157,2,0
NC|931|Sassafras albidum,NC,931,Sassafras albidum,early,68_-156,22,2
NC|931|Sassafras albidum,NC,931,Sassafras albidum,early,68_-157,3,2
NC|931|Sassafras albidum,NC,931,Sassafras albidum,early,68_-159,9,2
NC|931|Sassafras albidum,NC,931,Sassafras albidum,early,69_-154,10,1
NC|931|Sassafras albidum,NC,931,Sassafras albidum,early,69_-155,2,0
NC|931|Sassafras albidum,NC,931,Sassafras albidum,early,69_-156,2,0
NC|931|Sassafras albidum,NC,931,Sassafras albidum,early,69_-158,4,2
NC|931|Sassafras albidum,NC,931,Sassafras albidum,early,69_-159,3,1
NC|931|Sassafras albidum,NC,931,Sassafras albidum,early,69_-162,6,0
NC|931|Sassafras albidum,NC,931,Sassafras albidum,early,70_-151,2,0
NC|931|Sassafras albidum,NC,931,Sassafras albidum,early,70_-152,6,0
NC|931|Sassafras albidum,NC,931,Sassafras albidum,early,70_-153,1,0
NC|931|Sassafras albidum,NC,931,Sassafras albidum,early,70_-154,7,1
NC|931|Sassafras albidum,NC,931,Sassafras albidum,early,70_-155,3,0
NC|931|Sassafras albidum,NC,931,Sassafras albidum,early,70_-157,1,0
NC|931|Sassafras albidum,NC,931,Sassafras albidum,early,70_-158,85,5
NC|931|Sassafras albidum,NC,931,Sassafras albidum,early,70_-159,26,5
NC|931|Sassafras albidum,NC,931,Sassafras albidum,early,70_-160,9,2
NC|931|Sassafras albidum,NC,931,Sassafras albidum,early,70_-161,47,1
NC|931|Sassafras albidum,NC,931,Sassafras albidum,early,70_-162,139,5
NC|931|Sassafras albidum,NC,931,Sassafras albidum,early,70_-163,24,3
NC|931|Sassafras albidum,NC,931,Sassafras albidum,early,70_-164,22,1
NC|931|Sassafras albidum,NC,931,Sassafras albidum,early,70_-165,32,3
NC|931|Sassafras albidum,NC,931,Sassafras albidum,early,70_-166,174,15
NC|931|Sassafras albidum,NC,931,Sassafras albidum,early,70_-167,109,7
NC|931|Sassafras albidum,NC,931,Sassafras albidum,early,70_-168,56,3
NC|931|Sassafras albidum,NC,931,Sassafras albidum,early,70_-169,11,1
NC|931|Sassafras albidum,NC,931,Sassafras albidum,early,71_-152,13,3
NC|931|Sassafras albidum,NC,931,Sassafras albidum,early,71_-153,7,1
NC|931|Sassafras albidum,NC,931,Sassafras albidum,early,71_-154,19,0
NC|931|Sassafras albidum,NC,931,Sassafras albidum,early,71_-155,2,0
NC|931|Sassafras albidum,NC,931,Sassafras albidum,early,71_-156,2,0
NC|931|Sassafras albidum,NC,931,Sassafras albidum,early,71_-157,53,2
NC|931|Sassafras albidum,NC,931,Sassafras albidum,early,71_-158,779,35
NC|931|Sassafras albidum,NC,931,Sassafras albidum,early,71_-159,545,28
NC|931|Sassafras albidum,NC,931,Sassafras albidum,early,71_-160,27,0
NC|931|Sassafras albidum,NC,931,Sassafras albidum,early,71_-161,10,0
NC|931|Sassafras albidum,NC,931,Sassafras albidum,early,71_-162,35,2
NC|931|Sassafras albidum,NC,931,Sassafras albidum,early,71_-163,54,8
NC|931|Sassafras albidum,NC,931,Sassafras albidum,early,71_-164,40,2
NC|931|Sassafras albidum,NC,931,Sassafras albidum,early,71_-165,213,14
NC|931|Sassafras albidum,NC,931,Sassafras albidum,early,71_-166,156,5
NC|931|Sassafras albidum,NC,931,Sassafras albidum,early,71_-167,102,8
NC|931|Sassafras albidum,NC,931,Sassafras albidum,early,71_-168,1,0
NC|931|Sassafras albidum,NC,931,Sassafras albidum,early,72_-152,15,3
NC|931|Sassafras albidum,NC,931,Sassafras albidum,early,72_-153,26,3
NC|931|Sassafras albidum,NC,931,Sassafras albidum,early,72_-154,7,0
NC|931|Sassafras albidum,NC,931,Sassafras albidum,early,72_-155,2,1
NC|931|Sassafras albidum,NC,931,Sassafras albidum,early,72_-157,16,2
NC|931|Sassafras albidum,NC,931,Sassafras albidum,early,72_-158,195,12
NC|931|Sassafras albidum,NC,931,Sassafras albidum,early,72_-159,156,9
NC|931|Sassafras albidum,NC,931,Sassafras albidum,early,72_-160,59,0
NC|931|Sassafras albidum,NC,931,Sassafras albidum,early,72_-161,41,3
NC|931|Sassafras albidum,NC,931,Sassafras albidum,early,72_-162,15,0
NC|931|Sassafras albidum,NC,931,Sassafras albidum,early,72_-163,18,2
NC|931|Sassafras albidum,NC,931,Sassafras albidum,early,72_-164,77,10
NC|931|Sassafras albidum,NC,931,Sassafras albidum,early,72_-165,14,0
NC|931|Sassafras albidum,NC,931,Sassafras albidum,early,73_-152,5,0
NC|931|Sassafras albidum,NC,931,Sassafras albidum,early,73_-153,3,0
NC|931|Sassafras albidum,NC,931,Sassafras albidum,early,73_-157,3,0
NC|931|Sassafras albidum,NC,931,Sassafras albidum,early,73_-164,1,0
NC|931|Sassafras albidum,NC,931,Sassafras albidum,late,67_-156,35,0
NC|931|Sassafras albidum,NC,931,Sassafras albidum,late,67_-157,55,2
NC|931|Sassafras albidum,NC,931,Sassafras albidum,late,67_-158,9,0
NC|931|Sassafras albidum,NC,931,Sassafras albidum,late,68_-155,2,0
NC|931|Sassafras albidum,NC,931,Sassafras albidum,late,68_-156,424,93
NC|931|Sassafras albidum,NC,931,Sassafras albidum,late,68_-157,50,10
NC|931|Sassafras albidum,NC,931,Sassafras albidum,late,68_-158,26,3
NC|931|Sassafras albidum,NC,931,Sassafras albidum,late,68_-159,5,1
NC|931|Sassafras albidum,NC,931,Sassafras albidum,late,69_-153,2,0
NC|931|Sassafras albidum,NC,931,Sassafras albidum,late,69_-154,178,34
NC|931|Sassafras albidum,NC,931,Sassafras albidum,late,69_-155,107,17
NC|931|Sassafras albidum,NC,931,Sassafras albidum,late,69_-156,21,4
NC|931|Sassafras albidum,NC,931,Sassafras albidum,late,69_-157,13,2
NC|931|Sassafras albidum,NC,931,Sassafras albidum,late,69_-158,35,6
NC|931|Sassafras albidum,NC,931,Sassafras albidum,late,69_-159,80,20
NC|931|Sassafras albidum,NC,931,Sassafras albidum,late,69_-160,62,16
NC|931|Sassafras albidum,NC,931,Sassafras albidum,late,69_-161,188,15
NC|931|Sassafras albidum,NC,931,Sassafras albidum,late,69_-162,85,4
NC|931|Sassafras albidum,NC,931,Sassafras albidum,late,69_-167,1,0
NC|931|Sassafras albidum,NC,931,Sassafras albidum,late,69_-168,4,2
NC|931|Sassafras albidum,NC,931,Sassafras albidum,late,69_-169,2,1
NC|931|Sassafras albidum,NC,931,Sassafras albidum,late,70_-151,10,0
NC|931|Sassafras albidum,NC,931,Sassafras albidum,late,70_-152,88,0
NC|931|Sassafras albidum,NC,931,Sassafras albidum,late,70_-153,8,1
NC|931|Sassafras albidum,NC,931,Sassafras albidum,late,70_-154,32,6
NC|931|Sassafras albidum,NC,931,Sassafras albidum,late,70_-155,59,9
NC|931|Sassafras albidum,NC,931,Sassafras albidum,late,70_-156,54,10
NC|931|Sassafras albidum,NC,931,Sassafras albidum,late,70_-157,22,3
NC|931|Sassafras albidum,NC,931,Sassafras albidum,late,70_-158,244,35
NC|931|Sassafras albidum,NC,931,Sassafras albidum,late,70_-159,307,80
NC|931|Sassafras albidum,NC,931,Sassafras albidum,late,70_-160,108,20
NC|931|Sassafras albidum,NC,931,Sassafras albidum,late,70_-161,287,18
NC|931|Sassafras albidum,NC,931,Sassafras albidum,late,70_-162,1286,40
NC|931|Sassafras albidum,NC,931,Sassafras albidum,late,70_-163,382,17
NC|931|Sassafras albidum,NC,931,Sassafras albidum,late,70_-164,101,9
NC|931|Sassafras albidum,NC,931,Sassafras albidum,late,70_-165,586,34
NC|931|Sassafras albidum,NC,931,Sassafras albidum,late,70_-166,1560,177
NC|931|Sassafras albidum,NC,931,Sassafras albidum,late,70_-167,1231,117
NC|931|Sassafras albidum,NC,931,Sassafras albidum,late,70_-168,684,70
NC|931|Sassafras albidum,NC,931,Sassafras albidum,late,70_-169,68,8
NC|931|Sassafras albidum,NC,931,Sassafras albidum,late,71_-151,20,0
NC|931|Sassafras albidum,NC,931,Sassafras albidum,late,71_-152,119,31
NC|931|Sassafras albidum,NC,931,Sassafras albidum,late,71_-153,23,0
NC|931|Sassafras albidum,NC,931,Sassafras albidum,late,71_-154,46,5
NC|931|Sassafras albidum,NC,931,Sassafras albidum,late,71_-155,131,17
NC|931|Sassafras albidum,NC,931,Sassafras albidum,late,71_-156,62,4
NC|931|Sassafras albidum,NC,931,Sassafras albidum,late,71_-157,563,30
NC|931|Sassafras albidum,NC,931,Sassafras albidum,late,71_-158,5141,162
NC|931|Sassafras albidum,NC,931,Sassafras albidum,late,71_-159,3247,96
NC|931|Sassafras albidum,NC,931,Sassafras albidum,late,71_-160,228,8
NC|931|Sassafras albidum,NC,931,Sassafras albidum,late,71_-161,299,15
NC|931|Sassafras albidum,NC,931,Sassafras albidum,late,71_-162,370,7
NC|931|Sassafras albidum,NC,931,Sassafras albidum,late,71_-163,844,58
NC|931|Sassafras albidum,NC,931,Sassafras albidum,late,71_-164,573,57
NC|931|Sassafras albidum,NC,931,Sassafras albidum,late,71_-165,1518,110
NC|931|Sassafras albidum,NC,931,Sassafras albidum,late,71_-166,1830,111
NC|931|Sassafras albidum,NC,931,Sassafras albidum,late,71_-167,520,23
NC|931|Sassafras albidum,NC,931,Sassafras albidum,late,71_-168,18,1
NC|931|Sassafras albidum,NC,931,Sassafras albidum,late,72_-152,405,86
NC|931|Sassafras albidum,NC,931,Sassafras albidum,late,72_-153,42,4
NC|931|Sassafras albidum,NC,931,Sassafras albidum,late,72_-154,43,4
NC|931|Sassafras albidum,NC,931,Sassafras albidum,late,72_-155,22,3
NC|931|Sassafras albidum,NC,931,Sassafras albidum,late,72_-156,61,2
NC|931|Sassafras albidum,NC,931,Sassafras albidum,late,72_-157,110,8
NC|931|Sassafras albidum,NC,931,Sassafras albidum,late,72_-158,1421,81
NC|931|Sassafras albidum,NC,931,Sassafras albidum,late,72_-159,1353,64
NC|931|Sassafras albidum,NC,931,Sassafras albidum,late,72_-160,1118,16
NC|931|Sassafras albidum,NC,931,Sassafras albidum,late,72_-161,788,64
NC|931|Sassafras albidum,NC,931,Sassafras albidum,late,72_-162,165,5
NC|931|Sassafras albidum,NC,931,Sassafras albidum,late,72_-163,489,36
NC|931|Sassafras albidum,NC,931,Sassafras albidum,late,72_-164,1835,108
NC|931|Sassafras albidum,NC,931,Sassafras albidum,late,72_-165,73,3
NC|931|Sassafras albidum,NC,931,Sassafras albidum,late,72_-166,12,0
NC|931|Sassafras albidum,NC,931,Sassafras albidum,late,73_-152,6,1
NC|931|Sassafras albidum,NC,931,Sassafras albidum,late,73_-153,15,1
NC|931|Sassafras albidum,NC,931,Sassafras albidum,late,73_-154,3,1
NC|931|Sassafras albidum,NC,931,Sassafras albidum,late,73_-155,2,0
NC|931|Sassafras albidum,NC,931,Sassafras albidum,late,73_-156,8,0
NC|931|Sassafras albidum,NC,931,Sassafras albidum,late,73_-157,3,0
NC|931|Sassafras albidum,NC,931,Sassafras albidum,late,73_-158,1,0
NC|931|Sassafras albidum,NC,931,Sassafras albidum,late,73_-159,5,0
NC|931|Sassafras albidum,NC,931,Sassafras albidum,late,73_-160,12,1
NC|931|Sassafras albidum,NC,931,Sassafras albidum,late,73_-161,2,0
NC|931|Sassafras albidum,NC,931,Sassafras albidum,late,73_-162,23,2
NC|931|Sassafras albidum,NC,931,Sassafras albidum,late,73_-163,21,3
NC|931|Sassafras albidum,NC,931,Sassafras albidum,late,73_-164,22,1
